Date,weekday,Visitors,Price,Discount,Coupon,RainProb,booking30,Course
2023-09-01,"Fri",209,9600,20,1,26,114,"GC01"
2023-09-02,"Sat",201,15000,0,0,16,148,"GC01"
2023-09-03,"Sun",205,14250,5,0,23,149,"GC01"
2023-09-04,"Mon",218,10200,15,1,4,108,"GC01"
2023-09-05,"Tue",163,11400,5,0,18,86,"GC01"
2023-09-06,"Wed",197,9600,20,1,32,104,"GC01"
2023-09-07,"Thu",178,10800,10,1,24,92,"GC01"
2023-09-08,"Fri",188,11400,5,1,7,100,"GC01"
2023-09-09,"Sat",211,15000,0,0,3,146,"GC01"
2023-09-10,"Sun",195,15000,0,0,13,143,"GC01"
2023-09-11,"Mon",165,12000,0,0,7,90,"GC01"
2023-09-12,"Tue",129,11400,5,1,67,62,"GC01"
2023-09-13,"Wed",184,10800,10,1,14,97,"GC01"
2023-09-14,"Thu",176,10200,15,1,47,92,"GC01"
2023-09-15,"Fri",157,12000,0,0,38,83,"GC01"
2023-09-16,"Sat",185,14250,5,0,45,127,"GC01"
2023-09-17,"Sun",200,13500,10,1,44,135,"GC01"
2023-09-18,"Mon",144,12000,0,1,33,63,"GC01"
2023-09-19,"Tue",155,12000,0,0,6,79,"GC01"
2023-09-20,"Wed",140,12000,0,0,12,65,"GC01"
2023-09-21,"Thu",152,12000,0,0,22,70,"GC01"
2023-09-22,"Fri",223,9600,20,1,20,110,"GC01"
2023-09-23,"Sat",213,12750,15,1,43,155,"GC01"
2023-09-24,"Sun",186,14250,5,0,45,137,"GC01"
2023-09-25,"Mon",163,10200,15,1,48,83,"GC01"
2023-09-26,"Tue",142,12000,0,0,24,77,"GC01"
2023-09-27,"Wed",170,12000,0,0,3,95,"GC01"
2023-09-28,"Thu",139,12000,0,1,45,72,"GC01"
2023-09-29,"Fri",183,11400,5,1,24,94,"GC01"
2023-09-30,"Sat",198,15000,0,0,9,145,"GC01"
2023-10-01,"Sun",250,12750,15,1,31,184,"GC01"
2023-10-02,"Mon",138,12000,0,0,43,72,"GC01"
2023-10-03,"Tue",226,10200,15,1,2,115,"GC01"
2023-10-04,"Wed",178,12000,0,1,28,92,"GC01"
2023-10-05,"Thu",201,10800,10,1,7,93,"GC01"
2023-10-06,"Fri",229,10200,15,1,14,120,"GC01"
2023-10-07,"Sat",230,13500,10,1,41,158,"GC01"
2023-10-08,"Sun",228,15000,0,1,8,154,"GC01"
2023-10-09,"Mon",180,12000,0,1,25,86,"GC01"
2023-10-10,"Tue",191,9600,20,1,53,103,"GC01"
2023-10-11,"Wed",220,10800,10,1,9,101,"GC01"
2023-10-12,"Thu",156,12000,0,0,31,78,"GC01"
2023-10-13,"Fri",203,10800,10,1,21,94,"GC01"
2023-10-14,"Sat",232,15000,0,0,12,161,"GC01"
2023-10-15,"Sun",238,12750,15,1,23,157,"GC01"
2023-10-16,"Mon",165,12000,0,0,24,81,"GC01"
2023-10-17,"Tue",172,12000,0,0,8,89,"GC01"
2023-10-18,"Wed",220,10800,10,1,17,124,"GC01"
2023-10-19,"Thu",228,10800,10,1,9,117,"GC01"
2023-10-20,"Fri",205,11400,5,0,13,102,"GC01"
2023-10-21,"Sat",194,15000,0,0,50,146,"GC01"
2023-10-22,"Sun",250,13500,10,1,11,164,"GC01"
2023-10-23,"Mon",206,10800,10,1,16,88,"GC01"
2023-10-24,"Tue",191,11400,5,0,35,92,"GC01"
2023-10-25,"Wed",203,9600,20,1,28,108,"GC01"
2023-10-26,"Thu",175,11400,5,0,35,86,"GC01"
2023-10-27,"Fri",229,10200,15,1,27,105,"GC01"
2023-10-28,"Sat",238,13500,10,1,27,173,"GC01"
2023-10-29,"Sun",197,15000,0,0,19,131,"GC01"
2023-10-30,"Mon",153,11400,5,0,51,68,"GC01"
2023-10-31,"Tue",166,12000,0,0,22,84,"GC01"
2023-11-01,"Wed",156,12000,0,0,17,76,"GC01"
2023-11-02,"Thu",126,12000,0,0,45,70,"GC01"
2023-11-03,"Fri",211,10200,15,1,25,105,"GC01"
2023-11-04,"Sat",250,12750,15,1,10,166,"GC01"
2023-11-05,"Sun",210,14250,5,0,37,148,"GC01"
2023-11-06,"Mon",166,10800,10,1,45,82,"GC01"
2023-11-07,"Tue",200,10800,10,1,13,98,"GC01"
2023-11-08,"Wed",180,10800,10,1,39,94,"GC01"
2023-11-09,"Thu",149,12000,0,0,27,74,"GC01"
2023-11-10,"Fri",216,10200,15,1,23,109,"GC01"
2023-11-11,"Sat",194,15000,0,1,59,140,"GC01"
2023-11-12,"Sun",221,14250,5,0,23,149,"GC01"
2023-11-13,"Mon",197,10800,10,1,13,98,"GC01"
2023-11-14,"Tue",187,11400,5,1,20,95,"GC01"
2023-11-15,"Wed",207,10800,10,1,7,106,"GC01"
2023-11-16,"Thu",191,10800,10,1,22,78,"GC01"
2023-11-17,"Fri",229,10800,10,1,6,106,"GC01"
2023-11-18,"Sat",218,15000,0,0,12,151,"GC01"
2023-11-19,"Sun",182,15000,0,0,45,128,"GC01"
2023-11-20,"Mon",165,10800,10,1,52,88,"GC01"
2023-11-21,"Tue",184,12000,0,0,3,94,"GC01"
2023-11-22,"Wed",152,12000,0,0,33,76,"GC01"
2023-11-23,"Thu",176,12000,0,0,17,88,"GC01"
2023-11-24,"Fri",170,12000,0,0,25,81,"GC01"
2023-11-25,"Sat",201,15000,0,0,39,138,"GC01"
2023-11-26,"Sun",207,12750,15,1,53,143,"GC01"
2023-11-27,"Mon",175,12000,0,0,6,83,"GC01"
2023-11-28,"Tue",176,11400,5,0,10,94,"GC01"
2023-11-29,"Wed",160,12000,0,0,17,86,"GC01"
2023-11-30,"Thu",159,10800,10,1,48,79,"GC01"
2023-12-01,"Fri",130,12000,0,0,46,58,"GC01"
2023-12-02,"Sat",204,15000,0,0,9,146,"GC01"
2023-12-03,"Sun",199,15000,0,0,23,141,"GC01"
2023-12-04,"Mon",125,11400,5,0,50,58,"GC01"
2023-12-05,"Tue",152,11400,5,0,34,71,"GC01"
2023-12-06,"Wed",189,10200,15,1,21,92,"GC01"
2023-12-07,"Thu",173,10200,15,1,34,96,"GC01"
2023-12-08,"Fri",166,12000,0,0,17,88,"GC01"
2023-12-09,"Sat",204,15000,0,0,18,143,"GC01"
2023-12-10,"Sun",166,15000,0,0,43,115,"GC01"
2023-12-11,"Mon",153,11400,5,1,50,77,"GC01"
2023-12-12,"Tue",168,11400,5,0,4,95,"GC01"
2023-12-13,"Wed",181,9600,20,1,49,93,"GC01"
2023-12-14,"Thu",187,11400,5,0,13,94,"GC01"
2023-12-15,"Fri",191,10800,10,1,20,93,"GC01"
2023-12-16,"Sat",233,12750,15,1,24,164,"GC01"
2023-12-17,"Sun",190,15000,0,0,20,134,"GC01"
2023-12-18,"Mon",145,12000,0,0,34,68,"GC01"
2023-12-19,"Tue",172,12000,0,0,16,91,"GC01"
2023-12-20,"Wed",126,12000,0,0,56,65,"GC01"
2023-12-21,"Thu",212,10200,15,1,5,102,"GC01"
2023-12-22,"Fri",204,10800,10,1,10,98,"GC01"
2023-12-23,"Sat",214,15000,0,0,4,154,"GC01"
2023-12-24,"Sun",204,13500,10,1,49,139,"GC01"
2023-12-25,"Mon",127,11400,5,0,44,70,"GC01"
2023-12-26,"Tue",150,12000,0,0,25,67,"GC01"
2023-12-27,"Wed",127,11400,5,1,74,68,"GC01"
2023-12-28,"Thu",204,9600,20,1,18,97,"GC01"
2023-12-29,"Fri",148,12000,0,0,51,74,"GC01"
2023-12-30,"Sat",218,14250,5,0,6,154,"GC01"
2023-12-31,"Sun",212,14250,5,0,12,146,"GC01"
2024-01-01,"Mon",147,11400,5,0,37,70,"GC01"
2024-01-02,"Tue",137,12000,0,0,43,73,"GC01"
2024-01-03,"Wed",185,10800,10,1,18,88,"GC01"
2024-01-04,"Thu",173,9600,20,1,50,88,"GC01"
2024-01-05,"Fri",199,12000,0,0,4,100,"GC01"
2024-01-06,"Sat",222,13500,10,1,12,156,"GC01"
2024-01-07,"Sun",189,15000,0,0,45,130,"GC01"
2024-01-08,"Mon",171,11400,5,0,4,86,"GC01"
2024-01-09,"Tue",159,11400,5,0,25,78,"GC01"
2024-01-10,"Wed",146,12000,0,0,27,66,"GC01"
2024-01-11,"Thu",140,12000,0,0,32,67,"GC01"
2024-01-12,"Fri",176,12000,0,0,11,82,"GC01"
2024-01-13,"Sat",205,13500,10,1,29,136,"GC01"
2024-01-14,"Sun",202,15000,0,0,15,146,"GC01"
2024-01-15,"Mon",187,10800,10,1,4,94,"GC01"
2024-01-16,"Tue",177,10200,15,1,44,87,"GC01"
2024-01-17,"Wed",172,12000,0,0,10,86,"GC01"
2024-01-18,"Thu",132,12000,0,0,38,59,"GC01"
2024-01-19,"Fri",181,10800,10,1,46,92,"GC01"
2024-01-20,"Sat",202,14250,5,1,46,142,"GC01"
2024-01-21,"Sun",187,15000,0,0,16,133,"GC01"
2024-01-22,"Mon",188,10800,10,1,20,96,"GC01"
2024-01-23,"Tue",105,12000,0,0,67,52,"GC01"
2024-01-24,"Wed",151,12000,0,0,21,69,"GC01"
2024-01-25,"Thu",135,11400,5,0,21,62,"GC01"
2024-01-26,"Fri",187,10800,10,1,31,96,"GC01"
2024-01-27,"Sat",193,14250,5,0,34,133,"GC01"
2024-01-28,"Sun",245,12750,15,1,21,176,"GC01"
2024-01-29,"Mon",160,11400,5,0,34,70,"GC01"
2024-01-30,"Tue",165,12000,0,0,6,78,"GC01"
2024-01-31,"Wed",154,12000,0,1,30,71,"GC01"
2024-02-01,"Thu",177,10200,15,1,40,87,"GC01"
2024-02-02,"Fri",192,10800,10,1,41,90,"GC01"
2024-02-03,"Sat",197,14250,5,0,25,136,"GC01"
2024-02-04,"Sun",179,14250,5,1,49,135,"GC01"
2024-02-05,"Mon",180,10800,10,1,13,93,"GC01"
2024-02-06,"Tue",134,12000,0,0,35,66,"GC01"
2024-02-07,"Wed",126,12000,0,1,44,58,"GC01"
2024-02-08,"Thu",156,12000,0,0,19,71,"GC01"
2024-02-09,"Fri",164,11400,5,0,35,80,"GC01"
2024-02-10,"Sat",211,12750,15,1,49,141,"GC01"
2024-02-11,"Sun",202,15000,0,0,16,146,"GC01"
2024-02-12,"Mon",167,10800,10,1,44,86,"GC01"
2024-02-13,"Tue",152,12000,0,0,15,74,"GC01"
2024-02-14,"Wed",148,12000,0,0,19,77,"GC01"
2024-02-15,"Thu",171,11400,5,0,9,83,"GC01"
2024-02-16,"Fri",220,10200,15,1,10,115,"GC01"
2024-02-17,"Sat",186,15000,0,0,26,126,"GC01"
2024-02-18,"Sun",211,14250,5,0,11,151,"GC01"
2024-02-19,"Mon",198,10800,10,1,23,100,"GC01"
2024-02-20,"Tue",167,12000,0,0,10,88,"GC01"
2024-02-21,"Wed",189,10800,10,1,0,97,"GC01"
2024-02-22,"Thu",133,11400,5,0,43,74,"GC01"
2024-02-23,"Fri",126,12000,0,0,48,57,"GC01"
2024-02-24,"Sat",216,14250,5,0,8,153,"GC01"
2024-02-25,"Sun",230,13500,10,1,18,165,"GC01"
2024-02-26,"Mon",180,11400,5,0,5,87,"GC01"
2024-02-27,"Tue",196,10200,15,1,23,94,"GC01"
2024-02-28,"Wed",158,12000,0,1,13,82,"GC01"
2024-02-29,"Thu",162,10800,10,1,41,81,"GC01"
2024-03-01,"Fri",209,10800,10,1,6,103,"GC01"
2024-03-02,"Sat",211,15000,0,0,24,149,"GC01"
2024-03-03,"Sun",250,12000,20,1,0,176,"GC01"
2024-03-04,"Mon",173,12000,0,0,6,83,"GC01"
2024-03-05,"Tue",182,12000,0,0,14,96,"GC01"
2024-03-06,"Wed",158,12000,0,1,23,78,"GC01"
2024-03-07,"Thu",143,12000,0,0,43,59,"GC01"
2024-03-08,"Fri",219,9600,20,1,32,99,"GC01"
2024-03-09,"Sat",224,14250,5,0,16,158,"GC01"
2024-03-10,"Sun",249,13500,10,1,8,180,"GC01"
2024-03-11,"Mon",160,10800,10,1,43,80,"GC01"
2024-03-12,"Tue",136,12000,0,0,33,69,"GC01"
2024-03-13,"Wed",167,11400,5,0,32,78,"GC01"
2024-03-14,"Thu",195,9600,20,1,51,107,"GC01"
2024-03-15,"Fri",172,12000,0,0,49,83,"GC01"
2024-03-16,"Sat",213,14250,5,0,31,137,"GC01"
2024-03-17,"Sun",222,15000,0,0,5,153,"GC01"
2024-03-18,"Mon",156,12000,0,0,36,70,"GC01"
2024-03-19,"Tue",159,12000,0,0,27,81,"GC01"
2024-03-20,"Wed",204,9600,20,1,19,103,"GC01"
2024-03-21,"Thu",156,12000,0,0,38,79,"GC01"
2024-03-22,"Fri",180,10200,15,1,46,93,"GC01"
2024-03-23,"Sat",206,14250,5,0,31,140,"GC01"
2024-03-24,"Sun",197,15000,0,1,27,128,"GC01"
2024-03-25,"Mon",184,11400,5,0,6,94,"GC01"
2024-03-26,"Tue",163,12000,0,0,19,86,"GC01"
2024-03-27,"Wed",134,12000,0,0,51,68,"GC01"
2024-03-28,"Thu",207,10200,15,1,13,103,"GC01"
2024-03-29,"Fri",228,10800,10,1,12,109,"GC01"
2024-03-30,"Sat",225,14250,5,0,14,152,"GC01"
2024-03-31,"Sun",220,15000,0,1,4,146,"GC01"
2024-04-01,"Mon",166,12000,0,0,33,79,"GC01"
2024-04-02,"Tue",172,10800,10,1,55,84,"GC01"
2024-04-03,"Wed",174,11400,5,0,22,86,"GC01"
2024-04-04,"Thu",236,9600,20,1,9,108,"GC01"
2024-04-05,"Fri",216,12000,0,0,8,110,"GC01"
2024-04-06,"Sat",208,13500,10,1,62,141,"GC01"
2024-04-07,"Sun",217,15000,0,0,25,154,"GC01"
2024-04-08,"Mon",189,10800,10,1,29,92,"GC01"
2024-04-09,"Tue",177,11400,5,0,17,94,"GC01"
2024-04-10,"Wed",180,12000,0,0,13,81,"GC01"
2024-04-11,"Thu",158,11400,5,0,30,75,"GC01"
2024-04-12,"Fri",204,10200,15,1,50,105,"GC01"
2024-04-13,"Sat",222,13500,10,1,52,167,"GC01"
2024-04-14,"Sun",250,12750,15,1,26,173,"GC01"
2024-04-15,"Mon",169,12000,0,0,31,78,"GC01"
2024-04-16,"Tue",144,12000,0,0,42,69,"GC01"
2024-04-17,"Wed",177,11400,5,0,10,90,"GC01"
2024-04-18,"Thu",218,11400,5,1,0,114,"GC01"
2024-04-19,"Fri",208,10200,15,1,40,103,"GC01"
2024-04-20,"Sat",198,15000,0,0,36,137,"GC01"
2024-04-21,"Sun",226,15000,0,0,12,157,"GC01"
2024-04-22,"Mon",150,12000,0,0,28,70,"GC01"
2024-04-23,"Tue",208,10800,10,1,8,95,"GC01"
2024-04-24,"Wed",188,11400,5,1,23,92,"GC01"
2024-04-25,"Thu",163,11400,5,0,29,75,"GC01"
2024-04-26,"Fri",211,12000,0,1,16,110,"GC01"
2024-04-27,"Sat",246,12750,15,1,25,171,"GC01"
2024-04-28,"Sun",250,13500,10,1,29,166,"GC01"
2024-04-29,"Mon",173,12000,0,0,25,79,"GC01"
2024-04-30,"Tue",152,12000,0,0,23,78,"GC01"
2024-05-01,"Wed",180,12000,0,0,9,79,"GC01"
2024-05-02,"Thu",196,12000,0,1,13,97,"GC01"
2024-05-03,"Fri",230,10800,10,1,23,108,"GC01"
2024-05-04,"Sat",204,15000,0,0,33,142,"GC01"
2024-05-05,"Sun",213,13500,10,1,56,152,"GC01"
2024-05-06,"Mon",199,12000,0,1,9,99,"GC01"
2024-05-07,"Tue",177,12000,0,0,26,86,"GC01"
2024-05-08,"Wed",151,12000,0,0,30,75,"GC01"
2024-05-09,"Thu",179,12000,0,0,12,86,"GC01"
2024-05-10,"Fri",209,11400,5,0,11,102,"GC01"
2024-05-11,"Sat",217,14250,5,0,50,149,"GC01"
2024-05-12,"Sun",236,13500,10,1,31,160,"GC01"
2024-05-13,"Mon",203,10200,15,1,26,103,"GC01"
2024-05-14,"Tue",156,11400,5,0,51,66,"GC01"
2024-05-15,"Wed",176,11400,5,0,16,84,"GC01"
2024-05-16,"Thu",150,11400,5,0,47,76,"GC01"
2024-05-17,"Fri",194,10200,15,1,59,97,"GC01"
2024-05-18,"Sat",222,15000,0,0,23,152,"GC01"
2024-05-19,"Sun",210,15000,0,0,36,142,"GC01"
2024-05-20,"Mon",207,10800,10,1,9,101,"GC01"
2024-05-21,"Tue",196,10200,15,1,41,106,"GC01"
2024-05-22,"Wed",190,10800,10,1,31,90,"GC01"
2024-05-23,"Thu",174,12000,0,1,30,87,"GC01"
2024-05-24,"Fri",184,12000,0,1,44,93,"GC01"
2024-05-25,"Sat",250,12750,15,1,19,176,"GC01"
2024-05-26,"Sun",198,14250,5,0,58,141,"GC01"
2024-05-27,"Mon",157,12000,0,0,31,82,"GC01"
2024-05-28,"Tue",172,12000,0,0,30,86,"GC01"
2024-05-29,"Wed",180,11400,5,0,16,97,"GC01"
2024-05-30,"Thu",204,10200,15,1,38,113,"GC01"
2024-05-31,"Fri",242,10200,15,1,9,129,"GC01"
2024-06-01,"Sat",215,14250,5,0,8,132,"GC01"
2024-06-02,"Sun",181,15000,0,1,44,121,"GC01"
2024-06-03,"Mon",205,10800,10,1,11,92,"GC01"
2024-06-04,"Tue",145,12000,0,0,24,73,"GC01"
2024-06-05,"Wed",185,12000,0,1,9,98,"GC01"
2024-06-06,"Thu",144,12000,0,0,40,79,"GC01"
2024-06-07,"Fri",207,11400,5,0,5,102,"GC01"
2024-06-08,"Sat",200,14250,5,0,32,144,"GC01"
2024-06-09,"Sun",186,15000,0,0,30,118,"GC01"
2024-06-10,"Mon",208,9600,20,1,9,125,"GC01"
2024-06-11,"Tue",149,12000,0,0,24,78,"GC01"
2024-06-12,"Wed",158,10800,10,1,32,81,"GC01"
2024-06-13,"Thu",170,11400,5,0,9,77,"GC01"
2024-06-14,"Fri",221,10800,10,1,10,114,"GC01"
2024-06-15,"Sat",213,13500,10,1,37,155,"GC01"
2024-06-16,"Sun",211,15000,0,1,20,147,"GC01"
2024-06-17,"Mon",188,10800,10,1,11,96,"GC01"
2024-06-18,"Tue",161,10200,15,1,46,88,"GC01"
2024-06-19,"Wed",164,12000,0,0,10,81,"GC01"
2024-06-20,"Thu",149,10800,10,1,47,64,"GC01"
2024-06-21,"Fri",156,10200,15,1,68,78,"GC01"
2024-06-22,"Sat",207,15000,0,0,18,146,"GC01"
2024-06-23,"Sun",180,15000,0,0,35,135,"GC01"
2024-06-24,"Mon",130,11400,5,0,50,64,"GC01"
2024-06-25,"Tue",124,12000,0,0,44,58,"GC01"
2024-06-26,"Wed",151,11400,5,1,42,84,"GC01"
2024-06-27,"Thu",125,12000,0,0,50,58,"GC01"
2024-06-28,"Fri",168,11400,5,0,23,78,"GC01"
2024-06-29,"Sat",178,15000,0,0,43,123,"GC01"
2024-06-30,"Sun",214,15000,0,1,16,142,"GC01"
2024-07-01,"Mon",166,10800,10,1,32,77,"GC01"
2024-07-02,"Tue",138,11400,5,0,44,73,"GC01"
2024-07-03,"Wed",167,11400,5,0,38,84,"GC01"
2024-07-04,"Thu",152,12000,0,0,14,69,"GC01"
2024-07-05,"Fri",178,10200,15,1,24,91,"GC01"
2024-07-06,"Sat",198,15000,0,0,26,130,"GC01"
2024-07-07,"Sun",195,15000,0,0,19,136,"GC01"
2024-07-08,"Mon",214,9600,20,1,16,106,"GC01"
2024-07-09,"Tue",149,11400,5,0,32,71,"GC01"
2024-07-10,"Wed",197,10200,15,1,30,93,"GC01"
2024-07-11,"Thu",153,12000,0,0,37,74,"GC01"
2024-07-12,"Fri",180,12000,0,0,25,85,"GC01"
2024-07-13,"Sat",215,14250,5,0,28,147,"GC01"
2024-07-14,"Sun",185,15000,0,0,37,123,"GC01"
2024-07-15,"Mon",181,10200,15,1,46,87,"GC01"
2024-07-16,"Tue",132,11400,5,0,29,62,"GC01"
2024-07-17,"Wed",175,10800,10,1,26,83,"GC01"
2024-07-18,"Thu",168,10800,10,1,33,74,"GC01"
2024-07-19,"Fri",181,10200,15,1,63,92,"GC01"
2024-07-20,"Sat",197,15000,0,0,23,141,"GC01"
2024-07-21,"Sun",196,15000,0,0,24,139,"GC01"
2024-07-22,"Mon",190,10200,15,1,25,95,"GC01"
2024-07-23,"Tue",185,10200,15,1,31,90,"GC01"
2024-07-24,"Wed",169,12000,0,0,9,83,"GC01"
2024-07-25,"Thu",167,10800,10,1,29,78,"GC01"
2024-07-26,"Fri",169,12000,0,0,11,86,"GC01"
2024-07-27,"Sat",179,15000,0,0,37,124,"GC01"
2024-07-28,"Sun",205,15000,0,0,6,139,"GC01"
2024-07-29,"Mon",168,11400,5,0,27,80,"GC01"
2024-07-30,"Tue",149,12000,0,0,26,72,"GC01"
2024-07-31,"Wed",165,10800,10,1,25,80,"GC01"
2024-08-01,"Thu",156,11400,5,0,36,82,"GC01"
2024-08-02,"Fri",159,12000,0,0,21,82,"GC01"
2024-08-03,"Sat",191,15000,0,0,33,136,"GC01"
2024-08-04,"Sun",217,15000,0,0,7,152,"GC01"
2024-08-05,"Mon",116,11400,5,1,77,57,"GC01"
2024-08-06,"Tue",157,12000,0,1,8,76,"GC01"
2024-08-07,"Wed",179,10800,10,1,22,90,"GC01"
2024-08-08,"Thu",146,11400,5,0,28,69,"GC01"
2024-08-09,"Fri",196,12000,0,0,10,106,"GC01"
2024-08-10,"Sat",163,15000,0,0,64,123,"GC01"
2024-08-11,"Sun",195,13500,10,1,44,145,"GC01"
2024-08-12,"Mon",171,11400,5,0,18,85,"GC01"
2024-08-13,"Tue",165,12000,0,0,15,85,"GC01"
2024-08-14,"Wed",145,11400,5,0,30,72,"GC01"
2024-08-15,"Thu",181,11400,5,1,5,88,"GC01"
2024-08-16,"Fri",138,12000,0,0,54,64,"GC01"
2024-08-17,"Sat",223,13500,10,1,22,159,"GC01"
2024-08-18,"Sun",202,15000,0,0,25,136,"GC01"
2024-08-19,"Mon",142,12000,0,0,38,71,"GC01"
2024-08-20,"Tue",193,10200,15,1,19,108,"GC01"
2024-08-21,"Wed",141,12000,0,0,47,71,"GC01"
2024-08-22,"Thu",138,12000,0,0,28,65,"GC01"
2024-08-23,"Fri",179,11400,5,0,15,93,"GC01"
2024-08-24,"Sat",239,12750,15,1,22,171,"GC01"
2024-08-25,"Sun",196,15000,0,0,34,135,"GC01"
2024-08-26,"Mon",140,12000,0,0,37,66,"GC01"
2024-08-27,"Tue",169,11400,5,1,11,82,"GC01"
2024-08-28,"Wed",118,12000,0,0,45,57,"GC01"
2024-08-29,"Thu",195,10200,15,1,9,102,"GC01"
2024-08-30,"Fri",148,12000,0,0,29,77,"GC01"
2024-08-31,"Sat",161,15000,0,0,49,114,"GC01"
2024-09-01,"Sun",167,15000,0,0,59,123,"GC01"
2024-09-02,"Mon",166,12000,0,0,10,78,"GC01"
2024-09-03,"Tue",198,10800,10,1,6,105,"GC01"
2024-09-04,"Wed",151,12000,0,1,36,61,"GC01"
2024-09-05,"Thu",156,12000,0,0,8,74,"GC01"
2024-09-06,"Fri",151,12000,0,0,53,72,"GC01"
2024-09-07,"Sat",185,15000,0,0,30,123,"GC01"
2024-09-08,"Sun",219,12750,15,1,22,151,"GC01"
2024-09-09,"Mon",114,12000,0,0,39,57,"GC01"
2024-09-10,"Tue",181,10800,10,1,37,94,"GC01"
2024-09-11,"Wed",160,11400,5,0,35,84,"GC01"
2024-09-12,"Thu",176,10800,10,1,33,85,"GC01"
2024-09-13,"Fri",196,11400,5,0,17,88,"GC01"
2024-09-14,"Sat",246,13500,10,1,14,168,"GC01"
2024-09-15,"Sun",167,15000,0,0,34,119,"GC01"
2024-09-16,"Mon",154,10800,10,1,54,81,"GC01"
2024-09-17,"Tue",147,12000,0,0,23,72,"GC01"
2024-09-18,"Wed",123,12000,0,0,48,61,"GC01"
2024-09-19,"Thu",141,12000,0,0,26,74,"GC01"
2024-09-20,"Fri",166,12000,0,1,33,85,"GC01"
2024-09-21,"Sat",217,15000,0,0,4,154,"GC01"
2024-09-22,"Sun",209,14250,5,0,9,143,"GC01"
2024-09-23,"Mon",132,12000,0,0,38,64,"GC01"
2024-09-24,"Tue",169,12000,0,1,24,82,"GC01"
2024-09-25,"Wed",163,12000,0,0,12,93,"GC01"
2024-09-26,"Thu",191,11400,5,0,10,96,"GC01"
2024-09-27,"Fri",186,11400,5,0,16,90,"GC01"
2024-09-28,"Sat",195,13500,10,1,68,133,"GC01"
2024-09-29,"Sun",223,12750,15,1,34,153,"GC01"
2024-09-30,"Mon",151,12000,0,0,13,80,"GC01"
2024-10-01,"Tue",190,11400,5,0,6,93,"GC01"
2024-10-02,"Wed",190,10200,15,1,39,90,"GC01"
2024-10-03,"Thu",192,10800,10,1,43,92,"GC01"
2024-10-04,"Fri",214,12000,0,0,3,112,"GC01"
2024-10-05,"Sat",207,13500,10,1,58,144,"GC01"
2024-10-06,"Sun",185,15000,0,0,61,139,"GC01"
2024-10-07,"Mon",160,12000,0,0,29,66,"GC01"
2024-10-08,"Tue",167,12000,0,0,19,77,"GC01"
2024-10-09,"Wed",173,11400,5,0,26,85,"GC01"
2024-10-10,"Thu",159,12000,0,0,16,72,"GC01"
2024-10-11,"Fri",221,10200,15,1,29,118,"GC01"
2024-10-12,"Sat",232,15000,0,0,17,156,"GC01"
2024-10-13,"Sun",209,14250,5,0,22,142,"GC01"
2024-10-14,"Mon",224,9600,20,1,25,104,"GC01"
2024-10-15,"Tue",175,12000,0,0,6,100,"GC01"
2024-10-16,"Wed",222,10200,15,1,11,116,"GC01"
2024-10-17,"Thu",171,12000,0,0,25,79,"GC01"
2024-10-18,"Fri",192,10200,15,1,57,101,"GC01"
2024-10-19,"Sat",213,15000,0,0,22,138,"GC01"
2024-10-20,"Sun",213,13500,10,1,46,152,"GC01"
2024-10-21,"Mon",203,10800,10,1,20,95,"GC01"
2024-10-22,"Tue",201,10200,15,1,32,95,"GC01"
2024-10-23,"Wed",157,12000,0,0,23,77,"GC01"
2024-10-24,"Thu",180,11400,5,1,21,99,"GC01"
2024-10-25,"Fri",217,11400,5,1,25,108,"GC01"
2024-10-26,"Sat",226,14250,5,0,26,158,"GC01"
2024-10-27,"Sun",250,12750,15,1,24,177,"GC01"
2024-10-28,"Mon",206,10200,15,1,20,95,"GC01"
2024-10-29,"Tue",167,12000,0,0,31,78,"GC01"
2024-10-30,"Wed",182,11400,5,0,21,95,"GC01"
2024-10-31,"Thu",181,11400,5,1,29,85,"GC01"
2024-11-01,"Fri",225,10200,15,1,28,91,"GC01"
2024-11-02,"Sat",169,15000,0,0,54,108,"GC01"
2024-11-03,"Sun",214,15000,0,1,23,150,"GC01"
2024-11-04,"Mon",176,10800,10,1,37,93,"GC01"
2024-11-05,"Tue",185,11400,5,0,18,99,"GC01"
2024-11-06,"Wed",156,11400,5,0,54,80,"GC01"
2024-11-07,"Thu",227,10800,10,1,1,119,"GC01"
2024-11-08,"Fri",212,10800,10,1,21,113,"GC01"
2024-11-09,"Sat",224,15000,0,1,21,158,"GC01"
2024-11-10,"Sun",219,13500,10,1,34,158,"GC01"
2024-11-11,"Mon",193,10200,15,1,43,98,"GC01"
2024-11-12,"Tue",148,11400,5,0,34,67,"GC01"
2024-11-13,"Wed",155,11400,5,0,62,81,"GC01"
2024-11-14,"Thu",177,10200,15,1,57,90,"GC01"
2024-11-15,"Fri",185,11400,5,0,29,97,"GC01"
2024-11-16,"Sat",242,15000,0,1,12,159,"GC01"
2024-11-17,"Sun",234,13500,10,1,36,158,"GC01"
2024-11-18,"Mon",167,12000,0,0,21,81,"GC01"
2024-11-19,"Tue",110,12000,0,0,77,54,"GC01"
2024-11-20,"Wed",173,10200,15,1,57,81,"GC01"
2024-11-21,"Thu",163,12000,0,0,10,77,"GC01"
2024-11-22,"Fri",192,12000,0,0,14,111,"GC01"
2024-11-23,"Sat",213,14250,5,0,26,151,"GC01"
2024-11-24,"Sun",200,15000,0,0,28,130,"GC01"
2024-11-25,"Mon",153,12000,0,0,27,70,"GC01"
2024-11-26,"Tue",146,11400,5,0,36,69,"GC01"
2024-11-27,"Wed",192,10200,15,1,30,95,"GC01"
2024-11-28,"Thu",184,10800,10,1,52,97,"GC01"
2024-11-29,"Fri",180,12000,0,0,34,87,"GC01"
2024-11-30,"Sat",211,15000,0,0,12,144,"GC01"
2024-12-01,"Sun",190,15000,0,0,21,135,"GC01"
2024-12-02,"Mon",171,10800,10,1,21,79,"GC01"
2024-12-03,"Tue",149,11400,5,0,16,72,"GC01"
2024-12-04,"Wed",134,11400,5,0,39,70,"GC01"
2024-12-05,"Thu",138,10800,10,1,70,64,"GC01"
2024-12-06,"Fri",183,12000,0,0,17,90,"GC01"
2024-12-07,"Sat",181,13500,10,1,59,124,"GC01"
2024-12-08,"Sun",206,15000,0,0,18,151,"GC01"
2024-12-09,"Mon",150,11400,5,0,24,71,"GC01"
2024-12-10,"Tue",152,10800,10,1,55,71,"GC01"
2024-12-11,"Wed",179,11400,5,1,19,83,"GC01"
2024-12-12,"Thu",147,10800,10,1,62,72,"GC01"
2024-12-13,"Fri",138,12000,0,0,39,66,"GC01"
2024-12-14,"Sat",217,14250,5,1,8,159,"GC01"
2024-12-15,"Sun",218,15000,0,0,9,152,"GC01"
2024-12-16,"Mon",140,12000,0,0,46,68,"GC01"
2024-12-17,"Tue",182,10800,10,1,14,107,"GC01"
2024-12-18,"Wed",156,12000,0,1,31,85,"GC01"
2024-12-19,"Thu",124,12000,0,0,46,60,"GC01"
2024-12-20,"Fri",227,10800,10,1,14,106,"GC01"
2024-12-21,"Sat",202,15000,0,0,9,154,"GC01"
2024-12-22,"Sun",214,14250,5,0,11,149,"GC01"
2024-12-23,"Mon",149,11400,5,0,40,80,"GC01"
2024-12-24,"Tue",159,11400,5,0,29,83,"GC01"
2024-12-25,"Wed",193,9600,20,1,17,89,"GC01"
2024-12-26,"Thu",168,11400,5,1,20,85,"GC01"
2024-12-27,"Fri",172,12000,0,0,20,93,"GC01"
2024-12-28,"Sat",188,15000,0,0,23,128,"GC01"
2024-12-29,"Sun",220,13500,10,1,38,152,"GC01"
2024-12-30,"Mon",149,12000,0,0,17,75,"GC01"
2024-12-31,"Tue",166,12000,0,0,7,77,"GC01"
2025-01-01,"Wed",104,12000,0,0,68,47,"GC01"
2025-01-02,"Thu",124,11400,5,0,48,62,"GC01"
2025-01-03,"Fri",165,12000,0,0,18,77,"GC01"
2025-01-04,"Sat",190,15000,0,0,32,131,"GC01"
2025-01-05,"Sun",199,15000,0,0,15,140,"GC01"
2025-01-06,"Mon",161,12000,0,0,13,84,"GC01"
2025-01-07,"Tue",170,10800,10,1,29,86,"GC01"
2025-01-08,"Wed",159,12000,0,1,30,76,"GC01"
2025-01-09,"Thu",157,12000,0,1,25,79,"GC01"
2025-01-10,"Fri",223,9600,20,1,26,106,"GC01"
2025-01-11,"Sat",202,14250,5,0,18,149,"GC01"
2025-01-12,"Sun",229,12750,15,1,29,154,"GC01"
2025-01-13,"Mon",177,10800,10,1,12,83,"GC01"
2025-01-14,"Tue",223,9600,20,1,1,115,"GC01"
2025-01-15,"Wed",152,11400,5,0,34,67,"GC01"
2025-01-16,"Thu",137,12000,0,0,54,68,"GC01"
2025-01-17,"Fri",209,10800,10,1,27,111,"GC01"
2025-01-18,"Sat",243,12750,15,1,7,157,"GC01"
2025-01-19,"Sun",200,15000,0,0,25,136,"GC01"
2025-01-20,"Mon",154,12000,0,1,17,73,"GC01"
2025-01-21,"Tue",150,11400,5,1,48,72,"GC01"
2025-01-22,"Wed",185,9600,20,1,23,92,"GC01"
2025-01-23,"Thu",203,10200,15,1,2,107,"GC01"
2025-01-24,"Fri",182,12000,0,0,6,94,"GC01"
2025-01-25,"Sat",201,15000,0,1,26,136,"GC01"
2025-01-26,"Sun",221,12750,15,1,36,152,"GC01"
2025-01-27,"Mon",194,10200,15,1,5,95,"GC01"
2025-01-28,"Tue",168,10200,15,1,42,87,"GC01"
2025-01-29,"Wed",202,10800,10,1,11,96,"GC01"
2025-01-30,"Thu",141,12000,0,0,27,60,"GC01"
2025-01-31,"Fri",175,12000,0,0,22,79,"GC01"
2025-02-01,"Sat",215,14250,5,1,22,148,"GC01"
2025-02-02,"Sun",196,15000,0,0,44,137,"GC01"
2025-02-03,"Mon",202,9600,20,1,20,89,"GC01"
2025-02-04,"Tue",143,12000,0,0,30,64,"GC01"
2025-02-05,"Wed",186,10800,10,1,24,98,"GC01"
2025-02-06,"Thu",154,12000,0,0,8,79,"GC01"
2025-02-07,"Fri",162,11400,5,0,49,73,"GC01"
2025-02-08,"Sat",237,14250,5,1,1,165,"GC01"
2025-02-09,"Sun",197,14250,5,0,31,133,"GC01"
2025-02-10,"Mon",127,12000,0,0,35,57,"GC01"
2025-02-11,"Tue",202,10200,15,1,5,96,"GC01"
2025-02-12,"Wed",166,10200,15,1,48,74,"GC01"
2025-02-13,"Thu",158,10800,10,1,51,73,"GC01"
2025-02-14,"Fri",197,10800,10,1,21,109,"GC01"
2025-02-15,"Sat",195,14250,5,0,23,144,"GC01"
2025-02-16,"Sun",205,13500,10,1,47,141,"GC01"
2025-02-17,"Mon",136,12000,0,0,34,75,"GC01"
2025-02-18,"Tue",191,10800,10,1,13,95,"GC01"
2025-02-19,"Wed",136,12000,0,0,35,69,"GC01"
2025-02-20,"Thu",159,12000,0,1,23,78,"GC01"
2025-02-21,"Fri",146,10800,10,1,75,75,"GC01"
2025-02-22,"Sat",223,12750,15,1,39,162,"GC01"
2025-02-23,"Sun",186,15000,0,0,23,133,"GC01"
2025-02-24,"Mon",172,12000,0,1,3,83,"GC01"
2025-02-25,"Tue",196,10800,10,1,21,91,"GC01"
2025-02-26,"Wed",132,12000,0,1,44,65,"GC01"
2025-02-27,"Thu",154,12000,0,0,35,68,"GC01"
2025-02-28,"Fri",186,11400,5,0,2,100,"GC01"
2025-03-01,"Sat",212,15000,0,0,20,142,"GC01"
2025-03-02,"Sun",229,13500,10,1,19,177,"GC01"
2025-03-03,"Mon",124,12000,0,0,58,62,"GC01"
2025-03-04,"Tue",169,12000,0,0,19,86,"GC01"
2025-03-05,"Wed",212,10200,15,1,19,107,"GC01"
2025-03-06,"Thu",191,10200,15,1,20,93,"GC01"
2025-03-07,"Fri",219,10800,10,1,24,115,"GC01"
2025-03-08,"Sat",178,15000,0,0,46,123,"GC01"
2025-03-09,"Sun",183,14250,5,0,52,125,"GC01"
2025-03-10,"Mon",210,10200,15,1,21,96,"GC01"
2025-03-11,"Tue",165,11400,5,0,37,79,"GC01"
2025-03-12,"Wed",151,12000,0,0,29,78,"GC01"
2025-03-13,"Thu",180,11400,5,0,19,88,"GC01"
2025-03-14,"Fri",200,12000,0,1,23,94,"GC01"
2025-03-15,"Sat",213,13500,10,1,39,148,"GC01"
2025-03-16,"Sun",217,15000,0,0,16,156,"GC01"
2025-03-17,"Mon",160,11400,5,0,30,80,"GC01"
2025-03-18,"Tue",180,12000,0,1,6,91,"GC01"
2025-03-19,"Wed",173,10800,10,1,33,90,"GC01"
2025-03-20,"Thu",181,11400,5,0,3,98,"GC01"
2025-03-21,"Fri",177,11400,5,0,34,94,"GC01"
2025-03-22,"Sat",228,14250,5,0,4,158,"GC01"
2025-03-23,"Sun",250,12000,20,1,21,181,"GC01"
2025-03-24,"Mon",217,10200,15,1,9,121,"GC01"
2025-03-25,"Tue",158,12000,0,0,34,76,"GC01"
2025-03-26,"Wed",199,10200,15,1,19,106,"GC01"
2025-03-27,"Thu",171,11400,5,0,26,82,"GC01"
2025-03-28,"Fri",172,12000,0,0,24,88,"GC01"
2025-03-29,"Sat",220,12750,15,1,53,158,"GC01"
2025-03-30,"Sun",212,15000,0,1,31,146,"GC01"
2025-03-31,"Mon",165,12000,0,0,27,88,"GC01"
2025-04-01,"Tue",211,10800,10,1,12,93,"GC01"
2025-04-02,"Wed",163,12000,0,0,30,88,"GC01"
2025-04-03,"Thu",174,12000,0,0,33,90,"GC01"
2025-04-04,"Fri",244,9600,20,1,23,129,"GC01"
2025-04-05,"Sat",242,14250,5,0,17,162,"GC01"
2025-04-06,"Sun",208,15000,0,0,32,143,"GC01"
2025-04-07,"Mon",196,10800,10,1,35,103,"GC01"
2025-04-08,"Tue",177,11400,5,0,23,87,"GC01"
2025-04-09,"Wed",141,12000,0,0,38,68,"GC01"
2025-04-10,"Thu",172,12000,0,0,24,86,"GC01"
2025-04-11,"Fri",205,10800,10,1,22,106,"GC01"
2025-04-12,"Sat",226,14250,5,0,22,157,"GC01"
2025-04-13,"Sun",250,12000,20,1,17,178,"GC01"
2025-04-14,"Mon",173,12000,0,0,28,88,"GC01"
2025-04-15,"Tue",161,12000,0,0,37,69,"GC01"
2025-04-16,"Wed",151,11400,5,0,40,75,"GC01"
2025-04-17,"Thu",187,10800,10,1,43,97,"GC01"
2025-04-18,"Fri",237,10800,10,1,6,119,"GC01"
2025-04-19,"Sat",223,13500,10,1,40,140,"GC01"
2025-04-20,"Sun",229,15000,0,1,9,164,"GC01"
2025-04-21,"Mon",146,12000,0,0,67,70,"GC01"
2025-04-22,"Tue",213,9600,20,1,33,104,"GC01"
2025-04-23,"Wed",134,12000,0,0,43,64,"GC01"
2025-04-24,"Thu",151,12000,0,0,38,67,"GC01"
2025-04-25,"Fri",210,10800,10,1,23,105,"GC01"
2025-04-26,"Sat",250,12000,20,1,25,193,"GC01"
2025-04-27,"Sun",222,13500,10,1,47,149,"GC01"
2025-04-28,"Mon",186,10800,10,1,27,99,"GC01"
2025-04-29,"Tue",209,10800,10,1,13,107,"GC01"
2025-04-30,"Wed",179,12000,0,0,7,82,"GC01"
2025-05-01,"Thu",217,10800,10,1,28,105,"GC01"
2025-05-02,"Fri",202,11400,5,1,25,110,"GC01"
2025-05-03,"Sat",240,14250,5,0,4,179,"GC01"
2025-05-04,"Sun",231,13500,10,1,45,148,"GC01"
2025-05-05,"Mon",187,11400,5,0,24,97,"GC01"
2025-05-06,"Tue",159,12000,0,0,44,75,"GC01"
2025-05-07,"Wed",181,11400,5,0,9,95,"GC01"
2025-05-08,"Thu",197,11400,5,0,6,96,"GC01"
2025-05-09,"Fri",193,11400,5,0,21,94,"GC01"
2025-05-10,"Sat",220,14250,5,0,28,164,"GC01"
2025-05-11,"Sun",246,13500,10,1,23,175,"GC01"
2025-05-12,"Mon",176,12000,0,0,27,82,"GC01"
2025-05-13,"Tue",175,11400,5,0,24,84,"GC01"
2025-05-14,"Wed",162,12000,0,0,27,87,"GC01"
2025-05-15,"Thu",209,10800,10,1,21,112,"GC01"
2025-05-16,"Fri",216,10800,10,1,45,92,"GC01"
2025-05-17,"Sat",225,15000,0,0,12,157,"GC01"
2025-05-18,"Sun",237,13500,10,1,47,166,"GC01"
2025-05-19,"Mon",165,12000,0,0,46,77,"GC01"
2025-05-20,"Tue",147,12000,0,0,62,62,"GC01"
2025-05-21,"Wed",177,11400,5,0,33,94,"GC01"
2025-05-22,"Thu",198,11400,5,0,4,89,"GC01"
2025-05-23,"Fri",184,12000,0,0,23,95,"GC01"
2025-05-24,"Sat",214,15000,0,0,37,146,"GC01"
2025-05-25,"Sun",225,13500,10,1,57,158,"GC01"
2025-05-26,"Mon",174,10800,10,1,49,84,"GC01"
2025-05-27,"Tue",213,10200,15,1,27,100,"GC01"
2025-05-28,"Wed",166,12000,0,0,21,83,"GC01"
2025-05-29,"Thu",181,12000,0,1,30,87,"GC01"
2025-05-30,"Fri",235,10200,15,1,18,123,"GC01"
2025-05-31,"Sat",247,13500,10,1,13,175,"GC01"
2025-06-01,"Sun",210,15000,0,0,5,140,"GC01"
2025-06-02,"Mon",155,12000,0,1,21,80,"GC01"
2025-06-03,"Tue",155,10800,10,1,36,88,"GC01"
2025-06-04,"Wed",154,10200,15,1,52,80,"GC01"
2025-06-05,"Thu",158,10800,10,1,34,84,"GC01"
2025-06-06,"Fri",207,10200,15,1,28,114,"GC01"
2025-06-07,"Sat",199,15000,0,0,24,134,"GC01"
2025-06-08,"Sun",236,14250,5,1,7,160,"GC01"
2025-06-09,"Mon",160,12000,0,0,27,79,"GC01"
2025-06-10,"Tue",206,10200,15,1,2,109,"GC01"
2025-06-11,"Wed",136,12000,0,0,46,74,"GC01"
2025-06-12,"Thu",213,9600,20,1,13,106,"GC01"
2025-06-13,"Fri",180,12000,0,0,13,78,"GC01"
2025-06-14,"Sat",211,12750,15,1,53,145,"GC01"
2025-06-15,"Sun",200,15000,0,0,20,141,"GC01"
2025-06-16,"Mon",162,11400,5,0,7,77,"GC01"
2025-06-17,"Tue",124,12000,0,1,51,68,"GC01"
2025-06-18,"Wed",145,12000,0,0,18,76,"GC01"
2025-06-19,"Thu",162,12000,0,0,3,83,"GC01"
2025-06-20,"Fri",167,12000,0,0,34,83,"GC01"
2025-06-21,"Sat",189,15000,0,0,30,129,"GC01"
2025-06-22,"Sun",185,13500,10,1,61,129,"GC01"
2025-06-23,"Mon",151,11400,5,0,30,80,"GC01"
2025-06-24,"Tue",146,12000,0,0,34,78,"GC01"
2025-06-25,"Wed",151,12000,0,0,37,81,"GC01"
2025-06-26,"Thu",180,10200,15,1,25,93,"GC01"
2025-06-27,"Fri",169,11400,5,0,24,91,"GC01"
2025-06-28,"Sat",223,14250,5,1,16,157,"GC01"
2025-06-29,"Sun",182,14250,5,0,58,131,"GC01"
2025-06-30,"Mon",180,10800,10,1,23,99,"GC01"
2025-07-01,"Tue",152,11400,5,0,46,80,"GC01"
2025-07-02,"Wed",150,12000,0,0,37,69,"GC01"
2025-07-03,"Thu",113,12000,0,0,51,50,"GC01"
2025-07-04,"Fri",166,10800,10,1,48,76,"GC01"
2025-07-05,"Sat",201,13500,10,1,46,136,"GC01"
2025-07-06,"Sun",250,12750,15,1,11,171,"GC01"
2025-07-07,"Mon",145,11400,5,0,31,68,"GC01"
2025-07-08,"Tue",157,12000,0,0,14,90,"GC01"
2025-07-09,"Wed",156,11400,5,0,36,71,"GC01"
2025-07-10,"Thu",141,12000,0,0,21,75,"GC01"
2025-07-11,"Fri",165,11400,5,0,42,85,"GC01"
2025-07-12,"Sat",202,15000,0,0,7,132,"GC01"
2025-07-13,"Sun",236,13500,10,1,9,162,"GC01"
2025-07-14,"Mon",162,11400,5,0,21,75,"GC01"
2025-07-15,"Tue",166,10800,10,1,23,87,"GC01"
2025-07-16,"Wed",131,12000,0,1,52,66,"GC01"
2025-07-17,"Thu",188,10200,15,1,15,91,"GC01"
2025-07-18,"Fri",184,12000,0,0,8,87,"GC01"
2025-07-19,"Sat",236,13500,10,1,7,165,"GC01"
2025-07-20,"Sun",210,14250,5,0,19,147,"GC01"
2025-07-21,"Mon",208,10200,15,1,6,105,"GC01"
2025-07-22,"Tue",120,12000,0,0,56,53,"GC01"
2025-07-23,"Wed",157,11400,5,0,9,82,"GC01"
2025-07-24,"Thu",187,12000,0,0,8,89,"GC01"
2025-07-25,"Fri",138,12000,0,0,66,69,"GC01"
2025-07-26,"Sat",178,15000,0,0,51,126,"GC01"
2025-07-27,"Sun",193,15000,0,0,24,121,"GC01"
2025-07-28,"Mon",137,10200,15,1,63,67,"GC01"
2025-07-29,"Tue",148,9600,20,1,56,75,"GC01"
2025-07-30,"Wed",154,10200,15,1,67,69,"GC01"
2025-07-31,"Thu",146,12000,0,0,28,73,"GC01"
2025-08-01,"Fri",188,11400,5,1,11,95,"GC01"
2025-08-02,"Sat",211,15000,0,0,17,144,"GC01"
2025-08-03,"Sun",235,13500,10,1,8,162,"GC01"
2025-08-04,"Mon",150,12000,0,0,23,65,"GC01"
2025-08-05,"Tue",158,10200,15,1,50,78,"GC01"
2025-08-06,"Wed",146,10800,10,1,53,71,"GC01"
2025-08-07,"Thu",137,12000,0,0,32,72,"GC01"
2025-08-08,"Fri",188,12000,0,1,17,97,"GC01"
2025-08-09,"Sat",212,15000,0,0,23,149,"GC01"
2025-08-10,"Sun",179,13500,10,1,58,133,"GC01"
2025-08-11,"Mon",182,10800,10,1,11,95,"GC01"
2025-08-12,"Tue",168,12000,0,0,11,80,"GC01"
2025-08-13,"Wed",155,12000,0,0,31,80,"GC01"
2025-08-14,"Thu",152,12000,0,1,30,74,"GC01"
2025-08-15,"Fri",189,10800,10,1,27,84,"GC01"
2025-08-16,"Sat",233,13500,10,1,3,163,"GC01"
2025-08-17,"Sun",168,15000,0,0,52,118,"GC01"
2025-08-18,"Mon",149,11400,5,0,45,85,"GC01"
2025-08-19,"Tue",153,12000,0,0,10,75,"GC01"
2025-08-20,"Wed",176,11400,5,1,18,82,"GC01"
2025-08-21,"Thu",154,11400,5,0,30,79,"GC01"
2025-08-22,"Fri",169,11400,5,1,37,80,"GC01"
2025-08-23,"Sat",250,12000,20,1,15,171,"GC01"
2025-08-24,"Sun",163,15000,0,0,55,119,"GC01"
2025-08-25,"Mon",149,12000,0,0,19,67,"GC01"
2025-08-26,"Tue",190,10200,15,1,25,90,"GC01"
2025-08-27,"Wed",159,12000,0,1,11,69,"GC01"
2025-08-28,"Thu",140,12000,0,0,35,66,"GC01"
2025-08-29,"Fri",225,10200,15,1,8,114,"GC01"
2025-08-30,"Sat",250,12000,20,1,6,187,"GC01"
2025-08-31,"Sun",182,15000,0,0,23,125,"GC01"
2025-09-01,"Mon",153,10800,10,1,45,72,"GC01"
2025-09-02,"Tue",180,10800,10,1,27,84,"GC01"
2025-09-03,"Wed",152,11400,5,0,35,73,"GC01"
2025-09-04,"Thu",210,10200,15,1,11,111,"GC01"
2025-09-05,"Fri",219,10200,15,1,15,113,"GC01"
2025-09-06,"Sat",185,15000,0,0,29,133,"GC01"
2025-09-07,"Sun",207,15000,0,0,15,141,"GC01"
2025-09-08,"Mon",184,10800,10,1,13,90,"GC01"
2025-09-09,"Tue",191,10800,10,1,7,105,"GC01"
2025-09-10,"Wed",152,12000,0,1,22,70,"GC01"
2025-09-11,"Thu",200,9600,20,1,25,106,"GC01"
2025-09-12,"Fri",141,12000,0,0,66,64,"GC01"
2025-09-13,"Sat",197,15000,0,0,25,132,"GC01"
2025-09-14,"Sun",203,15000,0,0,12,140,"GC01"
2025-09-15,"Mon",155,12000,0,0,17,72,"GC01"
2025-09-16,"Tue",173,12000,0,0,16,89,"GC01"
2025-09-17,"Wed",165,12000,0,1,16,83,"GC01"
2025-09-18,"Thu",110,12000,0,1,66,52,"GC01"
2025-09-19,"Fri",158,11400,5,0,33,82,"GC01"
2025-09-20,"Sat",203,14250,5,0,31,146,"GC01"
2025-09-21,"Sun",248,13500,10,1,6,192,"GC01"
2025-09-22,"Mon",158,11400,5,0,25,78,"GC01"
2025-09-23,"Tue",148,12000,0,0,23,77,"GC01"
2025-09-24,"Wed",180,10800,10,1,23,86,"GC01"
2025-09-25,"Thu",115,11400,5,0,62,63,"GC01"
2025-09-26,"Fri",179,12000,0,0,15,92,"GC01"
2025-09-27,"Sat",191,15000,0,0,26,132,"GC01"
2025-09-28,"Sun",219,12000,20,1,47,152,"GC01"
2025-09-29,"Mon",140,11400,5,0,31,72,"GC01"
2025-09-30,"Tue",138,12000,0,0,24,71,"GC01"
2025-10-01,"Wed",226,9600,20,1,7,114,"GC01"
2025-10-02,"Thu",177,12000,0,0,10,94,"GC01"
2025-10-03,"Fri",189,11400,5,0,32,92,"GC01"
2025-10-04,"Sat",194,14250,5,0,61,136,"GC01"
2025-10-05,"Sun",228,15000,0,0,5,159,"GC01"
2025-10-06,"Mon",193,10800,10,1,19,101,"GC01"
2025-10-07,"Tue",202,10200,15,1,29,101,"GC01"
2025-10-08,"Wed",187,12000,0,0,5,89,"GC01"
2025-10-09,"Thu",196,10800,10,1,17,104,"GC01"
2025-10-10,"Fri",230,10800,10,1,13,115,"GC01"
2025-10-11,"Sat",177,15000,0,0,80,124,"GC01"
2025-10-12,"Sun",237,13500,10,1,27,162,"GC01"
2025-10-13,"Mon",152,11400,5,0,34,72,"GC01"
2025-10-14,"Tue",182,10800,10,1,39,91,"GC01"
2025-10-15,"Wed",180,11400,5,0,30,88,"GC01"
2025-10-16,"Thu",178,10800,10,1,47,91,"GC01"
2025-10-17,"Fri",215,10800,10,1,24,102,"GC01"
2025-10-18,"Sat",213,15000,0,0,21,149,"GC01"
2025-10-19,"Sun",222,15000,0,1,21,145,"GC01"
2025-10-20,"Mon",172,10800,10,1,44,87,"GC01"
2025-10-21,"Tue",186,11400,5,1,26,98,"GC01"
2025-10-22,"Wed",177,12000,0,0,7,82,"GC01"
2025-10-23,"Thu",202,10200,15,1,38,94,"GC01"
2025-10-24,"Fri",174,12000,0,0,21,87,"GC01"
2025-10-25,"Sat",236,13500,10,1,18,167,"GC01"
2025-10-26,"Sun",225,13500,10,1,28,149,"GC01"
2025-10-27,"Mon",193,10800,10,1,21,98,"GC01"
2025-10-28,"Tue",184,10800,10,1,21,87,"GC01"
2025-10-29,"Wed",192,9600,20,1,35,97,"GC01"
2025-10-30,"Thu",217,10200,15,1,28,105,"GC01"
2025-10-31,"Fri",200,10800,10,1,33,108,"GC01"
2025-11-01,"Sat",215,13500,10,1,46,133,"GC01"
2025-11-02,"Sun",207,15000,0,0,31,156,"GC01"
2025-11-03,"Mon",149,11400,5,0,32,77,"GC01"
2025-11-04,"Tue",99,12000,0,0,87,45,"GC01"
2025-11-05,"Wed",189,10800,10,1,20,90,"GC01"
2025-11-06,"Thu",202,10800,10,1,29,103,"GC01"
2025-11-07,"Fri",199,10200,15,1,34,96,"GC01"
2025-11-08,"Sat",201,12750,15,1,78,132,"GC01"
2025-11-09,"Sun",201,15000,0,0,27,138,"GC01"
2025-11-10,"Mon",157,12000,0,0,37,77,"GC01"
2025-11-11,"Tue",220,10800,10,1,6,108,"GC01"
2025-11-12,"Wed",180,11400,5,0,17,96,"GC01"
2025-11-13,"Thu",160,12000,0,0,21,85,"GC01"
2025-11-14,"Fri",187,10800,10,1,61,102,"GC01"
2025-11-15,"Sat",250,12750,15,1,15,173,"GC01"
2025-11-16,"Sun",207,14250,5,0,39,145,"GC01"
2025-11-17,"Mon",172,11400,5,0,17,85,"GC01"
2025-11-18,"Tue",147,12000,0,0,32,80,"GC01"
2025-11-19,"Wed",188,10800,10,1,21,97,"GC01"
2025-11-20,"Thu",174,11400,5,0,35,89,"GC01"
2025-11-21,"Fri",161,12000,0,0,45,68,"GC01"
2025-11-22,"Sat",226,13500,10,1,14,164,"GC01"
2025-11-23,"Sun",236,14250,5,0,11,157,"GC01"
2025-11-24,"Mon",211,9600,20,1,22,100,"GC01"
2025-11-25,"Tue",223,9600,20,1,10,116,"GC01"
2025-11-26,"Wed",188,11400,5,0,7,90,"GC01"
2025-11-27,"Thu",147,11400,5,0,45,69,"GC01"
2025-11-28,"Fri",188,12000,0,0,4,93,"GC01"
2025-11-29,"Sat",250,12750,15,1,12,173,"GC01"
2025-11-30,"Sun",151,15000,0,0,70,107,"GC01"
2025-12-01,"Mon",148,12000,0,0,16,79,"GC01"
2025-12-02,"Tue",215,9600,20,1,15,98,"GC01"
2025-12-03,"Wed",162,12000,0,0,15,85,"GC01"
2025-12-04,"Thu",167,12000,0,0,10,82,"GC01"
2025-12-05,"Fri",174,10800,10,1,45,89,"GC01"
2025-12-06,"Sat",235,12750,15,1,33,156,"GC01"
2025-12-07,"Sun",248,13500,10,1,10,167,"GC01"
2025-12-08,"Mon",158,11400,5,0,22,70,"GC01"
2025-12-09,"Tue",138,12000,0,0,50,70,"GC01"
2025-12-10,"Wed",154,12000,0,0,16,83,"GC01"
2025-12-11,"Thu",149,12000,0,0,33,71,"GC01"
2025-12-12,"Fri",215,9600,20,1,30,103,"GC01"
2025-12-13,"Sat",216,14250,5,1,17,150,"GC01"
2025-12-14,"Sun",212,14250,5,0,8,155,"GC01"
2025-12-15,"Mon",151,11400,5,0,13,77,"GC01"
2025-12-16,"Tue",179,10800,10,1,15,90,"GC01"
2025-12-17,"Wed",154,10200,15,1,46,77,"GC01"
2025-12-18,"Thu",145,12000,0,0,24,72,"GC01"
2025-12-19,"Fri",202,10800,10,1,23,100,"GC01"
2025-12-20,"Sat",211,15000,0,0,10,133,"GC01"
2025-12-21,"Sun",238,12750,15,1,20,178,"GC01"
2025-12-22,"Mon",115,11400,5,0,63,60,"GC01"
2025-12-23,"Tue",197,10200,15,1,19,95,"GC01"
2025-12-24,"Wed",200,10800,10,1,4,99,"GC01"
2025-12-25,"Thu",149,12000,0,0,21,74,"GC01"
2025-12-26,"Fri",170,12000,0,0,18,86,"GC01"
2025-12-27,"Sat",221,13500,10,1,22,168,"GC01"
2025-12-28,"Sun",201,15000,0,1,18,143,"GC01"
2025-12-29,"Mon",152,11400,5,0,35,77,"GC01"
2025-12-30,"Tue",142,12000,0,0,23,75,"GC01"
2025-12-31,"Wed",138,12000,0,0,34,65,"GC01"
2026-01-01,"Thu",157,12000,0,1,28,78,"GC01"
2026-01-02,"Fri",171,11400,5,0,32,84,"GC01"
2026-01-03,"Sat",206,15000,0,0,14,152,"GC01"
2026-01-04,"Sun",228,13500,10,1,20,158,"GC01"
2026-01-05,"Mon",147,10200,15,1,56,72,"GC01"
2026-01-06,"Tue",175,10200,15,1,20,93,"GC01"
2026-01-07,"Wed",174,10200,15,1,51,88,"GC01"
2026-01-08,"Thu",206,10200,15,1,6,110,"GC01"
2026-01-09,"Fri",191,11400,5,0,9,98,"GC01"
2026-01-10,"Sat",199,14250,5,0,28,135,"GC01"
2026-01-11,"Sun",192,14250,5,0,28,140,"GC01"
2026-01-12,"Mon",133,12000,0,0,48,66,"GC01"
2026-01-13,"Tue",165,12000,0,0,5,84,"GC01"
2026-01-14,"Wed",157,12000,0,0,7,78,"GC01"
2026-01-15,"Thu",153,12000,0,0,18,73,"GC01"
2026-01-16,"Fri",182,10800,10,1,37,93,"GC01"
2026-01-17,"Sat",240,13500,10,1,14,165,"GC01"
2026-01-18,"Sun",172,15000,0,0,48,122,"GC01"
2026-01-19,"Mon",183,10800,10,1,17,92,"GC01"
2026-01-20,"Tue",160,12000,0,0,26,78,"GC01"
2026-01-21,"Wed",214,10200,15,1,16,101,"GC01"
2026-01-22,"Thu",171,11400,5,0,22,89,"GC01"
2026-01-23,"Fri",188,11400,5,0,6,97,"GC01"
2026-01-24,"Sat",180,15000,0,0,43,130,"GC01"
2026-01-25,"Sun",205,15000,0,0,26,141,"GC01"
2026-01-26,"Mon",172,10800,10,1,17,95,"GC01"
2026-01-27,"Tue",192,10800,10,1,16,95,"GC01"
2026-01-28,"Wed",153,12000,0,0,22,85,"GC01"
2026-01-29,"Thu",137,12000,0,0,42,68,"GC01"
2026-01-30,"Fri",196,10200,15,1,43,95,"GC01"
2026-01-31,"Sat",213,13500,10,1,38,148,"GC01"
2026-02-01,"Sun",203,15000,0,0,12,140,"GC01"
2026-02-02,"Mon",161,12000,0,0,2,76,"GC01"
2026-02-03,"Tue",146,12000,0,1,31,73,"GC01"
2026-02-04,"Wed",195,10200,15,1,23,91,"GC01"
2026-02-05,"Thu",180,10800,10,1,22,89,"GC01"
2026-02-06,"Fri",175,10800,10,1,38,76,"GC01"
2026-02-07,"Sat",222,14250,5,0,10,158,"GC01"
2026-02-08,"Sun",212,14250,5,1,21,154,"GC01"
2026-02-09,"Mon",200,10800,10,1,8,104,"GC01"
2026-02-10,"Tue",190,10800,10,1,12,94,"GC01"
2026-02-11,"Wed",143,12000,0,0,13,67,"GC01"
2026-02-12,"Thu",159,11400,5,1,31,83,"GC01"
2026-02-13,"Fri",179,12000,0,0,11,88,"GC01"
2026-02-14,"Sat",193,15000,0,0,24,133,"GC01"
2026-02-15,"Sun",165,15000,0,0,47,111,"GC01"
2026-02-16,"Mon",144,12000,0,0,34,67,"GC01"
2026-02-17,"Tue",141,12000,0,0,22,68,"GC01"
2026-02-18,"Wed",159,12000,0,0,9,80,"GC01"
2026-02-19,"Thu",157,11400,5,0,17,72,"GC01"
2026-02-20,"Fri",130,12000,0,0,66,67,"GC01"
2026-02-21,"Sat",230,12750,15,1,30,160,"GC01"
2026-02-22,"Sun",206,15000,0,1,9,152,"GC01"
2026-02-23,"Mon",144,12000,0,0,9,76,"GC01"
2026-02-24,"Tue",165,12000,0,0,17,77,"GC01"
2026-02-25,"Wed",169,11400,5,0,19,80,"GC01"
2026-02-26,"Thu",136,11400,5,0,56,67,"GC01"
2026-02-27,"Fri",168,12000,0,0,12,83,"GC01"
2026-02-28,"Sat",192,15000,0,0,31,136,"GC01"
2026-03-01,"Sun",201,15000,0,0,34,137,"GC01"
2026-03-02,"Mon",151,11400,5,0,42,71,"GC01"
2026-03-03,"Tue",148,12000,0,0,22,75,"GC01"
2026-03-04,"Wed",181,10800,10,1,20,78,"GC01"
2026-03-05,"Thu",178,11400,5,0,15,86,"GC01"
2026-03-06,"Fri",160,11400,5,0,42,79,"GC01"
2026-03-07,"Sat",182,15000,0,0,62,130,"GC01"
2026-03-08,"Sun",249,13500,10,1,8,173,"GC01"
2026-03-09,"Mon",165,10800,10,1,43,78,"GC01"
2026-03-10,"Tue",135,12000,0,0,53,68,"GC01"
2026-03-11,"Wed",165,12000,0,0,21,87,"GC01"
2026-03-12,"Thu",175,11400,5,0,23,89,"GC01"
2026-03-13,"Fri",191,12000,0,0,33,94,"GC01"
2026-03-14,"Sat",233,12750,15,1,30,171,"GC01"
2026-03-15,"Sun",218,15000,0,0,17,143,"GC01"
2026-03-16,"Mon",186,11400,5,1,47,100,"GC01"
2026-03-17,"Tue",195,10200,15,1,34,87,"GC01"
2026-03-18,"Wed",159,12000,0,0,10,86,"GC01"
2026-03-19,"Thu",175,11400,5,0,20,92,"GC01"
2026-03-20,"Fri",211,10800,10,1,20,107,"GC01"
2026-03-21,"Sat",204,14250,5,0,39,134,"GC01"
2026-03-22,"Sun",228,15000,0,1,14,152,"GC01"
2026-03-23,"Mon",180,12000,0,0,13,97,"GC01"
2026-03-24,"Tue",159,12000,0,0,21,79,"GC01"
2026-03-25,"Wed",153,12000,0,0,26,79,"GC01"
2026-03-26,"Thu",186,10800,10,1,32,99,"GC01"
2026-03-27,"Fri",184,12000,0,0,16,88,"GC01"
2026-03-28,"Sat",217,15000,0,0,9,152,"GC01"
2026-03-29,"Sun",182,15000,0,0,36,127,"GC01"
2026-03-30,"Mon",155,12000,0,1,33,77,"GC01"
2026-03-31,"Tue",191,10800,10,1,35,93,"GC01"
2026-04-01,"Wed",181,10200,15,1,54,95,"GC01"
2026-04-02,"Thu",199,10800,10,1,21,91,"GC01"
2026-04-03,"Fri",167,12000,0,0,54,89,"GC01"
2026-04-04,"Sat",226,15000,0,1,7,155,"GC01"
2026-04-05,"Sun",236,14250,5,0,10,167,"GC01"
2026-04-06,"Mon",162,12000,0,0,16,80,"GC01"
2026-04-07,"Tue",147,12000,0,0,60,72,"GC01"
2026-04-08,"Wed",171,12000,0,1,17,79,"GC01"
2026-04-09,"Thu",177,12000,0,0,2,89,"GC01"
2026-04-10,"Fri",198,10800,10,1,34,96,"GC01"
2026-04-11,"Sat",222,15000,0,0,15,156,"GC01"
2026-04-12,"Sun",180,15000,0,0,47,123,"GC01"
2026-04-13,"Mon",214,10200,15,1,13,112,"GC01"
2026-04-14,"Tue",181,12000,0,0,13,96,"GC01"
2026-04-15,"Wed",165,11400,5,0,58,88,"GC01"
2026-04-16,"Thu",223,10800,10,1,1,118,"GC01"
2026-04-17,"Fri",211,12000,0,0,14,104,"GC01"
2026-04-18,"Sat",250,12750,15,1,5,181,"GC01"
2026-04-19,"Sun",250,12750,15,1,14,177,"GC01"
2026-04-20,"Mon",175,11400,5,1,31,89,"GC01"
2026-04-21,"Tue",189,10200,15,1,29,91,"GC01"
2026-04-22,"Wed",169,11400,5,1,34,90,"GC01"
2026-04-23,"Thu",151,11400,5,0,39,67,"GC01"
2026-04-24,"Fri",222,10200,15,1,38,114,"GC01"
2026-04-25,"Sat",233,15000,0,0,7,164,"GC01"
2026-04-26,"Sun",207,15000,0,0,23,149,"GC01"
2026-04-27,"Mon",176,12000,0,0,17,93,"GC01"
2026-04-28,"Tue",203,10800,10,1,9,103,"GC01"
2026-04-29,"Wed",167,12000,0,0,36,86,"GC01"
2026-04-30,"Thu",171,12000,0,0,14,83,"GC01"
2026-05-01,"Fri",201,11400,5,0,24,96,"GC01"
2026-05-02,"Sat",234,15000,0,1,6,161,"GC01"
2026-05-03,"Sun",196,15000,0,0,48,137,"GC01"
2026-05-04,"Mon",173,12000,0,0,24,89,"GC01"
2026-05-05,"Tue",177,12000,0,0,25,93,"GC01"
2026-05-06,"Wed",138,12000,0,0,37,67,"GC01"
2026-05-07,"Thu",182,12000,0,0,12,85,"GC01"
2026-05-08,"Fri",207,10200,15,1,52,99,"GC01"
2026-05-09,"Sat",229,15000,0,0,13,169,"GC01"
2026-05-10,"Sun",231,14250,5,0,16,172,"GC01"
2026-05-11,"Mon",199,10800,10,1,22,97,"GC01"
2026-05-12,"Tue",200,10800,10,1,15,107,"GC01"
2026-05-13,"Wed",227,10200,15,1,11,106,"GC01"
2026-05-14,"Thu",173,12000,0,0,26,83,"GC01"
2026-05-15,"Fri",203,11400,5,0,19,110,"GC01"
2026-05-16,"Sat",250,13500,10,1,8,170,"GC01"
2026-05-17,"Sun",214,13500,10,1,42,155,"GC01"
2026-05-18,"Mon",164,11400,5,0,42,88,"GC01"
2026-05-19,"Tue",182,11400,5,0,24,86,"GC01"
2026-05-20,"Wed",202,10200,15,1,25,93,"GC01"
2026-05-21,"Thu",222,9600,20,1,6,97,"GC01"
2026-05-22,"Fri",199,12000,0,0,34,101,"GC01"
2026-05-23,"Sat",190,15000,0,0,45,121,"GC01"
2026-05-24,"Sun",250,12750,15,1,26,167,"GC01"
2026-05-25,"Mon",208,9600,20,1,31,92,"GC01"
2026-05-26,"Tue",162,12000,0,0,41,79,"GC01"
2026-05-27,"Wed",160,11400,5,0,51,88,"GC01"
2026-05-28,"Thu",218,10800,10,1,11,99,"GC01"
2026-05-29,"Fri",166,12000,0,0,54,75,"GC01"
2026-05-30,"Sat",229,15000,0,0,20,167,"GC01"
2026-05-31,"Sun",197,15000,0,0,36,137,"GC01"
2026-06-01,"Mon",149,12000,0,0,12,78,"GC01"
2026-06-02,"Tue",169,10800,10,1,34,80,"GC01"
2026-06-03,"Wed",145,12000,0,0,36,76,"GC01"
2026-06-04,"Thu",167,10800,10,1,33,78,"GC01"
2026-06-05,"Fri",183,10200,15,1,43,94,"GC01"
2026-06-06,"Sat",172,14250,5,0,38,114,"GC01"
2026-06-07,"Sun",206,15000,0,0,13,143,"GC01"
2026-06-08,"Mon",191,10200,15,1,20,106,"GC01"
2026-06-09,"Tue",144,12000,0,1,27,76,"GC01"
2026-06-10,"Wed",163,10800,10,1,39,87,"GC01"
2026-06-11,"Thu",144,11400,5,0,23,73,"GC01"
2026-06-12,"Fri",164,12000,0,0,25,76,"GC01"
2026-06-13,"Sat",194,14250,5,0,44,137,"GC01"
2026-06-14,"Sun",248,12750,15,1,19,176,"GC01"
2026-06-15,"Mon",159,12000,0,0,21,79,"GC01"
2026-06-16,"Tue",177,10800,10,1,4,87,"GC01"
2026-06-17,"Wed",161,11400,5,0,28,82,"GC01"
2026-06-18,"Thu",181,12000,0,0,5,93,"GC01"
2026-06-19,"Fri",172,12000,0,0,8,75,"GC01"
2026-06-20,"Sat",220,12750,15,1,38,157,"GC01"
2026-06-21,"Sun",213,14250,5,0,27,147,"GC01"
2026-06-22,"Mon",172,12000,0,0,7,82,"GC01"
2026-06-23,"Tue",186,11400,5,0,2,94,"GC01"
2026-06-24,"Wed",131,12000,0,0,47,66,"GC01"
2026-06-25,"Thu",177,10200,15,1,29,91,"GC01"
2026-06-26,"Fri",200,10800,10,1,15,93,"GC01"
2026-06-27,"Sat",181,15000,0,0,25,134,"GC01"
2026-06-28,"Sun",240,12750,15,1,1,174,"GC01"
2026-06-29,"Mon",153,12000,0,0,29,77,"GC01"
2026-06-30,"Tue",170,10200,15,1,43,91,"GC01"
2026-07-01,"Wed",157,12000,0,0,23,77,"GC01"
2026-07-02,"Thu",130,12000,0,0,46,64,"GC01"
2026-07-03,"Fri",181,12000,0,0,18,88,"GC01"
2026-07-04,"Sat",250,12000,20,1,7,173,"GC01"
2026-07-05,"Sun",232,13500,10,1,20,159,"GC01"
2026-07-06,"Mon",142,11400,5,1,36,69,"GC01"
2026-07-07,"Tue",167,10800,10,1,32,76,"GC01"
2026-07-08,"Wed",120,12000,0,0,62,58,"GC01"
2026-07-09,"Thu",154,12000,0,0,22,79,"GC01"
2026-07-10,"Fri",206,11400,5,1,9,109,"GC01"
2026-07-11,"Sat",202,15000,0,0,25,139,"GC01"
2026-07-12,"Sun",193,15000,0,0,25,143,"GC01"
2026-07-13,"Mon",163,12000,0,0,2,82,"GC01"
2026-07-14,"Tue",122,12000,0,0,37,66,"GC01"
2026-07-15,"Wed",177,12000,0,0,7,87,"GC01"
2026-07-16,"Thu",169,12000,0,0,12,81,"GC01"
2026-07-17,"Fri",186,12000,0,0,4,96,"GC01"
2026-07-18,"Sat",189,15000,0,1,33,139,"GC01"
2026-07-19,"Sun",191,12750,15,1,65,129,"GC01"
2026-07-20,"Mon",168,10800,10,1,29,78,"GC01"
2026-07-21,"Tue",119,12000,0,0,49,60,"GC01"
2026-07-22,"Wed",165,9600,20,1,48,85,"GC01"
2026-07-23,"Thu",175,10200,15,1,21,93,"GC01"
2026-07-24,"Fri",194,11400,5,0,1,90,"GC01"
2026-07-25,"Sat",249,13500,10,1,6,180,"GC01"
2026-07-26,"Sun",211,13500,10,1,36,143,"GC01"
2026-07-27,"Mon",134,12000,0,0,47,74,"GC01"
2026-07-28,"Tue",134,12000,0,0,19,64,"GC01"
2026-07-29,"Wed",163,10200,15,1,46,87,"GC01"
2026-07-30,"Thu",184,9600,20,1,34,89,"GC01"
2026-07-31,"Fri",180,11400,5,0,32,86,"GC01"
2026-08-01,"Sat",169,15000,0,0,52,120,"GC01"
2026-08-02,"Sun",162,15000,0,0,56,111,"GC01"
2026-08-03,"Mon",133,12000,0,0,30,69,"GC01"
2026-08-04,"Tue",155,11400,5,0,20,75,"GC01"
2026-08-05,"Wed",155,12000,0,0,13,82,"GC01"
2026-08-06,"Thu",130,12000,0,0,28,64,"GC01"
2026-08-07,"Fri",214,10800,10,1,10,109,"GC01"
2026-08-08,"Sat",188,15000,0,0,26,129,"GC01"
2026-08-09,"Sun",197,13500,10,1,34,126,"GC01"
2026-08-10,"Mon",145,11400,5,0,38,75,"GC01"
2026-08-11,"Tue",151,12000,0,0,20,80,"GC01"
2026-08-12,"Wed",137,12000,0,0,25,70,"GC01"
2026-08-13,"Thu",113,12000,0,0,49,60,"GC01"
2026-08-14,"Fri",150,12000,0,0,50,74,"GC01"
2026-08-15,"Sat",191,15000,0,0,28,135,"GC01"
2026-08-16,"Sun",206,15000,0,1,11,149,"GC01"
2026-08-17,"Mon",143,12000,0,0,33,76,"GC01"
2026-08-18,"Tue",145,12000,0,0,21,75,"GC01"
2026-08-19,"Wed",118,12000,0,0,49,58,"GC01"
2026-08-20,"Thu",170,12000,0,0,4,89,"GC01"
2026-08-21,"Fri",244,10200,15,1,7,106,"GC01"
2026-08-22,"Sat",206,15000,0,0,20,139,"GC01"
2026-08-23,"Sun",152,15000,0,0,61,105,"GC01"
2026-08-24,"Mon",153,12000,0,0,25,74,"GC01"
2026-08-25,"Tue",126,12000,0,0,37,59,"GC01"
2026-08-26,"Wed",147,12000,0,0,21,79,"GC01"
2026-08-27,"Thu",134,12000,0,1,44,64,"GC01"
2026-08-28,"Fri",200,10800,10,1,21,109,"GC01"
2026-08-29,"Sat",187,15000,0,0,13,126,"GC01"
2026-08-30,"Sun",180,15000,0,0,32,121,"GC01"
2026-08-31,"Mon",128,12000,0,0,43,68,"GC01"
2026-09-01,"Tue",,10800,10,1,16,94,"GC01"
2026-09-02,"Wed",,10800,10,1,30,77,"GC01"
2026-09-03,"Thu",,10800,10,1,20,98,"GC01"
2026-09-04,"Fri",,12000,0,0,48,71,"GC01"
2026-09-05,"Sat",,15000,0,0,15,130,"GC01"
2026-09-06,"Sun",,15000,0,1,55,120,"GC01"
2026-09-07,"Mon",,10200,15,1,52,82,"GC01"
2026-09-08,"Tue",,10200,15,1,38,74,"GC01"
2026-09-09,"Wed",,12000,0,0,28,76,"GC01"
2026-09-10,"Thu",,12000,0,0,51,62,"GC01"
2026-09-11,"Fri",,12000,0,0,49,74,"GC01"
2026-09-12,"Sat",,12000,20,1,16,165,"GC01"
2026-09-13,"Sun",,12750,15,1,14,178,"GC01"
2026-09-14,"Mon",,11400,5,1,3,95,"GC01"
2026-09-15,"Tue",,12000,0,0,13,77,"GC01"
2026-09-16,"Wed",,11400,5,1,53,74,"GC01"
2026-09-17,"Thu",,12000,0,0,40,77,"GC01"
2026-09-18,"Fri",,11400,5,0,12,87,"GC01"
2026-09-19,"Sat",,15000,0,0,45,115,"GC01"
2026-09-20,"Sun",,12750,15,1,12,176,"GC01"
2026-09-21,"Mon",,10800,10,1,19,80,"GC01"
2026-09-22,"Tue",,12000,0,0,31,74,"GC01"
2026-09-23,"Wed",,12000,0,0,68,49,"GC01"
2026-09-24,"Thu",,12000,0,0,21,74,"GC01"
2026-09-25,"Fri",,10800,10,1,20,100,"GC01"
2026-09-26,"Sat",,15000,0,0,24,136,"GC01"
2026-09-27,"Sun",,12000,20,1,13,174,"GC01"
2026-09-28,"Mon",,10200,15,1,53,80,"GC01"
2026-09-29,"Tue",,9600,20,1,7,114,"GC01"
2026-09-30,"Wed",,10800,10,1,0,94,"GC01"
2023-09-01,"Fri",212,9700,19,1,24,118,"GC02"
2023-09-02,"Sat",202,14900,1,0,18,145,"GC02"
2023-09-03,"Sun",203,14150,6,1,22,152,"GC02"
2023-09-04,"Mon",217,10000,14,1,2,107,"GC02"
2023-09-05,"Tue",164,11300,6,0,20,82,"GC02"
2023-09-06,"Wed",198,9500,20,1,30,103,"GC02"
2023-09-07,"Thu",179,10700,9,1,25,90,"GC02"
2023-09-08,"Fri",186,11600,6,1,5,99,"GC02"
2023-09-09,"Sat",212,14800,0,0,2,148,"GC02"
2023-09-10,"Sun",199,14900,1,0,11,140,"GC02"
2023-09-11,"Mon",168,12100,0,0,5,86,"GC02"
2023-09-12,"Tue",134,11600,6,1,69,61,"GC02"
2023-09-13,"Wed",185,10600,9,1,16,94,"GC02"
2023-09-14,"Thu",173,10000,14,0,46,89,"GC02"
2023-09-15,"Fri",156,11900,0,0,37,86,"GC02"
2023-09-16,"Sat",188,14350,6,1,42,131,"GC02"
2023-09-17,"Sun",203,13600,9,1,46,138,"GC02"
2023-09-18,"Mon",145,11900,0,1,36,61,"GC02"
2023-09-19,"Tue",158,11900,1,0,8,75,"GC02"
2023-09-20,"Wed",145,12100,0,0,11,62,"GC02"
2023-09-21,"Thu",156,11800,1,0,23,69,"GC02"
2023-09-22,"Fri",224,9800,19,1,23,106,"GC02"
2023-09-23,"Sat",214,12650,16,1,44,153,"GC02"
2023-09-24,"Sun",189,14050,4,0,47,139,"GC02"
2023-09-25,"Mon",165,10400,14,1,45,85,"GC02"
2023-09-26,"Tue",146,11900,0,0,22,74,"GC02"
2023-09-27,"Wed",175,12200,1,0,2,98,"GC02"
2023-09-28,"Thu",142,11800,0,1,46,71,"GC02"
2023-09-29,"Fri",180,11600,6,1,21,98,"GC02"
2023-09-30,"Sat",193,14800,0,0,11,144,"GC02"
2023-10-01,"Sun",245,12950,14,1,34,187,"GC02"
2023-10-02,"Mon",143,11800,1,0,44,70,"GC02"
2023-10-03,"Tue",230,10400,14,1,3,116,"GC02"
2023-10-04,"Wed",181,11900,1,1,30,93,"GC02"
2023-10-05,"Thu",202,11000,9,1,6,95,"GC02"
2023-10-06,"Fri",227,10100,14,1,16,116,"GC02"
2023-10-07,"Sat",227,13600,9,1,40,156,"GC02"
2023-10-08,"Sun",230,14800,0,1,11,151,"GC02"
2023-10-09,"Mon",175,12200,0,1,22,87,"GC02"
2023-10-10,"Tue",189,9500,20,0,55,107,"GC02"
2023-10-11,"Wed",222,10700,9,1,7,103,"GC02"
2023-10-12,"Thu",152,11900,1,0,34,76,"GC02"
2023-10-13,"Fri",202,10900,9,1,23,90,"GC02"
2023-10-14,"Sat",229,15200,0,0,13,162,"GC02"
2023-10-15,"Sun",234,12950,16,1,21,159,"GC02"
2023-10-16,"Mon",167,11800,1,0,22,78,"GC02"
2023-10-17,"Tue",177,11800,0,0,10,90,"GC02"
2023-10-18,"Wed",224,10600,9,1,14,122,"GC02"
2023-10-19,"Thu",230,11000,11,1,11,120,"GC02"
2023-10-20,"Fri",204,11600,4,0,12,105,"GC02"
2023-10-21,"Sat",192,14800,0,0,47,143,"GC02"
2023-10-22,"Sun",248,13400,11,1,12,165,"GC02"
2023-10-23,"Mon",204,11000,9,1,14,84,"GC02"
2023-10-24,"Tue",196,11600,6,0,37,91,"GC02"
2023-10-25,"Wed",198,9500,19,1,27,112,"GC02"
2023-10-26,"Thu",179,11200,6,0,38,87,"GC02"
2023-10-27,"Fri",228,10400,14,1,24,104,"GC02"
2023-10-28,"Sat",237,13300,9,1,30,176,"GC02"
2023-10-29,"Sun",195,14900,0,0,18,129,"GC02"
2023-10-30,"Mon",148,11600,4,0,50,72,"GC02"
2023-10-31,"Tue",162,12200,1,0,21,86,"GC02"
2023-11-01,"Wed",152,11900,1,0,20,77,"GC02"
2023-11-02,"Thu",128,12100,1,0,46,72,"GC02"
2023-11-03,"Fri",213,10100,16,1,23,106,"GC02"
2023-11-04,"Sat",254,12550,16,1,12,165,"GC02"
2023-11-05,"Sun",215,14450,4,0,36,144,"GC02"
2023-11-06,"Mon",167,11000,11,1,47,86,"GC02"
2023-11-07,"Tue",202,10700,9,1,14,94,"GC02"
2023-11-08,"Wed",175,10700,9,1,40,96,"GC02"
2023-11-09,"Thu",146,11900,1,0,26,75,"GC02"
2023-11-10,"Fri",214,10000,14,1,21,110,"GC02"
2023-11-11,"Sat",191,15200,1,1,60,138,"GC02"
2023-11-12,"Sun",217,14050,4,0,21,152,"GC02"
2023-11-13,"Mon",199,10700,9,1,14,96,"GC02"
2023-11-14,"Tue",189,11300,4,1,23,99,"GC02"
2023-11-15,"Wed",205,10700,11,1,6,103,"GC02"
2023-11-16,"Thu",190,10900,11,1,23,80,"GC02"
2023-11-17,"Fri",225,10700,9,1,7,102,"GC02"
2023-11-18,"Sat",220,14800,0,1,14,155,"GC02"
2023-11-19,"Sun",178,15200,0,1,44,131,"GC02"
2023-11-20,"Mon",160,10900,9,1,51,91,"GC02"
2023-11-21,"Tue",182,11800,1,0,5,91,"GC02"
2023-11-22,"Wed",155,11800,1,0,30,74,"GC02"
2023-11-23,"Thu",174,12200,0,0,20,92,"GC02"
2023-11-24,"Fri",175,12200,0,0,23,84,"GC02"
2023-11-25,"Sat",200,14800,0,0,36,140,"GC02"
2023-11-26,"Sun",208,12850,14,1,56,139,"GC02"
2023-11-27,"Mon",174,11800,1,0,4,85,"GC02"
2023-11-28,"Tue",172,11300,4,0,12,96,"GC02"
2023-11-29,"Wed",155,11800,1,0,14,90,"GC02"
2023-11-30,"Thu",156,10600,9,0,47,80,"GC02"
2023-12-01,"Fri",125,12200,1,0,44,54,"GC02"
2023-12-02,"Sat",203,14900,1,0,6,142,"GC02"
2023-12-03,"Sun",195,14900,1,1,25,140,"GC02"
2023-12-04,"Mon",127,11300,4,0,49,54,"GC02"
2023-12-05,"Tue",157,11200,6,0,33,72,"GC02"
2023-12-06,"Wed",186,10000,16,1,18,91,"GC02"
2023-12-07,"Thu",172,10100,14,1,36,93,"GC02"
2023-12-08,"Fri",164,12200,0,1,14,90,"GC02"
2023-12-09,"Sat",206,14800,1,0,16,144,"GC02"
2023-12-10,"Sun",162,14800,0,0,45,119,"GC02"
2023-12-11,"Mon",150,11200,4,1,53,75,"GC02"
2023-12-12,"Tue",165,11300,6,0,5,97,"GC02"
2023-12-13,"Wed",182,9500,20,1,48,92,"GC02"
2023-12-14,"Thu",185,11200,4,0,15,97,"GC02"
2023-12-15,"Fri",186,10900,9,1,19,92,"GC02"
2023-12-16,"Sat",229,12950,14,1,23,162,"GC02"
2023-12-17,"Sun",188,14800,0,1,21,136,"GC02"
2023-12-18,"Mon",141,11900,1,0,32,72,"GC02"
2023-12-19,"Tue",175,11900,0,0,13,87,"GC02"
2023-12-20,"Wed",131,12100,0,0,54,67,"GC02"
2023-12-21,"Thu",211,10300,16,1,6,99,"GC02"
2023-12-22,"Fri",201,11000,9,1,8,99,"GC02"
2023-12-23,"Sat",209,15200,1,0,3,153,"GC02"
2023-12-24,"Sun",205,13300,11,1,48,143,"GC02"
2023-12-25,"Mon",132,11600,4,0,45,66,"GC02"
2023-12-26,"Tue",148,11900,0,0,28,70,"GC02"
2023-12-27,"Wed",130,11300,6,1,75,65,"GC02"
2023-12-28,"Thu",209,9800,20,1,15,101,"GC02"
2023-12-29,"Fri",147,12100,0,0,53,76,"GC02"
2023-12-30,"Sat",214,14050,4,0,3,152,"GC02"
2023-12-31,"Sun",207,14350,4,0,14,148,"GC02"
2024-01-01,"Mon",149,11200,6,0,34,69,"GC02"
2024-01-02,"Tue",132,11800,1,0,42,70,"GC02"
2024-01-03,"Wed",186,10900,11,1,20,90,"GC02"
2024-01-04,"Thu",172,9500,19,1,47,90,"GC02"
2024-01-05,"Fri",204,11800,0,0,3,104,"GC02"
2024-01-06,"Sat",219,13400,9,1,10,160,"GC02"
2024-01-07,"Sun",184,15100,1,0,47,131,"GC02"
2024-01-08,"Mon",175,11200,6,1,1,84,"GC02"
2024-01-09,"Tue",163,11300,4,0,23,75,"GC02"
2024-01-10,"Wed",144,11900,0,0,24,68,"GC02"
2024-01-11,"Thu",138,12200,1,0,30,65,"GC02"
2024-01-12,"Fri",173,11800,0,0,8,80,"GC02"
2024-01-13,"Sat",210,13300,11,1,31,140,"GC02"
2024-01-14,"Sun",204,15100,0,0,18,145,"GC02"
2024-01-15,"Mon",183,10700,11,1,2,92,"GC02"
2024-01-16,"Tue",175,10400,16,1,41,86,"GC02"
2024-01-17,"Wed",175,11900,0,0,13,88,"GC02"
2024-01-18,"Thu",136,11900,1,0,40,56,"GC02"
2024-01-19,"Fri",176,10900,11,1,48,89,"GC02"
2024-01-20,"Sat",200,14450,4,1,43,144,"GC02"
2024-01-21,"Sun",183,15200,0,0,15,137,"GC02"
2024-01-22,"Mon",191,10700,9,1,19,99,"GC02"
2024-01-23,"Tue",100,12200,0,0,66,54,"GC02"
2024-01-24,"Wed",152,12200,0,0,23,72,"GC02"
2024-01-25,"Thu",131,11500,4,0,18,60,"GC02"
2024-01-26,"Fri",189,10900,9,1,33,99,"GC02"
2024-01-27,"Sat",196,14450,4,0,35,130,"GC02"
2024-01-28,"Sun",246,12850,16,1,20,175,"GC02"
2024-01-29,"Mon",159,11200,4,0,36,71,"GC02"
2024-01-30,"Tue",162,12100,1,0,5,77,"GC02"
2024-01-31,"Wed",155,12200,1,1,32,72,"GC02"
2024-02-01,"Thu",174,10400,16,1,37,86,"GC02"
2024-02-02,"Fri",191,11000,9,1,42,94,"GC02"
2024-02-03,"Sat",192,14050,4,1,27,137,"GC02"
2024-02-04,"Sun",182,14050,4,1,47,139,"GC02"
2024-02-05,"Mon",175,10700,11,1,12,91,"GC02"
2024-02-06,"Tue",137,11900,1,0,37,63,"GC02"
2024-02-07,"Wed",129,12200,0,1,41,55,"GC02"
2024-02-08,"Thu",151,11900,1,0,22,70,"GC02"
2024-02-09,"Fri",162,11200,4,0,34,83,"GC02"
2024-02-10,"Sat",213,12950,14,1,46,137,"GC02"
2024-02-11,"Sun",200,15100,1,0,19,148,"GC02"
2024-02-12,"Mon",163,10600,9,1,42,85,"GC02"
2024-02-13,"Tue",150,12200,1,0,14,77,"GC02"
2024-02-14,"Wed",144,12100,0,0,22,76,"GC02"
2024-02-15,"Thu",170,11600,4,0,11,82,"GC02"
2024-02-16,"Fri",216,10400,16,1,11,116,"GC02"
2024-02-17,"Sat",181,14800,0,0,27,129,"GC02"
2024-02-18,"Sun",215,14450,6,0,9,148,"GC02"
2024-02-19,"Mon",203,10700,9,1,21,103,"GC02"
2024-02-20,"Tue",168,12200,1,1,12,92,"GC02"
2024-02-21,"Wed",188,10600,11,1,0,101,"GC02"
2024-02-22,"Thu",135,11500,4,0,46,70,"GC02"
2024-02-23,"Fri",123,12200,1,0,46,60,"GC02"
2024-02-24,"Sat",218,14150,4,0,11,156,"GC02"
2024-02-25,"Sun",232,13700,9,0,16,164,"GC02"
2024-02-26,"Mon",183,11200,4,0,8,86,"GC02"
2024-02-27,"Tue",198,10300,16,1,24,96,"GC02"
2024-02-28,"Wed",155,11800,1,1,14,83,"GC02"
2024-02-29,"Thu",165,10700,11,0,42,80,"GC02"
2024-03-01,"Fri",213,10600,11,1,4,104,"GC02"
2024-03-02,"Sat",215,14800,0,0,27,152,"GC02"
2024-03-03,"Sun",248,11800,20,1,0,174,"GC02"
2024-03-04,"Mon",177,11900,1,0,4,82,"GC02"
2024-03-05,"Tue",181,12100,1,0,12,98,"GC02"
2024-03-06,"Wed",161,11900,1,1,24,76,"GC02"
2024-03-07,"Thu",144,12200,1,0,46,56,"GC02"
2024-03-08,"Fri",218,9400,20,1,29,102,"GC02"
2024-03-09,"Sat",222,14450,4,0,13,156,"GC02"
2024-03-10,"Sun",254,13400,9,1,10,184,"GC02"
2024-03-11,"Mon",163,10600,11,1,40,78,"GC02"
2024-03-12,"Tue",133,11900,0,0,34,65,"GC02"
2024-03-13,"Wed",164,11500,6,0,33,80,"GC02"
2024-03-14,"Thu",199,9500,20,0,48,104,"GC02"
2024-03-15,"Fri",167,11900,0,0,47,81,"GC02"
2024-03-16,"Sat",210,14450,6,0,33,140,"GC02"
2024-03-17,"Sun",219,15100,1,0,3,149,"GC02"
2024-03-18,"Mon",159,11800,0,0,35,67,"GC02"
2024-03-19,"Tue",155,11800,0,0,29,85,"GC02"
2024-03-20,"Wed",205,9700,19,1,17,99,"GC02"
2024-03-21,"Thu",154,11800,0,1,40,82,"GC02"
2024-03-22,"Fri",183,10000,14,1,45,95,"GC02"
2024-03-23,"Sat",208,14050,6,0,33,137,"GC02"
2024-03-24,"Sun",193,15200,1,1,30,129,"GC02"
2024-03-25,"Mon",180,11500,6,0,9,97,"GC02"
2024-03-26,"Tue",164,11900,0,1,22,90,"GC02"
2024-03-27,"Wed",132,11800,0,0,50,71,"GC02"
2024-03-28,"Thu",210,10400,14,1,10,106,"GC02"
2024-03-29,"Fri",233,11000,9,1,11,112,"GC02"
2024-03-30,"Sat",229,14450,4,0,16,156,"GC02"
2024-03-31,"Sun",224,15200,1,1,7,145,"GC02"
2024-04-01,"Mon",162,11900,1,0,31,78,"GC02"
2024-04-02,"Tue",177,10900,11,1,57,82,"GC02"
2024-04-03,"Wed",173,11600,6,0,20,89,"GC02"
2024-04-04,"Thu",238,9800,20,0,7,105,"GC02"
2024-04-05,"Fri",220,11900,0,0,10,106,"GC02"
2024-04-06,"Sat",212,13700,9,1,60,140,"GC02"
2024-04-07,"Sun",216,14800,1,0,22,156,"GC02"
2024-04-08,"Mon",191,10600,9,1,27,96,"GC02"
2024-04-09,"Tue",175,11500,4,0,16,93,"GC02"
2024-04-10,"Wed",181,11800,1,0,11,80,"GC02"
2024-04-11,"Thu",161,11600,4,0,33,73,"GC02"
2024-04-12,"Fri",200,10000,14,1,47,101,"GC02"
2024-04-13,"Sat",227,13300,11,1,54,164,"GC02"
2024-04-14,"Sun",246,12950,14,1,24,169,"GC02"
2024-04-15,"Mon",173,12200,1,0,28,77,"GC02"
2024-04-16,"Tue",147,12200,1,0,41,73,"GC02"
2024-04-17,"Wed",174,11300,4,0,12,94,"GC02"
2024-04-18,"Thu",219,11600,6,1,2,110,"GC02"
2024-04-19,"Fri",207,10400,14,1,38,106,"GC02"
2024-04-20,"Sat",194,14900,1,0,38,135,"GC02"
2024-04-21,"Sun",230,14800,1,0,11,155,"GC02"
2024-04-22,"Mon",145,11800,1,0,31,68,"GC02"
2024-04-23,"Tue",210,10700,11,1,9,91,"GC02"
2024-04-24,"Wed",184,11500,6,1,20,89,"GC02"
2024-04-25,"Thu",166,11300,4,0,27,76,"GC02"
2024-04-26,"Fri",215,11900,0,1,19,111,"GC02"
2024-04-27,"Sat",243,12650,14,1,26,170,"GC02"
2024-04-28,"Sun",245,13400,9,1,28,167,"GC02"
2024-04-29,"Mon",171,12200,0,0,28,77,"GC02"
2024-04-30,"Tue",154,11800,0,0,24,76,"GC02"
2024-05-01,"Wed",182,12100,1,0,12,82,"GC02"
2024-05-02,"Thu",200,12100,0,1,11,96,"GC02"
2024-05-03,"Fri",233,11000,11,1,26,110,"GC02"
2024-05-04,"Sat",201,15200,0,0,31,146,"GC02"
2024-05-05,"Sun",215,13400,9,1,55,153,"GC02"
2024-05-06,"Mon",197,11800,0,1,10,97,"GC02"
2024-05-07,"Tue",178,11900,0,0,27,88,"GC02"
2024-05-08,"Wed",152,11900,0,0,29,73,"GC02"
2024-05-09,"Thu",181,12200,1,0,15,88,"GC02"
2024-05-10,"Fri",206,11300,4,0,9,106,"GC02"
2024-05-11,"Sat",212,14450,4,0,49,152,"GC02"
2024-05-12,"Sun",241,13300,9,0,30,163,"GC02"
2024-05-13,"Mon",204,10300,16,1,24,102,"GC02"
2024-05-14,"Tue",158,11600,6,1,48,69,"GC02"
2024-05-15,"Wed",173,11300,4,0,18,81,"GC02"
2024-05-16,"Thu",155,11200,6,0,45,77,"GC02"
2024-05-17,"Fri",198,10400,16,1,60,101,"GC02"
2024-05-18,"Sat",217,15200,0,0,22,149,"GC02"
2024-05-19,"Sun",205,15100,0,0,34,139,"GC02"
2024-05-20,"Mon",209,10700,11,1,12,103,"GC02"
2024-05-21,"Tue",199,10000,16,1,40,103,"GC02"
2024-05-22,"Wed",191,10600,9,1,28,87,"GC02"
2024-05-23,"Thu",176,12200,0,1,33,89,"GC02"
2024-05-24,"Fri",189,11800,0,1,42,91,"GC02"
2024-05-25,"Sat",254,12550,14,1,16,179,"GC02"
2024-05-26,"Sun",194,14150,4,1,57,142,"GC02"
2024-05-27,"Mon",155,12200,0,0,30,86,"GC02"
2024-05-28,"Tue",168,12200,1,0,32,87,"GC02"
2024-05-29,"Wed",182,11300,4,0,14,98,"GC02"
2024-05-30,"Thu",199,10300,14,1,36,117,"GC02"
2024-05-31,"Fri",245,10400,14,1,10,127,"GC02"
2024-06-01,"Sat",213,14150,4,0,10,136,"GC02"
2024-06-02,"Sun",179,14900,0,1,42,123,"GC02"
2024-06-03,"Mon",204,10900,9,1,8,89,"GC02"
2024-06-04,"Tue",146,11900,1,0,23,69,"GC02"
2024-06-05,"Wed",190,11900,1,1,7,96,"GC02"
2024-06-06,"Thu",140,12200,0,0,43,75,"GC02"
2024-06-07,"Fri",208,11500,4,0,6,101,"GC02"
2024-06-08,"Sat",205,14150,4,0,31,143,"GC02"
2024-06-09,"Sun",184,14800,1,0,29,117,"GC02"
2024-06-10,"Mon",206,9700,20,1,8,126,"GC02"
2024-06-11,"Tue",146,12200,1,0,27,77,"GC02"
2024-06-12,"Wed",161,11000,11,1,35,78,"GC02"
2024-06-13,"Thu",173,11200,6,0,10,80,"GC02"
2024-06-14,"Fri",223,10700,9,1,7,112,"GC02"
2024-06-15,"Sat",212,13600,11,1,36,158,"GC02"
2024-06-16,"Sun",209,15100,0,1,21,149,"GC02"
2024-06-17,"Mon",186,10900,9,1,14,98,"GC02"
2024-06-18,"Tue",158,10300,14,1,44,91,"GC02"
2024-06-19,"Wed",168,12200,1,0,12,77,"GC02"
2024-06-20,"Thu",144,10600,11,1,46,62,"GC02"
2024-06-21,"Fri",153,10400,16,1,70,81,"GC02"
2024-06-22,"Sat",205,15100,1,0,21,149,"GC02"
2024-06-23,"Sun",183,15200,1,0,33,131,"GC02"
2024-06-24,"Mon",131,11200,4,0,52,63,"GC02"
2024-06-25,"Tue",127,11900,1,1,45,59,"GC02"
2024-06-26,"Wed",153,11500,6,1,39,88,"GC02"
2024-06-27,"Thu",123,12100,0,0,49,56,"GC02"
2024-06-28,"Fri",170,11200,4,1,26,82,"GC02"
2024-06-29,"Sat",175,14900,1,0,46,126,"GC02"
2024-06-30,"Sun",215,14900,1,1,13,139,"GC02"
2024-07-01,"Mon",170,10700,11,1,30,74,"GC02"
2024-07-02,"Tue",134,11500,6,0,42,77,"GC02"
2024-07-03,"Wed",171,11500,6,0,41,85,"GC02"
2024-07-04,"Thu",147,12200,1,0,12,65,"GC02"
2024-07-05,"Fri",180,10100,16,1,25,95,"GC02"
2024-07-06,"Sat",194,14900,0,0,24,126,"GC02"
2024-07-07,"Sun",192,14900,1,0,18,139,"GC02"
2024-07-08,"Mon",218,9500,19,1,17,108,"GC02"
2024-07-09,"Tue",150,11500,6,0,35,68,"GC02"
2024-07-10,"Wed",201,10400,14,1,28,89,"GC02"
2024-07-11,"Thu",152,12200,1,0,39,72,"GC02"
2024-07-12,"Fri",175,11800,1,0,24,83,"GC02"
2024-07-13,"Sat",212,14350,4,0,31,145,"GC02"
2024-07-14,"Sun",182,15100,0,0,36,127,"GC02"
2024-07-15,"Mon",176,10100,14,1,49,86,"GC02"
2024-07-16,"Tue",134,11300,6,0,26,60,"GC02"
2024-07-17,"Wed",171,11000,11,0,28,87,"GC02"
2024-07-18,"Thu",166,10600,9,1,32,70,"GC02"
2024-07-19,"Fri",176,10300,14,1,60,96,"GC02"
2024-07-20,"Sat",201,15200,1,0,22,138,"GC02"
2024-07-21,"Sun",192,15200,0,1,27,136,"GC02"
2024-07-22,"Mon",195,10100,14,1,26,94,"GC02"
2024-07-23,"Tue",186,10100,16,1,32,91,"GC02"
2024-07-24,"Wed",165,12100,0,0,12,85,"GC02"
2024-07-25,"Thu",165,10600,9,1,30,81,"GC02"
2024-07-26,"Fri",172,11900,0,0,13,85,"GC02"
2024-07-27,"Sat",183,14900,1,0,40,126,"GC02"
2024-07-28,"Sun",210,15100,0,0,3,137,"GC02"
2024-07-29,"Mon",164,11500,6,0,26,82,"GC02"
2024-07-30,"Tue",146,12200,0,1,23,68,"GC02"
2024-07-31,"Wed",169,11000,9,1,28,83,"GC02"
2024-08-01,"Thu",155,11500,4,0,33,78,"GC02"
2024-08-02,"Fri",164,12200,0,0,19,79,"GC02"
2024-08-03,"Sat",196,14900,1,0,30,133,"GC02"
2024-08-04,"Sun",215,14900,0,0,10,155,"GC02"
2024-08-05,"Mon",118,11200,6,1,74,53,"GC02"
2024-08-06,"Tue",156,12200,1,0,5,80,"GC02"
2024-08-07,"Wed",180,10900,11,1,24,89,"GC02"
2024-08-08,"Thu",144,11500,4,0,26,65,"GC02"
2024-08-09,"Fri",200,11900,1,1,7,103,"GC02"
2024-08-10,"Sat",165,15200,1,0,61,125,"GC02"
2024-08-11,"Sun",196,13600,9,1,45,142,"GC02"
2024-08-12,"Mon",172,11300,6,0,15,88,"GC02"
2024-08-13,"Tue",162,12100,1,0,16,81,"GC02"
2024-08-14,"Wed",142,11200,6,0,27,69,"GC02"
2024-08-15,"Thu",182,11500,6,1,2,89,"GC02"
2024-08-16,"Fri",143,12100,1,1,51,68,"GC02"
2024-08-17,"Sat",226,13300,9,1,21,161,"GC02"
2024-08-18,"Sun",204,15200,0,0,24,140,"GC02"
2024-08-19,"Mon",139,12200,1,0,35,73,"GC02"
2024-08-20,"Tue",195,10400,16,1,22,109,"GC02"
2024-08-21,"Wed",137,11800,0,0,48,69,"GC02"
2024-08-22,"Thu",136,11900,1,0,25,69,"GC02"
2024-08-23,"Fri",180,11600,4,0,17,95,"GC02"
2024-08-24,"Sat",240,12550,14,1,24,173,"GC02"
2024-08-25,"Sun",198,14900,1,1,31,138,"GC02"
2024-08-26,"Mon",135,11900,1,0,38,67,"GC02"
2024-08-27,"Tue",172,11600,4,1,9,80,"GC02"
2024-08-28,"Wed",123,11800,1,0,46,53,"GC02"
2024-08-29,"Thu",191,10300,14,1,6,99,"GC02"
2024-08-30,"Fri",152,11800,0,0,27,74,"GC02"
2024-08-31,"Sat",158,14800,1,0,52,110,"GC02"
2024-09-01,"Sun",165,15100,0,0,56,122,"GC02"
2024-09-02,"Mon",168,12100,1,0,7,79,"GC02"
2024-09-03,"Tue",194,10700,9,1,5,109,"GC02"
2024-09-04,"Wed",147,12200,1,1,34,62,"GC02"
2024-09-05,"Thu",158,12200,0,0,5,72,"GC02"
2024-09-06,"Fri",148,11900,0,0,52,73,"GC02"
2024-09-07,"Sat",190,14900,1,1,33,126,"GC02"
2024-09-08,"Sun",218,12950,16,1,21,149,"GC02"
2024-09-09,"Mon",110,12100,0,0,42,56,"GC02"
2024-09-10,"Tue",182,10600,9,1,40,92,"GC02"
2024-09-11,"Wed",165,11600,4,0,33,83,"GC02"
2024-09-12,"Thu",172,10700,11,1,32,87,"GC02"
2024-09-13,"Fri",193,11600,6,0,15,87,"GC02"
2024-09-14,"Sat",249,13600,11,1,13,164,"GC02"
2024-09-15,"Sun",169,15200,0,0,35,122,"GC02"
2024-09-16,"Mon",158,10900,11,1,53,82,"GC02"
2024-09-17,"Tue",151,11800,0,0,25,68,"GC02"
2024-09-18,"Wed",118,11900,0,0,45,64,"GC02"
2024-09-19,"Thu",140,11800,0,0,23,73,"GC02"
2024-09-20,"Fri",162,11800,0,1,32,87,"GC02"
2024-09-21,"Sat",212,14800,0,0,2,152,"GC02"
2024-09-22,"Sun",204,14350,6,0,12,146,"GC02"
2024-09-23,"Mon",130,12200,0,0,41,62,"GC02"
2024-09-24,"Tue",172,12200,0,0,23,80,"GC02"
2024-09-25,"Wed",167,11900,0,0,9,96,"GC02"
2024-09-26,"Thu",187,11200,4,0,8,93,"GC02"
2024-09-27,"Fri",190,11600,6,0,14,87,"GC02"
2024-09-28,"Sat",190,13600,11,0,71,134,"GC02"
2024-09-29,"Sun",221,12550,16,1,32,151,"GC02"
2024-09-30,"Mon",146,11800,1,0,10,83,"GC02"
2024-10-01,"Tue",185,11200,6,0,7,94,"GC02"
2024-10-02,"Wed",192,10300,16,1,40,87,"GC02"
2024-10-03,"Thu",188,10900,11,1,45,96,"GC02"
2024-10-04,"Fri",216,12100,0,0,2,110,"GC02"
2024-10-05,"Sat",209,13300,11,1,57,145,"GC02"
2024-10-06,"Sun",186,15200,0,1,64,140,"GC02"
2024-10-07,"Mon",155,12200,0,1,28,68,"GC02"
2024-10-08,"Tue",162,11900,0,0,17,74,"GC02"
2024-10-09,"Wed",169,11500,6,0,25,89,"GC02"
2024-10-10,"Thu",155,12100,1,0,19,69,"GC02"
2024-10-11,"Fri",217,10400,14,1,32,117,"GC02"
2024-10-12,"Sat",230,14900,1,0,14,157,"GC02"
2024-10-13,"Sun",206,14350,4,0,23,146,"GC02"
2024-10-14,"Mon",229,9700,20,1,26,108,"GC02"
2024-10-15,"Tue",171,11800,0,0,8,101,"GC02"
2024-10-16,"Wed",227,10100,14,1,12,118,"GC02"
2024-10-17,"Thu",168,11900,0,0,27,75,"GC02"
2024-10-18,"Fri",191,10000,14,1,56,105,"GC02"
2024-10-19,"Sat",216,15200,1,1,24,137,"GC02"
2024-10-20,"Sun",215,13400,9,1,47,154,"GC02"
2024-10-21,"Mon",198,10600,11,1,19,92,"GC02"
2024-10-22,"Tue",200,10000,16,1,31,93,"GC02"
2024-10-23,"Wed",158,12100,1,0,24,73,"GC02"
2024-10-24,"Thu",183,11500,4,1,19,103,"GC02"
2024-10-25,"Fri",218,11200,4,1,24,112,"GC02"
2024-10-26,"Sat",228,14150,6,0,29,156,"GC02"
2024-10-27,"Sun",251,12650,14,1,27,178,"GC02"
2024-10-28,"Mon",202,10300,16,1,18,97,"GC02"
2024-10-29,"Tue",172,12100,1,0,32,82,"GC02"
2024-10-30,"Wed",185,11300,6,0,22,99,"GC02"
2024-10-31,"Thu",186,11300,6,1,32,83,"GC02"
2024-11-01,"Fri",230,10400,16,1,25,93,"GC02"
2024-11-02,"Sat",170,14800,1,0,55,111,"GC02"
2024-11-03,"Sun",215,15100,0,1,21,151,"GC02"
2024-11-04,"Mon",175,10900,11,1,34,96,"GC02"
2024-11-05,"Tue",181,11500,4,0,17,97,"GC02"
2024-11-06,"Wed",161,11600,6,0,56,83,"GC02"
2024-11-07,"Thu",231,10600,9,1,2,123,"GC02"
2024-11-08,"Fri",214,11000,11,1,20,116,"GC02"
2024-11-09,"Sat",221,14800,0,1,19,154,"GC02"
2024-11-10,"Sun",216,13700,11,1,35,160,"GC02"
2024-11-11,"Mon",192,10400,16,1,42,95,"GC02"
2024-11-12,"Tue",145,11200,4,0,33,70,"GC02"
2024-11-13,"Wed",154,11300,4,0,63,77,"GC02"
2024-11-14,"Thu",180,10400,14,1,60,93,"GC02"
2024-11-15,"Fri",189,11200,6,0,31,100,"GC02"
2024-11-16,"Sat",240,15100,1,1,14,155,"GC02"
2024-11-17,"Sun",231,13400,9,1,39,160,"GC02"
2024-11-18,"Mon",163,12100,0,0,19,79,"GC02"
2024-11-19,"Tue",115,11800,0,0,74,51,"GC02"
2024-11-20,"Wed",171,10100,14,1,56,83,"GC02"
2024-11-21,"Thu",164,11800,0,0,13,75,"GC02"
2024-11-22,"Fri",196,11900,1,0,17,115,"GC02"
2024-11-23,"Sat",216,14450,6,1,29,148,"GC02"
2024-11-24,"Sun",202,14900,0,0,29,134,"GC02"
2024-11-25,"Mon",152,11900,1,0,30,68,"GC02"
2024-11-26,"Tue",142,11200,6,0,39,66,"GC02"
2024-11-27,"Wed",191,10400,14,1,27,96,"GC02"
2024-11-28,"Thu",183,10700,11,1,55,100,"GC02"
2024-11-29,"Fri",182,11800,0,0,37,83,"GC02"
2024-11-30,"Sat",215,15100,0,0,15,141,"GC02"
2024-12-01,"Sun",187,15100,0,0,19,136,"GC02"
2024-12-02,"Mon",176,10900,11,1,20,80,"GC02"
2024-12-03,"Tue",152,11200,6,0,14,71,"GC02"
2024-12-04,"Wed",129,11500,4,0,42,66,"GC02"
2024-12-05,"Thu",136,11000,9,1,67,68,"GC02"
2024-12-06,"Fri",184,11900,0,0,15,91,"GC02"
2024-12-07,"Sat",176,13300,9,1,62,121,"GC02"
2024-12-08,"Sun",204,14800,0,0,19,154,"GC02"
2024-12-09,"Mon",149,11500,4,0,25,74,"GC02"
2024-12-10,"Tue",149,10700,9,1,54,75,"GC02"
2024-12-11,"Wed",176,11600,6,1,16,87,"GC02"
2024-12-12,"Thu",142,11000,11,1,65,73,"GC02"
2024-12-13,"Fri",135,12200,0,0,42,69,"GC02"
2024-12-14,"Sat",220,14150,4,1,6,157,"GC02"
2024-12-15,"Sun",213,15100,1,0,7,155,"GC02"
2024-12-16,"Mon",143,12100,1,1,48,64,"GC02"
2024-12-17,"Tue",177,10900,11,1,15,106,"GC02"
2024-12-18,"Wed",153,11800,0,1,34,84,"GC02"
2024-12-19,"Thu",119,11800,0,0,47,58,"GC02"
2024-12-20,"Fri",222,10600,9,1,15,107,"GC02"
2024-12-21,"Sat",199,14800,0,0,10,152,"GC02"
2024-12-22,"Sun",210,14450,6,1,9,151,"GC02"
2024-12-23,"Mon",147,11600,6,0,38,76,"GC02"
2024-12-24,"Tue",156,11600,4,0,28,84,"GC02"
2024-12-25,"Wed",189,9800,20,1,16,91,"GC02"
2024-12-26,"Thu",172,11500,6,1,23,86,"GC02"
2024-12-27,"Fri",175,12200,1,0,17,95,"GC02"
2024-12-28,"Sat",185,14800,1,0,22,124,"GC02"
2024-12-29,"Sun",219,13700,11,1,40,150,"GC02"
2024-12-30,"Mon",151,11900,1,0,19,71,"GC02"
2024-12-31,"Tue",164,11800,0,0,9,78,"GC02"
2025-01-01,"Wed",105,11800,1,0,67,49,"GC02"
2025-01-02,"Thu",123,11200,4,0,47,63,"GC02"
2025-01-03,"Fri",164,12100,1,0,19,74,"GC02"
2025-01-04,"Sat",185,15200,0,0,29,133,"GC02"
2025-01-05,"Sun",194,14900,1,0,13,137,"GC02"
2025-01-06,"Mon",156,11800,0,0,10,87,"GC02"
2025-01-07,"Tue",168,10600,9,1,30,90,"GC02"
2025-01-08,"Wed",154,11900,1,1,28,74,"GC02"
2025-01-09,"Thu",159,12200,1,0,27,78,"GC02"
2025-01-10,"Fri",226,9800,19,1,23,108,"GC02"
2025-01-11,"Sat",203,14450,4,0,19,147,"GC02"
2025-01-12,"Sun",232,12550,16,1,27,158,"GC02"
2025-01-13,"Mon",180,10900,11,1,14,81,"GC02"
2025-01-14,"Tue",221,9500,20,1,0,117,"GC02"
2025-01-15,"Wed",157,11300,6,0,31,69,"GC02"
2025-01-16,"Thu",140,11800,0,1,56,66,"GC02"
2025-01-17,"Fri",204,11000,11,0,28,108,"GC02"
2025-01-18,"Sat",245,12550,16,1,4,158,"GC02"
2025-01-19,"Sun",201,15100,1,0,23,134,"GC02"
2025-01-20,"Mon",156,12200,0,1,16,76,"GC02"
2025-01-21,"Tue",147,11300,4,1,45,76,"GC02"
2025-01-22,"Wed",187,9500,20,1,22,88,"GC02"
2025-01-23,"Thu",208,10100,14,1,1,108,"GC02"
2025-01-24,"Fri",178,11800,1,0,3,91,"GC02"
2025-01-25,"Sat",199,15100,1,1,27,138,"GC02"
2025-01-26,"Sun",226,12950,16,1,33,154,"GC02"
2025-01-27,"Mon",198,10300,14,1,7,97,"GC02"
2025-01-28,"Tue",173,10000,14,1,44,91,"GC02"
2025-01-29,"Wed",204,11000,11,1,9,95,"GC02"
2025-01-30,"Thu",137,12100,0,0,25,59,"GC02"
2025-01-31,"Fri",179,11800,0,0,20,83,"GC02"
2025-02-01,"Sat",217,14350,4,1,21,144,"GC02"
2025-02-02,"Sun",200,14900,0,0,46,136,"GC02"
2025-02-03,"Mon",201,9400,20,1,17,85,"GC02"
2025-02-04,"Tue",144,12200,1,0,29,68,"GC02"
2025-02-05,"Wed",182,11000,11,1,25,95,"GC02"
2025-02-06,"Thu",149,11900,0,0,7,77,"GC02"
2025-02-07,"Fri",165,11500,6,0,51,71,"GC02"
2025-02-08,"Sat",234,14050,4,1,0,161,"GC02"
2025-02-09,"Sun",195,14350,6,0,28,134,"GC02"
2025-02-10,"Mon",128,12200,0,0,37,55,"GC02"
2025-02-11,"Tue",206,10000,14,1,4,95,"GC02"
2025-02-12,"Wed",170,10400,16,1,45,70,"GC02"
2025-02-13,"Thu",160,10900,9,1,48,72,"GC02"
2025-02-14,"Fri",194,10600,9,1,20,111,"GC02"
2025-02-15,"Sat",190,14350,6,0,25,142,"GC02"
2025-02-16,"Sun",208,13400,9,1,44,142,"GC02"
2025-02-17,"Mon",133,11800,1,0,31,78,"GC02"
2025-02-18,"Tue",186,11000,11,1,10,96,"GC02"
2025-02-19,"Wed",140,11800,0,0,37,66,"GC02"
2025-02-20,"Thu",163,11800,1,1,20,82,"GC02"
2025-02-21,"Fri",151,10900,11,1,72,71,"GC02"
2025-02-22,"Sat",228,12950,14,1,40,163,"GC02"
2025-02-23,"Sun",188,15100,0,0,21,132,"GC02"
2025-02-24,"Mon",174,12200,1,1,4,81,"GC02"
2025-02-25,"Tue",195,10900,11,1,18,87,"GC02"
2025-02-26,"Wed",136,12100,0,0,43,62,"GC02"
2025-02-27,"Thu",156,12100,1,0,36,64,"GC02"
2025-02-28,"Fri",184,11500,4,1,3,103,"GC02"
2025-03-01,"Sat",208,15200,0,0,21,144,"GC02"
2025-03-02,"Sun",224,13700,9,1,18,180,"GC02"
2025-03-03,"Mon",120,11800,1,0,57,58,"GC02"
2025-03-04,"Tue",165,12200,1,1,20,83,"GC02"
2025-03-05,"Wed",217,10100,14,1,17,109,"GC02"
2025-03-06,"Thu",189,10000,16,1,17,96,"GC02"
2025-03-07,"Fri",214,10600,9,1,22,112,"GC02"
2025-03-08,"Sat",173,15200,0,0,47,127,"GC02"
2025-03-09,"Sun",188,14350,6,0,54,127,"GC02"
2025-03-10,"Mon",209,10400,14,1,19,92,"GC02"
2025-03-11,"Tue",166,11600,4,1,38,76,"GC02"
2025-03-12,"Wed",148,11800,0,0,27,75,"GC02"
2025-03-13,"Thu",181,11200,4,1,20,84,"GC02"
2025-03-14,"Fri",204,11900,0,1,24,91,"GC02"
2025-03-15,"Sat",212,13300,11,1,38,147,"GC02"
2025-03-16,"Sun",220,14800,0,0,15,154,"GC02"
2025-03-17,"Mon",158,11200,4,0,27,76,"GC02"
2025-03-18,"Tue",177,12200,1,1,5,88,"GC02"
2025-03-19,"Wed",176,10600,9,1,31,92,"GC02"
2025-03-20,"Thu",177,11600,4,0,0,96,"GC02"
2025-03-21,"Fri",172,11600,6,0,36,93,"GC02"
2025-03-22,"Sat",230,14050,6,0,5,156,"GC02"
2025-03-23,"Sun",247,12100,19,1,18,183,"GC02"
2025-03-24,"Mon",214,10000,16,1,12,124,"GC02"
2025-03-25,"Tue",155,12200,0,0,35,78,"GC02"
2025-03-26,"Wed",194,10100,14,1,20,103,"GC02"
2025-03-27,"Thu",167,11600,6,0,23,79,"GC02"
2025-03-28,"Fri",167,12100,0,0,22,90,"GC02"
2025-03-29,"Sat",219,12850,16,1,51,162,"GC02"
2025-03-30,"Sun",213,14900,0,1,32,142,"GC02"
2025-03-31,"Mon",166,11900,1,0,26,92,"GC02"
2025-04-01,"Tue",208,10900,11,1,13,97,"GC02"
2025-04-02,"Wed",159,11900,0,0,27,90,"GC02"
2025-04-03,"Thu",175,12100,1,0,35,89,"GC02"
2025-04-04,"Fri",246,9700,20,1,22,131,"GC02"
2025-04-05,"Sat",243,14350,6,0,16,159,"GC02"
2025-04-06,"Sun",205,14900,1,0,33,147,"GC02"
2025-04-07,"Mon",200,11000,11,1,36,100,"GC02"
2025-04-08,"Tue",181,11300,4,0,20,90,"GC02"
2025-04-09,"Wed",142,11900,0,0,39,69,"GC02"
2025-04-10,"Thu",170,11800,0,0,21,87,"GC02"
2025-04-11,"Fri",210,10600,9,1,24,102,"GC02"
2025-04-12,"Sat",229,14050,6,0,19,156,"GC02"
2025-04-13,"Sun",252,12200,20,1,18,177,"GC02"
2025-04-14,"Mon",178,12100,0,0,27,90,"GC02"
2025-04-15,"Tue",159,12200,0,0,34,72,"GC02"
2025-04-16,"Wed",147,11500,6,0,39,72,"GC02"
2025-04-17,"Thu",182,10700,11,1,44,101,"GC02"
2025-04-18,"Fri",240,10700,11,1,9,116,"GC02"
2025-04-19,"Sat",228,13300,9,0,43,142,"GC02"
2025-04-20,"Sun",226,15200,1,1,8,168,"GC02"
2025-04-21,"Mon",142,12100,0,0,66,74,"GC02"
2025-04-22,"Tue",209,9400,20,1,31,100,"GC02"
2025-04-23,"Wed",138,12200,1,0,41,60,"GC02"
2025-04-24,"Thu",152,12200,0,0,41,71,"GC02"
2025-04-25,"Fri",212,11000,11,1,24,108,"GC02"
2025-04-26,"Sat",255,11900,19,1,23,196,"GC02"
2025-04-27,"Sun",217,13700,9,1,46,150,"GC02"
2025-04-28,"Mon",182,10600,9,1,28,103,"GC02"
2025-04-29,"Tue",206,10600,9,1,12,103,"GC02"
2025-04-30,"Wed",182,12200,1,0,9,78,"GC02"
2025-05-01,"Thu",221,10600,9,1,25,106,"GC02"
2025-05-02,"Fri",200,11500,4,1,28,112,"GC02"
2025-05-03,"Sat",242,14150,6,0,1,182,"GC02"
2025-05-04,"Sun",234,13400,9,1,42,144,"GC02"
2025-05-05,"Mon",190,11600,6,0,26,101,"GC02"
2025-05-06,"Tue",156,11800,0,1,46,72,"GC02"
2025-05-07,"Wed",186,11200,6,0,6,94,"GC02"
2025-05-08,"Thu",198,11300,4,0,7,100,"GC02"
2025-05-09,"Fri",188,11300,6,1,22,91,"GC02"
2025-05-10,"Sat",224,14050,4,0,27,160,"GC02"
2025-05-11,"Sun",249,13600,9,1,22,173,"GC02"
2025-05-12,"Mon",175,12100,0,0,25,80,"GC02"
2025-05-13,"Tue",177,11200,4,0,25,85,"GC02"
2025-05-14,"Wed",159,11900,0,0,25,86,"GC02"
2025-05-15,"Thu",214,10700,9,1,19,115,"GC02"
2025-05-16,"Fri",213,10600,9,1,44,88,"GC02"
2025-05-17,"Sat",223,15100,1,0,9,153,"GC02"
2025-05-18,"Sun",238,13700,9,1,50,167,"GC02"
2025-05-19,"Mon",164,12100,1,0,47,75,"GC02"
2025-05-20,"Tue",142,12100,0,0,64,61,"GC02"
2025-05-21,"Wed",178,11600,4,0,30,93,"GC02"
2025-05-22,"Thu",202,11300,6,1,7,92,"GC02"
2025-05-23,"Fri",180,12200,0,0,24,99,"GC02"
2025-05-24,"Sat",209,14900,1,0,38,149,"GC02"
2025-05-25,"Sun",230,13600,9,1,56,161,"GC02"
2025-05-26,"Mon",173,10600,11,1,50,87,"GC02"
2025-05-27,"Tue",214,10100,14,1,29,101,"GC02"
2025-05-28,"Wed",165,12200,0,1,18,79,"GC02"
2025-05-29,"Thu",180,11800,0,1,31,91,"GC02"
2025-05-30,"Fri",236,10000,16,1,17,120,"GC02"
2025-05-31,"Sat",243,13300,9,1,15,176,"GC02"
2025-06-01,"Sun",211,15200,1,0,6,142,"GC02"
2025-06-02,"Mon",151,11900,0,1,19,78,"GC02"
2025-06-03,"Tue",157,10600,9,1,39,91,"GC02"
2025-06-04,"Wed",152,10400,16,1,50,77,"GC02"
2025-06-05,"Thu",163,10700,11,1,31,82,"GC02"
2025-06-06,"Fri",204,10400,16,1,26,110,"GC02"
2025-06-07,"Sat",195,14800,1,0,25,132,"GC02"
2025-06-08,"Sun",237,14050,4,1,6,163,"GC02"
2025-06-09,"Mon",157,11900,0,0,30,77,"GC02"
2025-06-10,"Tue",201,10100,16,1,1,105,"GC02"
2025-06-11,"Wed",133,12200,0,0,44,72,"GC02"
2025-06-12,"Thu",218,9400,20,1,15,107,"GC02"
2025-06-13,"Fri",179,12200,1,0,10,76,"GC02"
2025-06-14,"Sat",208,12850,16,1,50,147,"GC02"
2025-06-15,"Sun",204,15100,0,1,21,137,"GC02"
2025-06-16,"Mon",163,11600,6,0,8,74,"GC02"
2025-06-17,"Tue",119,11900,1,1,53,67,"GC02"
2025-06-18,"Wed",140,12200,1,0,19,78,"GC02"
2025-06-19,"Thu",160,12200,0,0,0,84,"GC02"
2025-06-20,"Fri",168,11800,0,0,36,80,"GC02"
2025-06-21,"Sat",185,14800,0,0,27,125,"GC02"
2025-06-22,"Sun",186,13300,11,1,63,126,"GC02"
2025-06-23,"Mon",150,11200,4,0,28,83,"GC02"
2025-06-24,"Tue",151,12200,0,0,32,80,"GC02"
2025-06-25,"Wed",154,11900,1,0,39,80,"GC02"
2025-06-26,"Thu",183,10300,16,1,27,97,"GC02"
2025-06-27,"Fri",167,11600,4,0,26,92,"GC02"
2025-06-28,"Sat",219,14050,6,1,13,159,"GC02"
2025-06-29,"Sun",184,14350,6,0,57,127,"GC02"
2025-06-30,"Mon",185,10700,9,1,26,98,"GC02"
2025-07-01,"Tue",157,11300,4,0,44,79,"GC02"
2025-07-02,"Wed",154,12200,1,0,35,66,"GC02"
2025-07-03,"Thu",115,11900,0,0,52,54,"GC02"
2025-07-04,"Fri",169,10700,11,1,45,79,"GC02"
2025-07-05,"Sat",202,13600,9,1,45,134,"GC02"
2025-07-06,"Sun",255,12650,14,0,10,175,"GC02"
2025-07-07,"Mon",142,11500,4,0,33,69,"GC02"
2025-07-08,"Tue",160,11800,0,1,15,88,"GC02"
2025-07-09,"Wed",157,11500,4,0,39,75,"GC02"
2025-07-10,"Thu",144,11800,1,0,20,72,"GC02"
2025-07-11,"Fri",167,11300,6,0,45,87,"GC02"
2025-07-12,"Sat",197,15100,0,0,8,131,"GC02"
2025-07-13,"Sun",233,13400,9,1,11,164,"GC02"
2025-07-14,"Mon",161,11500,6,0,22,74,"GC02"
2025-07-15,"Tue",169,10700,11,1,25,83,"GC02"
2025-07-16,"Wed",129,12100,1,1,49,63,"GC02"
2025-07-17,"Thu",189,10400,14,1,16,89,"GC02"
2025-07-18,"Fri",183,11800,0,0,9,91,"GC02"
2025-07-19,"Sat",235,13600,9,0,4,166,"GC02"
2025-07-20,"Sun",209,14350,6,0,22,143,"GC02"
2025-07-21,"Mon",203,10400,16,1,9,108,"GC02"
2025-07-22,"Tue",119,11900,1,0,59,55,"GC02"
2025-07-23,"Wed",153,11300,6,0,6,84,"GC02"
2025-07-24,"Thu",186,11800,0,0,9,85,"GC02"
2025-07-25,"Fri",134,11800,1,0,68,72,"GC02"
2025-07-26,"Sat",174,15200,1,1,49,124,"GC02"
2025-07-27,"Sun",194,14800,0,0,23,117,"GC02"
2025-07-28,"Mon",142,10400,14,1,60,68,"GC02"
2025-07-29,"Tue",143,9500,19,1,53,76,"GC02"
2025-07-30,"Wed",159,10100,16,1,69,67,"GC02"
2025-07-31,"Thu",144,12200,1,0,29,70,"GC02"
2025-08-01,"Fri",187,11600,6,1,12,93,"GC02"
2025-08-02,"Sat",208,15100,1,0,20,146,"GC02"
2025-08-03,"Sun",233,13700,11,1,10,159,"GC02"
2025-08-04,"Mon",148,12200,0,0,21,61,"GC02"
2025-08-05,"Tue",155,10100,14,1,47,79,"GC02"
2025-08-06,"Wed",144,10700,9,1,51,68,"GC02"
2025-08-07,"Thu",135,12100,1,0,33,71,"GC02"
2025-08-08,"Fri",189,12100,1,1,14,98,"GC02"
2025-08-09,"Sat",211,15100,1,0,24,145,"GC02"
2025-08-10,"Sun",177,13700,11,1,56,131,"GC02"
2025-08-11,"Mon",180,11000,11,1,8,92,"GC02"
2025-08-12,"Tue",173,12100,1,0,9,81,"GC02"
2025-08-13,"Wed",153,12200,1,0,32,78,"GC02"
2025-08-14,"Thu",157,11800,0,1,31,71,"GC02"
2025-08-15,"Fri",186,10900,9,1,25,83,"GC02"
2025-08-16,"Sat",236,13700,9,1,4,160,"GC02"
2025-08-17,"Sun",163,14900,1,0,50,120,"GC02"
2025-08-18,"Mon",145,11600,4,0,47,87,"GC02"
2025-08-19,"Tue",157,11800,0,0,9,73,"GC02"
2025-08-20,"Wed",174,11600,4,1,19,78,"GC02"
2025-08-21,"Thu",150,11600,6,1,29,83,"GC02"
2025-08-22,"Fri",171,11600,4,1,39,79,"GC02"
2025-08-23,"Sat",245,11800,20,1,17,175,"GC02"
2025-08-24,"Sun",167,14900,1,0,53,120,"GC02"
2025-08-25,"Mon",148,11900,0,1,21,71,"GC02"
2025-08-26,"Tue",193,10000,16,1,22,87,"GC02"
2025-08-27,"Wed",161,12100,0,1,8,72,"GC02"
2025-08-28,"Thu",144,12200,0,0,37,68,"GC02"
2025-08-29,"Fri",227,10400,14,1,5,118,"GC02"
2025-08-30,"Sat",251,11900,19,1,9,183,"GC02"
2025-08-31,"Sun",185,15200,1,0,26,128,"GC02"
2025-09-01,"Mon",158,11000,9,1,46,75,"GC02"
2025-09-02,"Tue",175,10900,9,1,28,80,"GC02"
2025-09-03,"Wed",148,11600,6,0,38,71,"GC02"
2025-09-04,"Thu",205,10400,16,1,13,110,"GC02"
2025-09-05,"Fri",224,10000,14,1,18,112,"GC02"
2025-09-06,"Sat",181,15200,1,0,30,136,"GC02"
2025-09-07,"Sun",212,14800,0,0,18,137,"GC02"
2025-09-08,"Mon",188,10700,9,1,10,94,"GC02"
2025-09-09,"Tue",188,11000,9,1,4,108,"GC02"
2025-09-10,"Wed",147,12100,0,1,25,69,"GC02"
2025-09-11,"Thu",202,9700,20,1,27,105,"GC02"
2025-09-12,"Fri",140,11900,1,0,67,63,"GC02"
2025-09-13,"Sat",202,15200,0,0,23,131,"GC02"
2025-09-14,"Sun",201,14900,1,1,10,138,"GC02"
2025-09-15,"Mon",160,11800,1,0,15,71,"GC02"
2025-09-16,"Tue",170,12100,0,0,19,85,"GC02"
2025-09-17,"Wed",166,11900,0,1,13,86,"GC02"
2025-09-18,"Thu",107,11900,0,1,69,55,"GC02"
2025-09-19,"Fri",159,11300,6,0,30,80,"GC02"
2025-09-20,"Sat",202,14450,6,0,30,144,"GC02"
2025-09-21,"Sun",253,13600,9,1,9,190,"GC02"
2025-09-22,"Mon",157,11300,4,0,24,81,"GC02"
2025-09-23,"Tue",146,11900,0,0,22,76,"GC02"
2025-09-24,"Wed",177,11000,11,1,24,89,"GC02"
2025-09-25,"Thu",112,11600,4,0,64,67,"GC02"
2025-09-26,"Fri",184,11800,1,0,13,91,"GC02"
2025-09-27,"Sat",190,15100,1,0,25,129,"GC02"
2025-09-28,"Sun",218,12200,20,1,50,153,"GC02"
2025-09-29,"Mon",139,11500,6,0,29,75,"GC02"
2025-09-30,"Tue",134,12200,0,0,23,70,"GC02"
2025-10-01,"Wed",222,9400,19,1,4,118,"GC02"
2025-10-02,"Thu",176,11800,0,0,11,96,"GC02"
2025-10-03,"Fri",185,11300,4,0,30,93,"GC02"
2025-10-04,"Sat",192,14050,4,0,64,132,"GC02"
2025-10-05,"Sun",223,14800,0,0,8,157,"GC02"
2025-10-06,"Mon",194,11000,9,1,16,104,"GC02"
2025-10-07,"Tue",206,10000,16,1,28,104,"GC02"
2025-10-08,"Wed",190,11800,0,0,3,91,"GC02"
2025-10-09,"Thu",194,10600,11,1,16,107,"GC02"
2025-10-10,"Fri",235,10600,9,1,16,117,"GC02"
2025-10-11,"Sat",172,14900,0,0,77,127,"GC02"
2025-10-12,"Sun",242,13700,11,1,26,165,"GC02"
2025-10-13,"Mon",150,11200,4,0,31,70,"GC02"
2025-10-14,"Tue",183,11000,11,1,36,93,"GC02"
2025-10-15,"Wed",182,11500,6,0,29,84,"GC02"
2025-10-16,"Thu",175,10600,11,1,45,90,"GC02"
2025-10-17,"Fri",220,10600,9,1,21,105,"GC02"
2025-10-18,"Sat",214,14800,1,0,24,145,"GC02"
2025-10-19,"Sun",220,14800,1,0,23,146,"GC02"
2025-10-20,"Mon",173,10600,11,1,46,90,"GC02"
2025-10-21,"Tue",188,11300,6,1,28,97,"GC02"
2025-10-22,"Wed",176,11900,1,0,6,85,"GC02"
2025-10-23,"Thu",203,10300,16,1,39,92,"GC02"
2025-10-24,"Fri",173,11900,0,0,18,88,"GC02"
2025-10-25,"Sat",233,13600,9,1,20,166,"GC02"
2025-10-26,"Sun",223,13300,9,1,25,152,"GC02"
2025-10-27,"Mon",195,11000,11,1,22,102,"GC02"
2025-10-28,"Tue",179,10900,11,1,23,86,"GC02"
2025-10-29,"Wed",194,9500,19,1,38,96,"GC02"
2025-10-30,"Thu",212,10300,14,1,26,102,"GC02"
2025-10-31,"Fri",202,10600,9,1,30,105,"GC02"
2025-11-01,"Sat",216,13300,9,1,47,134,"GC02"
2025-11-02,"Sun",211,14900,0,0,34,154,"GC02"
2025-11-03,"Mon",147,11500,6,0,34,73,"GC02"
2025-11-04,"Tue",98,12100,1,0,85,47,"GC02"
2025-11-05,"Wed",187,10700,11,1,23,94,"GC02"
2025-11-06,"Thu",207,10600,11,1,27,101,"GC02"
2025-11-07,"Fri",196,10300,16,1,37,98,"GC02"
2025-11-08,"Sat",206,12950,16,1,76,134,"GC02"
2025-11-09,"Sun",202,15100,0,0,29,134,"GC02"
2025-11-10,"Mon",162,12200,0,1,36,80,"GC02"
2025-11-11,"Tue",225,11000,11,0,7,106,"GC02"
2025-11-12,"Wed",182,11600,4,0,14,100,"GC02"
2025-11-13,"Thu",163,11800,1,0,24,86,"GC02"
2025-11-14,"Fri",189,10600,11,1,63,106,"GC02"
2025-11-15,"Sat",252,12950,16,1,14,170,"GC02"
2025-11-16,"Sun",205,14450,4,0,37,148,"GC02"
2025-11-17,"Mon",171,11300,4,0,14,87,"GC02"
2025-11-18,"Tue",152,11900,1,0,34,77,"GC02"
2025-11-19,"Wed",193,10700,9,1,23,101,"GC02"
2025-11-20,"Thu",173,11600,6,0,32,90,"GC02"
2025-11-21,"Fri",165,11900,1,0,47,70,"GC02"
2025-11-22,"Sat",222,13600,11,1,15,165,"GC02"
2025-11-23,"Sun",241,14150,6,0,8,154,"GC02"
2025-11-24,"Mon",214,9400,19,1,24,101,"GC02"
2025-11-25,"Tue",228,9700,20,1,13,115,"GC02"
2025-11-26,"Wed",183,11300,6,0,8,92,"GC02"
2025-11-27,"Thu",151,11500,6,1,44,72,"GC02"
2025-11-28,"Fri",184,12200,1,0,6,89,"GC02"
2025-11-29,"Sat",246,12950,14,1,13,176,"GC02"
2025-11-30,"Sun",146,15100,0,0,73,111,"GC02"
2025-12-01,"Mon",151,11800,0,0,13,75,"GC02"
2025-12-02,"Tue",212,9800,20,0,13,95,"GC02"
2025-12-03,"Wed",164,11900,0,0,16,81,"GC02"
2025-12-04,"Thu",165,11800,1,0,11,83,"GC02"
2025-12-05,"Fri",170,10600,9,1,48,86,"GC02"
2025-12-06,"Sat",240,12650,16,0,35,159,"GC02"
2025-12-07,"Sun",253,13700,9,1,7,170,"GC02"
2025-12-08,"Mon",163,11600,4,1,25,69,"GC02"
2025-12-09,"Tue",139,12200,0,0,49,71,"GC02"
2025-12-10,"Wed",149,11800,0,0,17,84,"GC02"
2025-12-11,"Thu",150,12100,1,0,35,74,"GC02"
2025-12-12,"Fri",220,9800,19,1,31,102,"GC02"
2025-12-13,"Sat",221,14150,4,1,19,146,"GC02"
2025-12-14,"Sun",211,14150,6,0,6,152,"GC02"
2025-12-15,"Mon",148,11300,6,0,15,80,"GC02"
2025-12-16,"Tue",178,11000,9,0,18,92,"GC02"
2025-12-17,"Wed",153,10300,14,1,45,81,"GC02"
2025-12-18,"Thu",146,11800,0,0,21,74,"GC02"
2025-12-19,"Fri",203,10900,11,1,26,104,"GC02"
2025-12-20,"Sat",212,14900,0,0,13,131,"GC02"
2025-12-21,"Sun",234,12650,14,1,19,179,"GC02"
2025-12-22,"Mon",113,11300,4,0,65,63,"GC02"
2025-12-23,"Tue",192,10300,16,1,16,99,"GC02"
2025-12-24,"Wed",197,11000,9,1,5,96,"GC02"
2025-12-25,"Thu",151,12200,0,0,19,70,"GC02"
2025-12-26,"Fri",169,11900,0,0,21,85,"GC02"
2025-12-27,"Sat",224,13600,11,1,23,171,"GC02"
2025-12-28,"Sun",196,15100,1,1,17,142,"GC02"
2025-12-29,"Mon",156,11200,4,0,36,75,"GC02"
2025-12-30,"Tue",143,12200,0,0,21,73,"GC02"
2025-12-31,"Wed",137,11900,1,0,37,63,"GC02"
2026-01-01,"Thu",158,12200,0,1,29,80,"GC02"
2026-01-02,"Fri",167,11600,4,0,34,85,"GC02"
2026-01-03,"Sat",202,15100,1,1,13,149,"GC02"
2026-01-04,"Sun",229,13400,11,1,19,159,"GC02"
2026-01-05,"Mon",150,10100,16,0,57,69,"GC02"
2026-01-06,"Tue",177,10300,16,1,23,94,"GC02"
2026-01-07,"Wed",177,10100,14,1,48,87,"GC02"
2026-01-08,"Thu",209,10000,16,1,3,109,"GC02"
2026-01-09,"Fri",195,11500,6,0,6,100,"GC02"
2026-01-10,"Sat",198,14050,4,1,29,134,"GC02"
2026-01-11,"Sun",197,14050,6,0,31,136,"GC02"
2026-01-12,"Mon",135,11800,1,0,47,63,"GC02"
2026-01-13,"Tue",164,11900,1,0,2,80,"GC02"
2026-01-14,"Wed",159,12200,1,0,6,74,"GC02"
2026-01-15,"Thu",148,12100,1,0,15,74,"GC02"
2026-01-16,"Fri",187,10900,11,1,35,97,"GC02"
2026-01-17,"Sat",245,13600,11,1,15,166,"GC02"
2026-01-18,"Sun",167,15200,0,0,46,126,"GC02"
2026-01-19,"Mon",185,10700,9,1,14,88,"GC02"
2026-01-20,"Tue",156,11800,0,0,25,79,"GC02"
2026-01-21,"Wed",217,10300,16,1,15,102,"GC02"
2026-01-22,"Thu",166,11600,4,0,23,91,"GC02"
2026-01-23,"Fri",183,11300,6,0,8,94,"GC02"
2026-01-24,"Sat",179,15100,0,0,42,131,"GC02"
2026-01-25,"Sun",201,15100,1,0,23,143,"GC02"
2026-01-26,"Mon",167,11000,9,1,19,93,"GC02"
2026-01-27,"Tue",196,10700,11,1,17,99,"GC02"
2026-01-28,"Wed",154,12100,0,0,21,84,"GC02"
2026-01-29,"Thu",140,12200,0,0,39,69,"GC02"
2026-01-30,"Fri",193,10000,16,1,44,97,"GC02"
2026-01-31,"Sat",216,13400,9,1,36,150,"GC02"
2026-02-01,"Sun",207,15200,1,0,13,144,"GC02"
2026-02-02,"Mon",164,11900,0,1,0,80,"GC02"
2026-02-03,"Tue",150,12100,0,1,30,71,"GC02"
2026-02-04,"Wed",194,10300,14,1,22,87,"GC02"
2026-02-05,"Thu",177,11000,11,1,23,88,"GC02"
2026-02-06,"Fri",179,10900,11,1,39,72,"GC02"
2026-02-07,"Sat",224,14450,4,0,13,160,"GC02"
2026-02-08,"Sun",214,14450,6,1,24,156,"GC02"
2026-02-09,"Mon",195,11000,11,1,7,105,"GC02"
2026-02-10,"Tue",185,10600,9,1,11,91,"GC02"
2026-02-11,"Wed",144,12200,0,0,16,71,"GC02"
2026-02-12,"Thu",158,11300,4,1,28,80,"GC02"
2026-02-13,"Fri",174,11800,0,0,13,92,"GC02"
2026-02-14,"Sat",188,14800,0,0,21,130,"GC02"
2026-02-15,"Sun",168,15100,1,0,50,115,"GC02"
2026-02-16,"Mon",141,12100,0,0,35,64,"GC02"
2026-02-17,"Tue",146,12200,0,0,19,71,"GC02"
2026-02-18,"Wed",163,12200,1,0,8,79,"GC02"
2026-02-19,"Thu",160,11600,4,0,16,73,"GC02"
2026-02-20,"Fri",131,11800,0,0,63,66,"GC02"
2026-02-21,"Sat",232,12550,14,1,33,164,"GC02"
2026-02-22,"Sun",204,14900,1,1,11,154,"GC02"
2026-02-23,"Mon",142,12100,1,0,8,80,"GC02"
2026-02-24,"Tue",168,11900,0,0,14,76,"GC02"
2026-02-25,"Wed",168,11600,4,0,17,79,"GC02"
2026-02-26,"Thu",132,11300,6,1,54,65,"GC02"
2026-02-27,"Fri",172,11900,1,0,9,84,"GC02"
2026-02-28,"Sat",194,14900,1,0,32,138,"GC02"
2026-03-01,"Sun",202,15100,0,0,31,140,"GC02"
2026-03-02,"Mon",149,11500,6,0,40,67,"GC02"
2026-03-03,"Tue",144,12100,1,0,19,72,"GC02"
2026-03-04,"Wed",185,10600,9,1,23,80,"GC02"
2026-03-05,"Thu",183,11500,4,0,18,90,"GC02"
2026-03-06,"Fri",165,11500,6,0,39,75,"GC02"
2026-03-07,"Sat",179,14800,0,0,65,131,"GC02"
2026-03-08,"Sun",253,13600,9,1,11,177,"GC02"
2026-03-09,"Mon",164,10900,9,1,45,79,"GC02"
2026-03-10,"Tue",138,12100,1,1,56,71,"GC02"
2026-03-11,"Wed",170,12200,0,1,23,85,"GC02"
2026-03-12,"Thu",178,11300,6,0,24,93,"GC02"
2026-03-13,"Fri",194,12100,0,0,36,97,"GC02"
2026-03-14,"Sat",234,12650,14,1,32,169,"GC02"
2026-03-15,"Sun",221,15200,1,0,19,147,"GC02"
2026-03-16,"Mon",181,11600,6,0,50,97,"GC02"
2026-03-17,"Tue",194,10100,14,1,31,85,"GC02"
2026-03-18,"Wed",161,12100,1,0,8,87,"GC02"
2026-03-19,"Thu",171,11600,6,1,23,96,"GC02"
2026-03-20,"Fri",206,10900,11,1,18,110,"GC02"
2026-03-21,"Sat",207,14150,4,0,36,131,"GC02"
2026-03-22,"Sun",226,15100,1,1,12,149,"GC02"
2026-03-23,"Mon",176,11900,1,1,11,99,"GC02"
2026-03-24,"Tue",160,11800,1,0,19,77,"GC02"
2026-03-25,"Wed",148,11800,0,0,28,76,"GC02"
2026-03-26,"Thu",185,11000,9,1,29,101,"GC02"
2026-03-27,"Fri",185,11900,1,0,19,92,"GC02"
2026-03-28,"Sat",215,15200,0,0,11,153,"GC02"
2026-03-29,"Sun",180,15200,1,0,35,130,"GC02"
2026-03-30,"Mon",153,12100,1,1,35,78,"GC02"
2026-03-31,"Tue",188,10900,9,1,38,94,"GC02"
2026-04-01,"Wed",186,10100,14,1,53,99,"GC02"
2026-04-02,"Thu",200,10700,9,1,20,87,"GC02"
2026-04-03,"Fri",170,11800,0,0,55,91,"GC02"
2026-04-04,"Sat",223,14800,0,1,9,151,"GC02"
2026-04-05,"Sun",235,14050,6,0,12,171,"GC02"
2026-04-06,"Mon",164,12200,1,0,15,81,"GC02"
2026-04-07,"Tue",142,12100,1,0,63,70,"GC02"
2026-04-08,"Wed",170,12200,0,1,15,83,"GC02"
2026-04-09,"Thu",174,11800,1,0,1,91,"GC02"
2026-04-10,"Fri",196,10900,11,1,33,99,"GC02"
2026-04-11,"Sat",217,15200,0,0,16,154,"GC02"
2026-04-12,"Sun",181,15100,0,0,49,127,"GC02"
2026-04-13,"Mon",212,10100,14,0,11,113,"GC02"
2026-04-14,"Tue",180,11800,1,0,16,97,"GC02"
2026-04-15,"Wed",166,11600,6,0,56,89,"GC02"
2026-04-16,"Thu",227,10600,11,1,2,121,"GC02"
2026-04-17,"Fri",206,11900,1,0,16,101,"GC02"
2026-04-18,"Sat",249,12950,14,1,8,184,"GC02"
2026-04-19,"Sun",254,12950,16,1,15,173,"GC02"
2026-04-20,"Mon",180,11200,4,1,28,86,"GC02"
2026-04-21,"Tue",186,10400,16,1,32,87,"GC02"
2026-04-22,"Wed",174,11500,6,0,31,94,"GC02"
2026-04-23,"Thu",155,11300,4,0,41,63,"GC02"
2026-04-24,"Fri",227,10000,14,1,36,110,"GC02"
2026-04-25,"Sat",238,14800,0,0,8,162,"GC02"
2026-04-26,"Sun",212,14800,1,0,24,146,"GC02"
2026-04-27,"Mon",181,11900,0,0,19,96,"GC02"
2026-04-28,"Tue",201,10600,11,1,7,104,"GC02"
2026-04-29,"Wed",164,11800,0,0,34,88,"GC02"
2026-04-30,"Thu",167,11800,0,0,15,79,"GC02"
2026-05-01,"Fri",206,11600,6,0,21,98,"GC02"
2026-05-02,"Sat",230,14900,0,1,8,158,"GC02"
2026-05-03,"Sun",198,15100,1,0,46,133,"GC02"
2026-05-04,"Mon",170,12100,0,0,21,93,"GC02"
2026-05-05,"Tue",181,12100,1,0,23,89,"GC02"
2026-05-06,"Wed",143,12200,0,0,34,69,"GC02"
2026-05-07,"Thu",185,12200,1,0,10,89,"GC02"
2026-05-08,"Fri",209,10400,16,0,53,95,"GC02"
2026-05-09,"Sat",225,14800,0,1,12,167,"GC02"
2026-05-10,"Sun",228,14450,6,0,15,170,"GC02"
2026-05-11,"Mon",201,10700,9,0,20,100,"GC02"
2026-05-12,"Tue",202,10900,11,1,18,108,"GC02"
2026-05-13,"Wed",224,10300,16,1,8,110,"GC02"
2026-05-14,"Thu",178,11900,0,0,25,84,"GC02"
2026-05-15,"Fri",205,11300,6,0,21,112,"GC02"
2026-05-16,"Sat",247,13700,9,1,6,171,"GC02"
2026-05-17,"Sun",213,13700,9,1,43,156,"GC02"
2026-05-18,"Mon",160,11300,4,0,44,92,"GC02"
2026-05-19,"Tue",183,11200,6,0,23,85,"GC02"
2026-05-20,"Wed",204,10400,14,1,24,94,"GC02"
2026-05-21,"Thu",220,9700,19,0,5,94,"GC02"
2026-05-22,"Fri",198,11900,0,0,33,103,"GC02"
2026-05-23,"Sat",189,15200,1,1,48,118,"GC02"
2026-05-24,"Sun",248,12650,14,1,27,166,"GC02"
2026-05-25,"Mon",213,9700,20,1,32,89,"GC02"
2026-05-26,"Tue",164,11800,1,0,43,76,"GC02"
2026-05-27,"Wed",164,11600,6,0,53,89,"GC02"
2026-05-28,"Thu",213,11000,11,1,13,100,"GC02"
2026-05-29,"Fri",169,11800,1,0,51,72,"GC02"
2026-05-30,"Sat",224,14800,1,0,17,168,"GC02"
2026-05-31,"Sun",192,15100,0,0,38,141,"GC02"
2026-06-01,"Mon",147,12200,1,0,10,82,"GC02"
2026-06-02,"Tue",166,10600,11,0,33,83,"GC02"
2026-06-03,"Wed",143,11900,1,0,37,75,"GC02"
2026-06-04,"Thu",165,10700,9,1,31,75,"GC02"
2026-06-05,"Fri",184,10300,14,1,46,93,"GC02"
2026-06-06,"Sat",170,14150,4,0,40,118,"GC02"
2026-06-07,"Sun",205,15100,0,0,12,141,"GC02"
2026-06-08,"Mon",194,10000,16,1,23,103,"GC02"
2026-06-09,"Tue",149,12100,0,1,26,75,"GC02"
2026-06-10,"Wed",161,11000,9,1,41,88,"GC02"
2026-06-11,"Thu",146,11300,6,0,20,77,"GC02"
2026-06-12,"Fri",168,11900,1,0,23,77,"GC02"
2026-06-13,"Sat",196,14350,4,1,47,136,"GC02"
2026-06-14,"Sun",249,12550,16,1,22,172,"GC02"
2026-06-15,"Mon",164,12200,1,0,23,75,"GC02"
2026-06-16,"Tue",174,10900,11,1,1,83,"GC02"
2026-06-17,"Wed",163,11200,4,0,29,79,"GC02"
2026-06-18,"Thu",185,11900,0,0,6,95,"GC02"
2026-06-19,"Fri",168,11900,1,1,11,71,"GC02"
2026-06-20,"Sat",215,12650,16,1,37,160,"GC02"
2026-06-21,"Sun",209,14350,4,0,26,144,"GC02"
2026-06-22,"Mon",173,12200,1,0,8,83,"GC02"
2026-06-23,"Tue",185,11500,6,0,0,92,"GC02"
2026-06-24,"Wed",128,11800,0,0,48,65,"GC02"
2026-06-25,"Thu",178,10300,14,1,27,87,"GC02"
2026-06-26,"Fri",197,10600,11,1,18,92,"GC02"
2026-06-27,"Sat",183,15100,1,0,22,135,"GC02"
2026-06-28,"Sun",242,12650,16,1,2,178,"GC02"
2026-06-29,"Mon",148,12200,0,0,28,80,"GC02"
2026-06-30,"Tue",172,10100,16,0,41,94,"GC02"
2026-07-01,"Wed",153,11800,0,0,22,73,"GC02"
2026-07-02,"Thu",134,11900,1,0,43,66,"GC02"
2026-07-03,"Fri",183,12200,1,0,20,89,"GC02"
2026-07-04,"Sat",247,12100,20,1,6,172,"GC02"
2026-07-05,"Sun",230,13600,9,1,21,160,"GC02"
2026-07-06,"Mon",139,11200,4,1,39,73,"GC02"
2026-07-07,"Tue",169,10700,11,1,34,80,"GC02"
2026-07-08,"Wed",125,11800,1,0,59,57,"GC02"
2026-07-09,"Thu",157,12100,0,0,19,78,"GC02"
2026-07-10,"Fri",203,11300,4,1,11,111,"GC02"
2026-07-11,"Sat",200,15200,1,0,28,137,"GC02"
2026-07-12,"Sun",189,14800,0,0,28,147,"GC02"
2026-07-13,"Mon",160,12200,0,0,1,81,"GC02"
2026-07-14,"Tue",125,11900,1,0,40,64,"GC02"
2026-07-15,"Wed",181,11800,1,0,4,84,"GC02"
2026-07-16,"Thu",164,11800,0,0,9,78,"GC02"
2026-07-17,"Fri",184,12100,0,0,3,98,"GC02"
2026-07-18,"Sat",192,15200,0,1,34,142,"GC02"
2026-07-19,"Sun",188,12950,14,1,62,128,"GC02"
2026-07-20,"Mon",169,10900,11,1,26,76,"GC02"
2026-07-21,"Tue",122,11800,1,0,52,62,"GC02"
2026-07-22,"Wed",164,9400,20,1,45,81,"GC02"
2026-07-23,"Thu",171,10100,16,1,20,91,"GC02"
2026-07-24,"Fri",199,11500,4,0,3,88,"GC02"
2026-07-25,"Sat",252,13300,11,1,4,177,"GC02"
2026-07-26,"Sun",207,13600,9,1,34,140,"GC02"
2026-07-27,"Mon",137,11900,1,0,45,78,"GC02"
2026-07-28,"Tue",132,12200,0,0,17,61,"GC02"
2026-07-29,"Wed",160,10000,16,1,47,90,"GC02"
2026-07-30,"Thu",182,9800,20,1,31,87,"GC02"
2026-07-31,"Fri",176,11600,6,0,33,84,"GC02"
2026-08-01,"Sat",170,14800,0,0,54,116,"GC02"
2026-08-02,"Sun",166,14900,0,0,58,115,"GC02"
2026-08-03,"Mon",134,12100,0,0,28,68,"GC02"
2026-08-04,"Tue",158,11200,6,1,18,72,"GC02"
2026-08-05,"Wed",151,12200,0,1,16,85,"GC02"
2026-08-06,"Thu",129,11800,1,0,25,65,"GC02"
2026-08-07,"Fri",212,11000,11,1,13,106,"GC02"
2026-08-08,"Sat",191,15100,0,0,23,133,"GC02"
2026-08-09,"Sun",194,13400,11,1,36,130,"GC02"
2026-08-10,"Mon",148,11600,4,0,40,79,"GC02"
2026-08-11,"Tue",147,12100,1,0,22,76,"GC02"
2026-08-12,"Wed",142,11800,1,0,28,68,"GC02"
2026-08-13,"Thu",115,12100,0,0,48,56,"GC02"
2026-08-14,"Fri",145,11800,0,0,49,71,"GC02"
2026-08-15,"Sat",194,14800,0,1,31,138,"GC02"
2026-08-16,"Sun",201,14900,0,1,14,148,"GC02"
2026-08-17,"Mon",140,12100,1,0,31,73,"GC02"
2026-08-18,"Tue",143,11800,1,1,24,72,"GC02"
2026-08-19,"Wed",119,11900,1,0,50,59,"GC02"
2026-08-20,"Thu",175,12200,0,0,6,88,"GC02"
2026-08-21,"Fri",245,10300,14,1,10,102,"GC02"
2026-08-22,"Sat",208,15100,1,0,21,142,"GC02"
2026-08-23,"Sun",147,14900,1,1,60,106,"GC02"
2026-08-24,"Mon",156,11800,0,0,24,76,"GC02"
2026-08-25,"Tue",123,12200,1,0,34,63,"GC02"
2026-08-26,"Wed",145,12200,0,0,24,80,"GC02"
2026-08-27,"Thu",129,12100,1,1,43,67,"GC02"
2026-08-28,"Fri",198,10600,11,1,18,108,"GC02"
2026-08-29,"Sat",186,15100,1,0,10,123,"GC02"
2026-08-30,"Sun",184,15100,0,0,31,124,"GC02"
2026-08-31,"Mon",125,12200,1,0,42,67,"GC02"
2026-09-01,"Tue",,10700,9,1,18,92,"GC02"
2026-09-02,"Wed",,10600,11,1,29,73,"GC02"
2026-09-03,"Thu",,10600,9,0,18,97,"GC02"
2026-09-04,"Fri",,12100,0,0,46,74,"GC02"
2026-09-05,"Sat",,14800,1,0,13,127,"GC02"
2026-09-06,"Sun",,14900,1,1,52,123,"GC02"
2026-09-07,"Mon",,10000,16,1,51,81,"GC02"
2026-09-08,"Tue",,10000,16,1,35,70,"GC02"
2026-09-09,"Wed",,12100,0,0,31,79,"GC02"
2026-09-10,"Thu",,11800,0,0,54,63,"GC02"
2026-09-11,"Fri",,11800,0,0,46,75,"GC02"
2026-09-12,"Sat",,12200,20,1,17,163,"GC02"
2026-09-13,"Sun",,12650,14,1,16,181,"GC02"
2026-09-14,"Mon",,11500,4,1,6,99,"GC02"
2026-09-15,"Tue",,11800,0,0,10,78,"GC02"
2026-09-16,"Wed",,11200,6,1,55,71,"GC02"
2026-09-17,"Thu",,12100,0,0,43,74,"GC02"
2026-09-18,"Fri",,11300,4,0,9,89,"GC02"
2026-09-19,"Sat",,15100,0,0,42,112,"GC02"
2026-09-20,"Sun",,12950,16,1,9,174,"GC02"
2026-09-21,"Mon",,11000,9,1,18,79,"GC02"
2026-09-22,"Tue",,12200,0,0,33,77,"GC02"
2026-09-23,"Wed",,12200,1,0,65,52,"GC02"
2026-09-24,"Thu",,12100,1,0,18,77,"GC02"
2026-09-25,"Fri",,11000,9,1,19,103,"GC02"
2026-09-26,"Sat",,15100,0,0,27,139,"GC02"
2026-09-27,"Sun",,12100,19,1,11,175,"GC02"
2026-09-28,"Mon",,10100,14,0,54,78,"GC02"
2026-09-29,"Tue",,9800,20,1,6,115,"GC02"
2026-09-30,"Wed",,10900,11,1,2,90,"GC02"
2023-09-01,"Fri",210,9700,20,1,23,115,"GC03"
2023-09-02,"Sat",206,14800,0,0,14,149,"GC03"
2023-09-03,"Sun",204,14150,4,0,20,148,"GC03"
2023-09-04,"Mon",216,10400,16,1,3,112,"GC03"
2023-09-05,"Tue",159,11600,6,0,21,82,"GC03"
2023-09-06,"Wed",201,9800,20,1,30,102,"GC03"
2023-09-07,"Thu",182,10700,9,0,27,88,"GC03"
2023-09-08,"Fri",192,11600,6,1,4,104,"GC03"
2023-09-09,"Sat",213,15100,0,0,1,149,"GC03"
2023-09-10,"Sun",199,15100,1,0,11,140,"GC03"
2023-09-11,"Mon",161,11900,1,0,4,91,"GC03"
2023-09-12,"Tue",125,11300,6,1,64,66,"GC03"
2023-09-13,"Wed",182,11000,11,1,17,96,"GC03"
2023-09-14,"Thu",173,10400,16,0,46,90,"GC03"
2023-09-15,"Fri",152,11800,1,1,36,87,"GC03"
2023-09-16,"Sat",187,14150,4,0,44,131,"GC03"
2023-09-17,"Sun",203,13300,9,1,41,139,"GC03"
2023-09-18,"Mon",142,12100,0,0,35,59,"GC03"
2023-09-19,"Tue",160,12200,1,0,3,82,"GC03"
2023-09-20,"Wed",139,12100,1,0,15,66,"GC03"
2023-09-21,"Thu",147,11800,0,0,21,66,"GC03"
2023-09-22,"Fri",220,9500,20,1,19,111,"GC03"
2023-09-23,"Sat",215,12950,16,1,46,159,"GC03"
2023-09-24,"Sun",182,14050,6,0,42,141,"GC03"
2023-09-25,"Mon",164,10300,16,0,50,85,"GC03"
2023-09-26,"Tue",147,12200,1,0,25,75,"GC03"
2023-09-27,"Wed",168,12200,0,0,1,99,"GC03"
2023-09-28,"Thu",136,12100,1,1,43,76,"GC03"
2023-09-29,"Fri",178,11600,4,1,25,95,"GC03"
2023-09-30,"Sat",197,14900,0,0,6,146,"GC03"
2023-10-01,"Sun",255,12950,14,1,29,180,"GC03"
2023-10-02,"Mon",134,12200,0,0,44,76,"GC03"
2023-10-03,"Tue",229,10100,16,1,4,118,"GC03"
2023-10-04,"Wed",182,12100,0,1,31,91,"GC03"
2023-10-05,"Thu",197,10600,11,1,6,92,"GC03"
2023-10-06,"Fri",224,10000,16,1,17,124,"GC03"
2023-10-07,"Sat",229,13700,9,1,43,157,"GC03"
2023-10-08,"Sun",231,14800,0,1,10,158,"GC03"
2023-10-09,"Mon",177,11800,1,1,23,87,"GC03"
2023-10-10,"Tue",190,9800,19,1,52,104,"GC03"
2023-10-11,"Wed",222,11000,11,1,7,102,"GC03"
2023-10-12,"Thu",160,11900,1,0,29,75,"GC03"
2023-10-13,"Fri",198,10900,9,1,22,95,"GC03"
2023-10-14,"Sat",237,14800,0,0,9,162,"GC03"
2023-10-15,"Sun",236,12650,16,1,24,153,"GC03"
2023-10-16,"Mon",167,12100,0,0,27,83,"GC03"
2023-10-17,"Tue",167,11900,1,0,10,87,"GC03"
2023-10-18,"Wed",223,10900,11,1,18,127,"GC03"
2023-10-19,"Thu",223,10900,11,1,8,113,"GC03"
2023-10-20,"Fri",209,11300,4,1,10,101,"GC03"
2023-10-21,"Sat",196,14800,1,0,47,145,"GC03"
2023-10-22,"Sun",252,13300,11,1,9,166,"GC03"
2023-10-23,"Mon",203,11000,11,1,17,84,"GC03"
2023-10-24,"Tue",186,11600,6,0,38,90,"GC03"
2023-10-25,"Wed",207,9400,20,1,31,106,"GC03"
2023-10-26,"Thu",176,11600,6,0,33,89,"GC03"
2023-10-27,"Fri",231,10400,16,1,24,108,"GC03"
2023-10-28,"Sat",243,13400,11,1,29,176,"GC03"
2023-10-29,"Sun",196,15100,0,0,21,135,"GC03"
2023-10-30,"Mon",156,11600,6,0,49,66,"GC03"
2023-10-31,"Tue",163,11900,0,0,20,88,"GC03"
2023-11-01,"Wed",152,11800,1,0,20,80,"GC03"
2023-11-02,"Thu",131,11800,0,0,42,72,"GC03"
2023-11-03,"Fri",213,10100,16,0,27,103,"GC03"
2023-11-04,"Sat",252,12650,14,1,8,163,"GC03"
2023-11-05,"Sun",208,14050,4,0,39,151,"GC03"
2023-11-06,"Mon",165,10600,11,1,48,80,"GC03"
2023-11-07,"Tue",202,10700,11,1,15,102,"GC03"
2023-11-08,"Wed",182,10900,9,1,36,91,"GC03"
2023-11-09,"Thu",145,11900,0,0,25,78,"GC03"
2023-11-10,"Fri",211,10000,14,1,26,105,"GC03"
2023-11-11,"Sat",192,15100,1,1,61,137,"GC03"
2023-11-12,"Sun",217,14450,6,0,24,148,"GC03"
2023-11-13,"Mon",196,10900,11,0,10,96,"GC03"
2023-11-14,"Tue",189,11200,6,1,18,99,"GC03"
2023-11-15,"Wed",205,11000,9,1,9,109,"GC03"
2023-11-16,"Thu",194,11000,11,1,21,82,"GC03"
2023-11-17,"Fri",232,10900,9,1,3,102,"GC03"
2023-11-18,"Sat",220,15100,0,0,14,154,"GC03"
2023-11-19,"Sun",184,15200,0,0,43,125,"GC03"
2023-11-20,"Mon",169,10700,9,1,53,90,"GC03"
2023-11-21,"Tue",179,11800,1,0,5,95,"GC03"
2023-11-22,"Wed",149,12100,0,0,34,72,"GC03"
2023-11-23,"Thu",172,11800,0,0,15,90,"GC03"
2023-11-24,"Fri",169,12100,0,0,28,82,"GC03"
2023-11-25,"Sat",206,14900,1,0,40,137,"GC03"
2023-11-26,"Sun",206,12950,16,1,54,147,"GC03"
2023-11-27,"Mon",174,11900,0,0,4,81,"GC03"
2023-11-28,"Tue",179,11500,4,1,13,96,"GC03"
2023-11-29,"Wed",161,12100,0,0,19,83,"GC03"
2023-11-30,"Thu",157,10700,9,1,47,81,"GC03"
2023-12-01,"Fri",125,11800,1,0,48,55,"GC03"
2023-12-02,"Sat",202,15200,1,1,11,148,"GC03"
2023-12-03,"Sun",202,14900,1,0,20,137,"GC03"
2023-12-04,"Mon",128,11300,6,0,52,54,"GC03"
2023-12-05,"Tue",154,11300,4,0,35,73,"GC03"
2023-12-06,"Wed",194,10300,16,1,22,95,"GC03"
2023-12-07,"Thu",168,10000,16,1,35,100,"GC03"
2023-12-08,"Fri",162,11900,1,0,18,91,"GC03"
2023-12-09,"Sat",200,15200,1,0,17,139,"GC03"
2023-12-10,"Sun",169,15100,1,0,42,118,"GC03"
2023-12-11,"Mon",158,11200,4,1,48,76,"GC03"
2023-12-12,"Tue",167,11200,6,1,3,98,"GC03"
2023-12-13,"Wed",182,9700,19,0,48,90,"GC03"
2023-12-14,"Thu",189,11600,4,0,10,98,"GC03"
2023-12-15,"Fri",194,10700,11,1,17,91,"GC03"
2023-12-16,"Sat",234,12950,14,1,22,161,"GC03"
2023-12-17,"Sun",192,15100,1,0,19,135,"GC03"
2023-12-18,"Mon",149,11800,1,0,35,65,"GC03"
2023-12-19,"Tue",170,12100,0,0,15,87,"GC03"
2023-12-20,"Wed",127,11900,1,0,54,69,"GC03"
2023-12-21,"Thu",216,10400,16,1,6,99,"GC03"
2023-12-22,"Fri",205,11000,9,1,7,95,"GC03"
2023-12-23,"Sat",211,14800,1,0,3,150,"GC03"
2023-12-24,"Sun",206,13600,11,1,50,141,"GC03"
2023-12-25,"Mon",123,11600,4,0,47,66,"GC03"
2023-12-26,"Tue",152,11800,1,0,28,68,"GC03"
2023-12-27,"Wed",125,11300,6,1,72,72,"GC03"
2023-12-28,"Thu",203,9500,19,1,20,101,"GC03"
2023-12-29,"Fri",153,12100,1,0,54,73,"GC03"
2023-12-30,"Sat",221,14050,4,0,9,150,"GC03"
2023-12-31,"Sun",216,14050,4,0,14,143,"GC03"
2024-01-01,"Mon",151,11500,6,0,40,68,"GC03"
2024-01-02,"Tue",140,11800,0,0,46,71,"GC03"
2024-01-03,"Wed",190,10900,11,1,16,90,"GC03"
2024-01-04,"Thu",178,9500,20,0,47,92,"GC03"
2024-01-05,"Fri",197,12100,1,0,1,102,"GC03"
2024-01-06,"Sat",217,13700,9,1,9,157,"GC03"
2024-01-07,"Sun",192,14900,0,0,44,128,"GC03"
2024-01-08,"Mon",169,11200,4,0,1,90,"GC03"
2024-01-09,"Tue",154,11200,4,0,22,74,"GC03"
2024-01-10,"Wed",141,12100,1,1,26,62,"GC03"
2024-01-11,"Thu",138,12100,1,0,34,66,"GC03"
2024-01-12,"Fri",175,11900,0,0,9,81,"GC03"
2024-01-13,"Sat",204,13300,9,1,26,138,"GC03"
2024-01-14,"Sun",198,15200,1,0,16,147,"GC03"
2024-01-15,"Mon",185,10700,9,1,1,90,"GC03"
2024-01-16,"Tue",178,10400,16,1,42,89,"GC03"
2024-01-17,"Wed",169,11800,0,0,7,90,"GC03"
2024-01-18,"Thu",131,11800,1,0,41,62,"GC03"
2024-01-19,"Fri",178,10900,11,1,43,88,"GC03"
2024-01-20,"Sat",204,14150,4,1,43,139,"GC03"
2024-01-21,"Sun",186,15100,1,0,19,131,"GC03"
2024-01-22,"Mon",192,11000,11,1,17,94,"GC03"
2024-01-23,"Tue",100,12100,1,0,70,51,"GC03"
2024-01-24,"Wed",147,12200,0,0,18,72,"GC03"
2024-01-25,"Thu",137,11300,4,0,23,65,"GC03"
2024-01-26,"Fri",189,10700,9,1,32,94,"GC03"
2024-01-27,"Sat",192,14350,6,0,35,134,"GC03"
2024-01-28,"Sun",242,12950,16,1,22,178,"GC03"
2024-01-29,"Mon",157,11600,6,0,32,69,"GC03"
2024-01-30,"Tue",161,12100,1,0,5,80,"GC03"
2024-01-31,"Wed",153,12200,1,1,33,70,"GC03"
2024-02-01,"Thu",174,10000,14,1,38,84,"GC03"
2024-02-02,"Fri",193,10600,9,1,44,93,"GC03"
2024-02-03,"Sat",195,14350,4,0,28,133,"GC03"
2024-02-04,"Sun",175,14450,6,1,46,133,"GC03"
2024-02-05,"Mon",177,10900,9,0,12,95,"GC03"
2024-02-06,"Tue",130,12200,0,0,32,70,"GC03"
2024-02-07,"Wed",125,11900,0,1,42,61,"GC03"
2024-02-08,"Thu",157,12100,0,1,17,67,"GC03"
2024-02-09,"Fri",166,11500,6,0,34,81,"GC03"
2024-02-10,"Sat",213,12550,16,1,51,142,"GC03"
2024-02-11,"Sun",199,14800,1,0,14,147,"GC03"
2024-02-12,"Mon",172,11000,9,1,42,83,"GC03"
2024-02-13,"Tue",151,12100,1,0,14,71,"GC03"
2024-02-14,"Wed",147,11800,1,0,22,78,"GC03"
2024-02-15,"Thu",170,11500,6,0,8,80,"GC03"
2024-02-16,"Fri",225,10000,16,1,12,113,"GC03"
2024-02-17,"Sat",187,14900,1,0,25,122,"GC03"
2024-02-18,"Sun",210,14050,4,0,12,147,"GC03"
2024-02-19,"Mon",195,10900,11,1,20,98,"GC03"
2024-02-20,"Tue",164,11800,1,0,8,91,"GC03"
2024-02-21,"Wed",188,10700,9,1,0,99,"GC03"
2024-02-22,"Thu",128,11600,6,1,40,70,"GC03"
2024-02-23,"Fri",128,12100,1,0,46,54,"GC03"
2024-02-24,"Sat",213,14450,4,0,10,149,"GC03"
2024-02-25,"Sun",234,13400,9,1,15,169,"GC03"
2024-02-26,"Mon",179,11500,6,1,6,84,"GC03"
2024-02-27,"Tue",191,10000,16,1,25,97,"GC03"
2024-02-28,"Wed",153,12100,0,1,14,81,"GC03"
2024-02-29,"Thu",159,10900,11,1,44,77,"GC03"
2024-03-01,"Fri",214,10900,9,1,7,99,"GC03"
2024-03-02,"Sat",207,15100,0,0,26,152,"GC03"
2024-03-03,"Sun",248,12200,20,1,2,173,"GC03"
2024-03-04,"Mon",171,11800,1,0,4,86,"GC03"
2024-03-05,"Tue",184,12100,0,0,15,97,"GC03"
2024-03-06,"Wed",161,12100,0,1,22,76,"GC03"
2024-03-07,"Thu",142,11900,1,0,46,63,"GC03"
2024-03-08,"Fri",222,9800,20,1,35,95,"GC03"
2024-03-09,"Sat",222,14050,4,0,14,159,"GC03"
2024-03-10,"Sun",253,13300,9,1,11,177,"GC03"
2024-03-11,"Mon",156,11000,9,1,41,76,"GC03"
2024-03-12,"Tue",132,11800,0,0,36,67,"GC03"
2024-03-13,"Wed",166,11300,4,0,33,76,"GC03"
2024-03-14,"Thu",198,9400,19,1,48,110,"GC03"
2024-03-15,"Fri",173,12200,1,0,50,84,"GC03"
2024-03-16,"Sat",215,14450,6,0,30,136,"GC03"
2024-03-17,"Sun",225,14800,1,0,2,156,"GC03"
2024-03-18,"Mon",158,11800,1,0,33,74,"GC03"
2024-03-19,"Tue",157,12100,0,0,26,82,"GC03"
2024-03-20,"Wed",209,9700,20,1,20,106,"GC03"
2024-03-21,"Thu",158,11800,0,0,41,78,"GC03"
2024-03-22,"Fri",179,10300,14,1,43,91,"GC03"
2024-03-23,"Sat",201,14150,6,0,32,144,"GC03"
2024-03-24,"Sun",201,15200,1,1,24,129,"GC03"
2024-03-25,"Mon",180,11300,4,0,3,98,"GC03"
2024-03-26,"Tue",165,12100,1,0,21,84,"GC03"
2024-03-27,"Wed",135,12100,1,0,50,67,"GC03"
2024-03-28,"Thu",208,10300,16,1,10,106,"GC03"
2024-03-29,"Fri",229,10600,11,1,10,107,"GC03"
2024-03-30,"Sat",223,14050,6,0,15,148,"GC03"
2024-03-31,"Sun",221,14800,0,1,2,145,"GC03"
2024-04-01,"Mon",169,12200,1,0,36,81,"GC03"
2024-04-02,"Tue",174,10600,9,1,54,85,"GC03"
2024-04-03,"Wed",170,11200,4,0,20,82,"GC03"
2024-04-04,"Thu",239,9500,20,1,11,106,"GC03"
2024-04-05,"Fri",213,12100,1,0,9,109,"GC03"
2024-04-06,"Sat",205,13400,9,1,63,139,"GC03"
2024-04-07,"Sun",212,15200,1,0,26,150,"GC03"
2024-04-08,"Mon",188,11000,11,1,30,91,"GC03"
2024-04-09,"Tue",175,11300,6,1,15,91,"GC03"
2024-04-10,"Wed",179,11900,0,0,11,77,"GC03"
2024-04-11,"Thu",157,11500,6,1,28,73,"GC03"
2024-04-12,"Fri",199,10300,16,1,52,107,"GC03"
2024-04-13,"Sat",221,13400,11,1,55,170,"GC03"
2024-04-14,"Sun",247,12650,16,0,24,177,"GC03"
2024-04-15,"Mon",166,11800,1,0,29,76,"GC03"
2024-04-16,"Tue",147,11800,0,0,39,65,"GC03"
2024-04-17,"Wed",182,11600,4,0,9,92,"GC03"
2024-04-18,"Thu",219,11500,6,1,0,115,"GC03"
2024-04-19,"Fri",212,10400,14,1,41,104,"GC03"
2024-04-20,"Sat",203,15200,1,1,35,139,"GC03"
2024-04-21,"Sun",222,15200,0,0,14,159,"GC03"
2024-04-22,"Mon",153,11800,1,0,30,73,"GC03"
2024-04-23,"Tue",211,10900,9,1,6,96,"GC03"
2024-04-24,"Wed",192,11500,4,1,20,89,"GC03"
2024-04-25,"Thu",167,11200,6,0,31,76,"GC03"
2024-04-26,"Fri",212,11900,1,1,17,113,"GC03"
2024-04-27,"Sat",244,12850,16,1,24,172,"GC03"
2024-04-28,"Sun",245,13700,11,1,32,163,"GC03"
2024-04-29,"Mon",178,11900,1,0,23,80,"GC03"
2024-04-30,"Tue",153,12200,1,0,20,75,"GC03"
2024-05-01,"Wed",177,12100,0,0,10,77,"GC03"
2024-05-02,"Thu",195,12200,1,1,15,94,"GC03"
2024-05-03,"Fri",235,10900,11,1,26,110,"GC03"
2024-05-04,"Sat",202,15100,0,0,35,140,"GC03"
2024-05-05,"Sun",216,13300,11,1,55,156,"GC03"
2024-05-06,"Mon",201,12200,0,1,12,96,"GC03"
2024-05-07,"Tue",172,11800,1,0,24,84,"GC03"
2024-05-08,"Wed",154,11900,0,0,33,73,"GC03"
2024-05-09,"Thu",174,11800,1,0,15,84,"GC03"
2024-05-10,"Fri",213,11300,4,0,10,106,"GC03"
2024-05-11,"Sat",221,14350,4,0,51,153,"GC03"
2024-05-12,"Sun",241,13400,9,1,33,159,"GC03"
2024-05-13,"Mon",200,10400,16,1,28,107,"GC03"
2024-05-14,"Tue",152,11300,6,0,50,68,"GC03"
2024-05-15,"Wed",175,11200,6,0,19,82,"GC03"
2024-05-16,"Thu",148,11300,6,0,44,78,"GC03"
2024-05-17,"Fri",191,10300,16,0,61,95,"GC03"
2024-05-18,"Sat",220,15200,0,0,22,156,"GC03"
2024-05-19,"Sun",211,15200,0,0,37,141,"GC03"
2024-05-20,"Mon",202,10900,11,0,10,103,"GC03"
2024-05-21,"Tue",198,10100,16,1,40,109,"GC03"
2024-05-22,"Wed",192,10600,9,0,33,86,"GC03"
2024-05-23,"Thu",173,11800,0,1,32,85,"GC03"
2024-05-24,"Fri",187,12200,0,1,45,97,"GC03"
2024-05-25,"Sat",245,12950,14,1,21,179,"GC03"
2024-05-26,"Sun",193,14450,6,0,59,137,"GC03"
2024-05-27,"Mon",159,11900,0,0,28,85,"GC03"
2024-05-28,"Tue",173,12200,1,0,27,83,"GC03"
2024-05-29,"Wed",179,11200,6,0,14,98,"GC03"
2024-05-30,"Thu",203,10000,14,1,37,111,"GC03"
2024-05-31,"Fri",243,10100,16,1,11,131,"GC03"
2024-06-01,"Sat",213,14350,6,0,7,133,"GC03"
2024-06-02,"Sun",185,15100,0,1,42,119,"GC03"
2024-06-03,"Mon",208,10600,11,1,10,89,"GC03"
2024-06-04,"Tue",140,12100,1,1,22,74,"GC03"
2024-06-05,"Wed",180,11800,1,1,8,94,"GC03"
2024-06-06,"Thu",148,12200,0,0,37,81,"GC03"
2024-06-07,"Fri",211,11200,4,0,8,99,"GC03"
2024-06-08,"Sat",196,14150,4,0,30,145,"GC03"
2024-06-09,"Sun",183,15200,1,0,29,122,"GC03"
2024-06-10,"Mon",212,9400,19,1,10,121,"GC03"
2024-06-11,"Tue",145,12100,0,0,26,74,"GC03"
2024-06-12,"Wed",153,10900,11,1,31,80,"GC03"
2024-06-13,"Thu",168,11500,6,0,8,79,"GC03"
2024-06-14,"Fri",226,10900,9,1,11,118,"GC03"
2024-06-15,"Sat",218,13600,9,1,38,158,"GC03"
2024-06-16,"Sun",210,15200,0,1,22,143,"GC03"
2024-06-17,"Mon",193,10900,9,1,13,94,"GC03"
2024-06-18,"Tue",166,10300,16,1,45,90,"GC03"
2024-06-19,"Wed",167,12100,0,0,8,84,"GC03"
2024-06-20,"Thu",154,10700,11,1,50,68,"GC03"
2024-06-21,"Fri",160,10300,16,1,66,82,"GC03"
2024-06-22,"Sat",212,14800,1,1,20,148,"GC03"
2024-06-23,"Sun",177,15200,1,1,38,137,"GC03"
2024-06-24,"Mon",125,11200,6,0,47,63,"GC03"
2024-06-25,"Tue",122,12100,1,0,43,59,"GC03"
2024-06-26,"Wed",149,11200,6,1,40,81,"GC03"
2024-06-27,"Thu",130,12200,1,0,53,61,"GC03"
2024-06-28,"Fri",172,11300,6,0,24,75,"GC03"
2024-06-29,"Sat",180,14900,0,0,40,124,"GC03"
2024-06-30,"Sun",211,15100,1,1,13,143,"GC03"
2024-07-01,"Mon",169,10900,9,0,33,81,"GC03"
2024-07-02,"Tue",135,11600,4,0,47,75,"GC03"
2024-07-03,"Wed",170,11200,4,0,41,85,"GC03"
2024-07-04,"Thu",149,12200,0,0,13,68,"GC03"
2024-07-05,"Fri",174,10000,16,1,25,93,"GC03"
2024-07-06,"Sat",195,15100,1,0,29,131,"GC03"
2024-07-07,"Sun",193,14900,1,0,21,137,"GC03"
2024-07-08,"Mon",215,9800,19,1,15,109,"GC03"
2024-07-09,"Tue",146,11500,6,0,34,74,"GC03"
2024-07-10,"Wed",199,10400,14,1,29,89,"GC03"
2024-07-11,"Thu",154,12200,1,0,38,71,"GC03"
2024-07-12,"Fri",184,11900,0,0,27,86,"GC03"
2024-07-13,"Sat",210,14350,6,0,31,149,"GC03"
2024-07-14,"Sun",184,14900,0,0,38,120,"GC03"
2024-07-15,"Mon",184,10100,14,1,44,91,"GC03"
2024-07-16,"Tue",136,11200,4,0,27,64,"GC03"
2024-07-17,"Wed",170,10600,9,1,28,87,"GC03"
2024-07-18,"Thu",167,10700,9,0,31,77,"GC03"
2024-07-19,"Fri",179,10000,14,1,66,95,"GC03"
2024-07-20,"Sat",193,14800,1,0,26,137,"GC03"
2024-07-21,"Sun",199,14800,0,0,27,137,"GC03"
2024-07-22,"Mon",188,10100,16,1,22,98,"GC03"
2024-07-23,"Tue",180,10100,14,1,28,88,"GC03"
2024-07-24,"Wed",165,12200,1,0,6,84,"GC03"
2024-07-25,"Thu",170,10600,11,0,31,81,"GC03"
2024-07-26,"Fri",166,12200,0,0,14,84,"GC03"
2024-07-27,"Sat",174,15100,0,0,34,128,"GC03"
2024-07-28,"Sun",200,15200,1,0,5,142,"GC03"
2024-07-29,"Mon",165,11500,4,0,24,77,"GC03"
2024-07-30,"Tue",148,12100,1,0,25,68,"GC03"
2024-07-31,"Wed",169,11000,11,1,24,84,"GC03"
2024-08-01,"Thu",159,11500,4,0,39,79,"GC03"
2024-08-02,"Fri",154,12100,0,0,18,86,"GC03"
2024-08-03,"Sat",186,14800,0,0,31,133,"GC03"
2024-08-04,"Sun",222,15100,0,0,9,150,"GC03"
2024-08-05,"Mon",118,11600,4,1,74,56,"GC03"
2024-08-06,"Tue",158,12200,0,1,7,78,"GC03"
2024-08-07,"Wed",184,10900,9,1,20,92,"GC03"
2024-08-08,"Thu",147,11500,4,0,30,72,"GC03"
2024-08-09,"Fri",193,12100,0,0,13,102,"GC03"
2024-08-10,"Sat",165,15200,0,0,67,125,"GC03"
2024-08-11,"Sun",190,13700,9,1,46,144,"GC03"
2024-08-12,"Mon",168,11600,6,0,15,89,"GC03"
2024-08-13,"Tue",160,11800,0,1,17,84,"GC03"
2024-08-14,"Wed",143,11200,4,0,32,76,"GC03"
2024-08-15,"Thu",179,11500,4,1,2,85,"GC03"
2024-08-16,"Fri",143,12100,1,0,55,66,"GC03"
2024-08-17,"Sat",226,13700,11,1,23,158,"GC03"
2024-08-18,"Sun",204,15100,1,0,22,132,"GC03"
2024-08-19,"Mon",143,11800,1,0,39,75,"GC03"
2024-08-20,"Tue",197,10100,16,1,21,104,"GC03"
2024-08-21,"Wed",145,12200,0,0,45,70,"GC03"
2024-08-22,"Thu",137,11900,0,0,27,63,"GC03"
2024-08-23,"Fri",181,11500,4,0,13,94,"GC03"
2024-08-24,"Sat",235,12850,16,1,21,172,"GC03"
2024-08-25,"Sun",197,15200,1,0,33,138,"GC03"
2024-08-26,"Mon",144,12200,1,0,40,65,"GC03"
2024-08-27,"Tue",172,11500,4,0,14,84,"GC03"
2024-08-28,"Wed",116,12100,1,0,48,56,"GC03"
2024-08-29,"Thu",197,10300,16,1,8,100,"GC03"
2024-08-30,"Fri",152,12100,0,0,26,79,"GC03"
2024-08-31,"Sat",157,14900,1,0,48,116,"GC03"
2024-09-01,"Sun",164,15200,0,0,62,120,"GC03"
2024-09-02,"Mon",161,12200,0,0,11,75,"GC03"
2024-09-03,"Tue",203,11000,11,1,5,108,"GC03"
2024-09-04,"Wed",154,11800,0,1,38,64,"GC03"
2024-09-05,"Thu",155,11800,1,0,7,78,"GC03"
2024-09-06,"Fri",146,11900,0,1,55,75,"GC03"
2024-09-07,"Sat",182,14900,0,1,28,126,"GC03"
2024-09-08,"Sun",218,12550,14,1,20,153,"GC03"
2024-09-09,"Mon",115,12100,0,0,42,55,"GC03"
2024-09-10,"Tue",185,10700,9,1,39,95,"GC03"
2024-09-11,"Wed",162,11300,4,0,33,83,"GC03"
2024-09-12,"Thu",181,10600,9,0,32,81,"GC03"
2024-09-13,"Fri",201,11200,4,0,15,87,"GC03"
2024-09-14,"Sat",245,13600,9,1,16,166,"GC03"
2024-09-15,"Sun",165,15200,1,0,36,122,"GC03"
2024-09-16,"Mon",155,11000,11,1,56,78,"GC03"
2024-09-17,"Tue",151,12100,0,0,20,74,"GC03"
2024-09-18,"Wed",125,12200,0,0,45,57,"GC03"
2024-09-19,"Thu",140,11800,1,0,28,76,"GC03"
2024-09-20,"Fri",170,12100,1,1,36,84,"GC03"
2024-09-21,"Sat",216,15100,0,0,5,156,"GC03"
2024-09-22,"Sun",207,14350,6,0,11,147,"GC03"
2024-09-23,"Mon",127,12100,0,0,40,60,"GC03"
2024-09-24,"Tue",164,11900,0,1,22,79,"GC03"
2024-09-25,"Wed",161,12200,0,0,10,96,"GC03"
2024-09-26,"Thu",188,11600,4,0,9,94,"GC03"
2024-09-27,"Fri",183,11500,4,0,18,89,"GC03"
2024-09-28,"Sat",198,13600,11,1,66,136,"GC03"
2024-09-29,"Sun",226,12550,16,1,37,155,"GC03"
2024-09-30,"Mon",153,12200,0,0,12,77,"GC03"
2024-10-01,"Tue",191,11300,4,0,7,90,"GC03"
2024-10-02,"Wed",191,10300,16,1,37,89,"GC03"
2024-10-03,"Thu",188,11000,11,1,45,93,"GC03"
2024-10-04,"Fri",219,12100,0,0,2,109,"GC03"
2024-10-05,"Sat",206,13400,11,1,57,147,"GC03"
2024-10-06,"Sun",182,14800,1,0,58,136,"GC03"
2024-10-07,"Mon",161,12200,0,0,27,63,"GC03"
2024-10-08,"Tue",166,12100,1,0,16,80,"GC03"
2024-10-09,"Wed",176,11500,6,0,25,87,"GC03"
2024-10-10,"Thu",161,12200,0,1,18,74,"GC03"
2024-10-11,"Fri",220,10300,14,1,27,121,"GC03"
2024-10-12,"Sat",231,15200,1,0,18,159,"GC03"
2024-10-13,"Sun",208,14050,6,0,23,146,"GC03"
2024-10-14,"Mon",226,9800,19,1,23,107,"GC03"
2024-10-15,"Tue",171,11800,1,0,5,97,"GC03"
2024-10-16,"Wed",226,10000,14,0,14,118,"GC03"
2024-10-17,"Thu",175,12100,0,1,26,83,"GC03"
2024-10-18,"Fri",188,10400,14,1,54,105,"GC03"
2024-10-19,"Sat",218,14800,0,0,19,142,"GC03"
2024-10-20,"Sun",209,13700,11,1,47,151,"GC03"
2024-10-21,"Mon",199,10700,11,1,19,96,"GC03"
2024-10-22,"Tue",198,10100,16,1,31,97,"GC03"
2024-10-23,"Wed",162,12100,0,0,24,79,"GC03"
2024-10-24,"Thu",178,11200,6,1,19,98,"GC03"
2024-10-25,"Fri",221,11600,4,1,24,111,"GC03"
2024-10-26,"Sat",227,14150,4,0,28,155,"GC03"
2024-10-27,"Sun",252,12550,14,1,22,175,"GC03"
2024-10-28,"Mon",211,10400,16,1,19,91,"GC03"
2024-10-29,"Tue",169,12200,1,0,34,75,"GC03"
2024-10-30,"Wed",183,11500,6,0,24,91,"GC03"
2024-10-31,"Thu",178,11300,6,1,32,88,"GC03"
2024-11-01,"Fri",228,10400,16,1,27,90,"GC03"
2024-11-02,"Sat",172,15100,0,0,57,105,"GC03"
2024-11-03,"Sun",213,14900,1,1,21,146,"GC03"
2024-11-04,"Mon",178,10900,9,1,38,94,"GC03"
2024-11-05,"Tue",181,11300,6,1,16,97,"GC03"
2024-11-06,"Wed",153,11200,4,0,53,84,"GC03"
2024-11-07,"Thu",224,10600,11,1,2,120,"GC03"
2024-11-08,"Fri",209,10600,9,1,24,114,"GC03"
2024-11-09,"Sat",225,14900,1,1,20,156,"GC03"
2024-11-10,"Sun",221,13300,9,1,37,160,"GC03"
2024-11-11,"Mon",194,10300,16,1,44,97,"GC03"
2024-11-12,"Tue",149,11500,6,1,37,71,"GC03"
2024-11-13,"Wed",157,11600,4,0,64,80,"GC03"
2024-11-14,"Thu",176,10400,16,1,55,88,"GC03"
2024-11-15,"Fri",180,11200,6,0,26,98,"GC03"
2024-11-16,"Sat",244,14900,0,1,13,161,"GC03"
2024-11-17,"Sun",231,13400,11,1,37,155,"GC03"
2024-11-18,"Mon",170,11900,0,0,20,83,"GC03"
2024-11-19,"Tue",111,11900,0,0,79,56,"GC03"
2024-11-20,"Wed",177,10000,14,1,54,77,"GC03"
2024-11-21,"Thu",162,12200,0,0,8,78,"GC03"
2024-11-22,"Fri",194,11800,1,1,13,109,"GC03"
2024-11-23,"Sat",212,14150,4,0,29,155,"GC03"
2024-11-24,"Sun",199,15200,1,1,27,132,"GC03"
2024-11-25,"Mon",149,12100,0,0,29,72,"GC03"
2024-11-26,"Tue",148,11500,4,0,35,66,"GC03"
2024-11-27,"Wed",190,10400,16,1,31,93,"GC03"
2024-11-28,"Thu",181,10700,11,1,49,99,"GC03"
2024-11-29,"Fri",179,12100,0,0,35,83,"GC03"
2024-11-30,"Sat",206,15200,1,0,9,141,"GC03"
2024-12-01,"Sun",185,14900,1,0,20,133,"GC03"
2024-12-02,"Mon",169,10600,11,1,22,82,"GC03"
2024-12-03,"Tue",145,11500,6,0,15,75,"GC03"
2024-12-04,"Wed",139,11500,6,0,37,66,"GC03"
2024-12-05,"Thu",143,10600,11,1,72,67,"GC03"
2024-12-06,"Fri",187,12100,0,0,14,94,"GC03"
2024-12-07,"Sat",186,13700,11,1,62,120,"GC03"
2024-12-08,"Sun",203,14800,1,0,20,148,"GC03"
2024-12-09,"Mon",155,11300,4,1,25,69,"GC03"
2024-12-10,"Tue",156,10600,11,1,52,68,"GC03"
2024-12-11,"Wed",181,11200,6,1,20,86,"GC03"
2024-12-12,"Thu",150,10600,9,1,60,71,"GC03"
2024-12-13,"Fri",143,11800,1,0,40,65,"GC03"
2024-12-14,"Sat",213,14350,6,1,9,156,"GC03"
2024-12-15,"Sun",222,15100,0,0,8,153,"GC03"
2024-12-16,"Mon",144,11800,1,0,49,64,"GC03"
2024-12-17,"Tue",183,10700,11,1,13,109,"GC03"
2024-12-18,"Wed",159,12200,1,1,32,87,"GC03"
2024-12-19,"Thu",122,12200,0,0,49,57,"GC03"
2024-12-20,"Fri",223,10600,9,1,16,110,"GC03"
2024-12-21,"Sat",207,15100,0,1,6,155,"GC03"
2024-12-22,"Sun",211,14450,4,0,8,147,"GC03"
2024-12-23,"Mon",144,11200,4,0,39,83,"GC03"
2024-12-24,"Tue",157,11200,6,1,30,85,"GC03"
2024-12-25,"Wed",195,9400,20,1,14,85,"GC03"
2024-12-26,"Thu",167,11600,4,1,18,87,"GC03"
2024-12-27,"Fri",177,11900,0,0,21,90,"GC03"
2024-12-28,"Sat",192,14900,0,0,26,124,"GC03"
2024-12-29,"Sun",217,13600,9,1,39,150,"GC03"
2024-12-30,"Mon",148,12100,1,0,18,79,"GC03"
2024-12-31,"Tue",167,12100,1,0,5,73,"GC03"
2025-01-01,"Wed",105,12100,1,0,66,45,"GC03"
2025-01-02,"Thu",120,11200,4,0,51,59,"GC03"
2025-01-03,"Fri",164,12100,1,0,16,75,"GC03"
2025-01-04,"Sat",193,15100,0,0,29,134,"GC03"
2025-01-05,"Sun",194,14800,1,0,18,142,"GC03"
2025-01-06,"Mon",162,12100,1,0,12,83,"GC03"
2025-01-07,"Tue",173,11000,11,1,30,83,"GC03"
2025-01-08,"Wed",163,12200,0,1,28,73,"GC03"
2025-01-09,"Thu",152,12100,0,1,26,75,"GC03"
2025-01-10,"Fri",219,9800,20,1,28,107,"GC03"
2025-01-11,"Sat",201,14150,6,0,17,153,"GC03"
2025-01-12,"Sun",224,12650,14,1,30,153,"GC03"
2025-01-13,"Mon",180,10600,11,1,10,80,"GC03"
2025-01-14,"Tue",222,9700,20,1,0,112,"GC03"
2025-01-15,"Wed",155,11500,6,0,33,66,"GC03"
2025-01-16,"Thu",132,11900,0,0,51,72,"GC03"
2025-01-17,"Fri",205,11000,9,1,28,114,"GC03"
2025-01-18,"Sat",246,12950,14,1,8,160,"GC03"
2025-01-19,"Sun",196,15200,0,0,27,132,"GC03"
2025-01-20,"Mon",153,11900,1,1,14,70,"GC03"
2025-01-21,"Tue",151,11500,4,1,45,68,"GC03"
2025-01-22,"Wed",187,9400,19,1,22,94,"GC03"
2025-01-23,"Thu",201,10100,14,1,5,111,"GC03"
2025-01-24,"Fri",179,11800,1,0,9,92,"GC03"
2025-01-25,"Sat",202,15100,0,1,23,140,"GC03"
2025-01-26,"Sun",224,12550,16,1,37,150,"GC03"
2025-01-27,"Mon",198,10100,16,1,7,93,"GC03"
2025-01-28,"Tue",172,10300,16,1,39,85,"GC03"
2025-01-29,"Wed",203,10900,9,1,14,93,"GC03"
2025-01-30,"Thu",139,12100,0,0,29,59,"GC03"
2025-01-31,"Fri",172,11800,0,1,23,75,"GC03"
2025-02-01,"Sat",217,14450,6,1,25,149,"GC03"
2025-02-02,"Sun",200,14900,0,0,42,141,"GC03"
2025-02-03,"Mon",203,9400,19,1,21,88,"GC03"
2025-02-04,"Tue",140,12100,0,0,33,66,"GC03"
2025-02-05,"Wed",182,11000,9,1,25,94,"GC03"
2025-02-06,"Thu",159,12100,1,0,5,76,"GC03"
2025-02-07,"Fri",160,11600,6,0,46,74,"GC03"
2025-02-08,"Sat",238,14350,6,1,3,163,"GC03"
2025-02-09,"Sun",200,14350,4,0,34,130,"GC03"
2025-02-10,"Mon",123,11800,1,1,38,56,"GC03"
2025-02-11,"Tue",197,10000,14,1,6,99,"GC03"
2025-02-12,"Wed",171,10000,14,1,45,75,"GC03"
2025-02-13,"Thu",153,11000,11,1,52,75,"GC03"
2025-02-14,"Fri",194,10900,11,0,19,108,"GC03"
2025-02-15,"Sat",198,14350,6,0,21,142,"GC03"
2025-02-16,"Sun",207,13600,11,1,45,142,"GC03"
2025-02-17,"Mon",134,11900,0,0,31,79,"GC03"
2025-02-18,"Tue",193,10900,11,1,10,94,"GC03"
2025-02-19,"Wed",141,12200,0,0,37,68,"GC03"
2025-02-20,"Thu",160,12100,1,1,26,74,"GC03"
2025-02-21,"Fri",151,10600,11,1,73,76,"GC03"
2025-02-22,"Sat",220,12550,16,1,37,164,"GC03"
2025-02-23,"Sun",188,14800,0,0,22,134,"GC03"
2025-02-24,"Mon",171,12200,1,1,1,85,"GC03"
2025-02-25,"Tue",195,11000,11,1,19,90,"GC03"
2025-02-26,"Wed",137,12100,1,1,42,61,"GC03"
2025-02-27,"Thu",153,12100,1,0,36,65,"GC03"
2025-02-28,"Fri",181,11600,4,0,5,96,"GC03"
2025-03-01,"Sat",215,14900,1,0,22,143,"GC03"
2025-03-02,"Sun",230,13600,9,1,17,180,"GC03"
2025-03-03,"Mon",125,11800,1,0,61,65,"GC03"
2025-03-04,"Tue",172,11900,0,0,18,87,"GC03"
2025-03-05,"Wed",214,10400,14,1,16,104,"GC03"
2025-03-06,"Thu",196,10300,16,1,18,95,"GC03"
2025-03-07,"Fri",214,10700,11,0,25,111,"GC03"
2025-03-08,"Sat",173,15100,0,0,43,122,"GC03"
2025-03-09,"Sun",188,14050,6,0,49,121,"GC03"
2025-03-10,"Mon",209,10000,16,1,20,98,"GC03"
2025-03-11,"Tue",167,11500,4,0,36,81,"GC03"
2025-03-12,"Wed",154,11900,0,0,26,77,"GC03"
2025-03-13,"Thu",176,11500,4,0,17,92,"GC03"
2025-03-14,"Fri",195,11900,1,1,25,93,"GC03"
2025-03-15,"Sat",208,13300,11,0,40,151,"GC03"
2025-03-16,"Sun",212,14800,0,0,18,159,"GC03"
2025-03-17,"Mon",158,11600,6,0,27,77,"GC03"
2025-03-18,"Tue",175,12100,1,1,9,87,"GC03"
2025-03-19,"Wed",169,11000,11,1,32,94,"GC03"
2025-03-20,"Thu",182,11600,4,0,1,94,"GC03"
2025-03-21,"Fri",178,11500,4,0,37,91,"GC03"
2025-03-22,"Sat",226,14050,4,0,7,154,"GC03"
2025-03-23,"Sun",247,11800,20,1,20,182,"GC03"
2025-03-24,"Mon",218,10000,16,1,11,122,"GC03"
2025-03-25,"Tue",156,11900,0,0,31,79,"GC03"
2025-03-26,"Wed",197,10400,14,1,22,109,"GC03"
2025-03-27,"Thu",167,11200,4,1,28,85,"GC03"
2025-03-28,"Fri",176,12100,1,1,25,86,"GC03"
2025-03-29,"Sat",218,12550,16,1,54,161,"GC03"
2025-03-30,"Sun",210,15100,0,1,34,142,"GC03"
2025-03-31,"Mon",160,11900,1,0,29,85,"GC03"
2025-04-01,"Tue",212,10700,11,1,15,95,"GC03"
2025-04-02,"Wed",166,12100,1,0,33,92,"GC03"
2025-04-03,"Thu",173,11800,0,0,36,92,"GC03"
2025-04-04,"Fri",241,9800,20,1,26,125,"GC03"
2025-04-05,"Sat",243,14450,4,0,19,160,"GC03"
2025-04-06,"Sun",212,14800,1,0,34,146,"GC03"
2025-04-07,"Mon",197,10700,11,1,38,106,"GC03"
2025-04-08,"Tue",176,11500,6,1,24,91,"GC03"
2025-04-09,"Wed",143,12100,1,0,41,64,"GC03"
2025-04-10,"Thu",175,11800,0,0,21,88,"GC03"
2025-04-11,"Fri",208,10600,9,1,24,108,"GC03"
2025-04-12,"Sat",228,14450,6,0,20,158,"GC03"
2025-04-13,"Sun",255,12100,20,1,14,174,"GC03"
2025-04-14,"Mon",171,12200,1,0,26,91,"GC03"
2025-04-15,"Tue",158,12100,0,0,40,67,"GC03"
2025-04-16,"Wed",150,11600,4,0,41,71,"GC03"
2025-04-17,"Thu",182,11000,9,1,45,96,"GC03"
2025-04-18,"Fri",235,11000,9,1,3,115,"GC03"
2025-04-19,"Sat",227,13300,9,1,37,144,"GC03"
2025-04-20,"Sun",234,14800,1,1,8,163,"GC03"
2025-04-21,"Mon",141,12100,1,0,68,69,"GC03"
2025-04-22,"Tue",218,9800,19,1,32,100,"GC03"
2025-04-23,"Wed",130,11800,1,0,40,61,"GC03"
2025-04-24,"Thu",150,11800,0,0,37,70,"GC03"
2025-04-25,"Fri",205,11000,9,1,25,109,"GC03"
2025-04-26,"Sat",249,12200,20,1,24,194,"GC03"
2025-04-27,"Sun",227,13400,9,1,44,145,"GC03"
2025-04-28,"Mon",188,10600,9,1,29,95,"GC03"
2025-04-29,"Tue",205,10600,11,1,10,105,"GC03"
2025-04-30,"Wed",182,11800,0,0,9,81,"GC03"
2025-05-01,"Thu",212,10700,11,0,26,101,"GC03"
2025-05-02,"Fri",201,11300,4,1,27,111,"GC03"
2025-05-03,"Sat",237,14350,6,0,7,178,"GC03"
2025-05-04,"Sun",230,13300,9,1,48,151,"GC03"
2025-05-05,"Mon",192,11600,4,0,23,101,"GC03"
2025-05-06,"Tue",154,12200,1,0,46,71,"GC03"
2025-05-07,"Wed",182,11200,4,0,8,93,"GC03"
2025-05-08,"Thu",199,11500,6,0,5,93,"GC03"
2025-05-09,"Fri",198,11300,6,0,20,92,"GC03"
2025-05-10,"Sat",224,14150,6,0,26,168,"GC03"
2025-05-11,"Sun",245,13300,11,1,21,173,"GC03"
2025-05-12,"Mon",172,12200,0,0,24,79,"GC03"
2025-05-13,"Tue",170,11200,6,0,21,81,"GC03"
2025-05-14,"Wed",164,11900,1,0,30,84,"GC03"
2025-05-15,"Thu",208,10600,9,1,23,110,"GC03"
2025-05-16,"Fri",219,10700,9,1,47,95,"GC03"
2025-05-17,"Sat",227,15100,0,0,11,155,"GC03"
2025-05-18,"Sun",233,13700,9,1,44,168,"GC03"
2025-05-19,"Mon",167,12200,0,0,44,75,"GC03"
2025-05-20,"Tue",145,11900,1,0,61,63,"GC03"
2025-05-21,"Wed",182,11600,4,0,35,93,"GC03"
2025-05-22,"Thu",197,11300,6,0,1,90,"GC03"
2025-05-23,"Fri",186,11800,1,0,20,93,"GC03"
2025-05-24,"Sat",209,14800,0,0,35,150,"GC03"
2025-05-25,"Sun",220,13600,11,0,59,162,"GC03"
2025-05-26,"Mon",177,10900,11,1,51,80,"GC03"
2025-05-27,"Tue",208,10300,16,1,30,98,"GC03"
2025-05-28,"Wed",168,12100,0,0,23,79,"GC03"
2025-05-29,"Thu",184,11900,1,1,32,85,"GC03"
2025-05-30,"Fri",236,10300,16,1,16,124,"GC03"
2025-05-31,"Sat",244,13600,9,0,11,176,"GC03"
2025-06-01,"Sun",211,14900,1,0,8,141,"GC03"
2025-06-02,"Mon",156,12100,0,1,23,78,"GC03"
2025-06-03,"Tue",158,10900,9,1,38,90,"GC03"
2025-06-04,"Wed",156,10400,16,1,50,77,"GC03"
2025-06-05,"Thu",162,11000,9,1,33,87,"GC03"
2025-06-06,"Fri",202,10000,16,1,26,115,"GC03"
2025-06-07,"Sat",201,14800,1,0,27,138,"GC03"
2025-06-08,"Sun",232,14050,4,1,8,162,"GC03"
2025-06-09,"Mon",158,11900,1,0,29,80,"GC03"
2025-06-10,"Tue",208,10000,14,1,1,111,"GC03"
2025-06-11,"Wed",133,12200,1,0,44,78,"GC03"
2025-06-12,"Thu",216,9800,20,1,15,108,"GC03"
2025-06-13,"Fri",175,11800,1,0,16,75,"GC03"
2025-06-14,"Sat",207,12650,16,1,52,149,"GC03"
2025-06-15,"Sun",202,15200,1,0,21,138,"GC03"
2025-06-16,"Mon",163,11600,4,1,4,74,"GC03"
2025-06-17,"Tue",122,11800,0,1,48,71,"GC03"
2025-06-18,"Wed",143,11900,0,0,20,79,"GC03"
2025-06-19,"Thu",164,11800,0,0,0,86,"GC03"
2025-06-20,"Fri",169,12100,0,0,35,87,"GC03"
2025-06-21,"Sat",186,14800,0,0,32,127,"GC03"
2025-06-22,"Sun",183,13400,9,1,60,132,"GC03"
2025-06-23,"Mon",148,11300,6,0,32,84,"GC03"
2025-06-24,"Tue",150,12100,1,0,31,74,"GC03"
2025-06-25,"Wed",153,11900,1,0,34,80,"GC03"
2025-06-26,"Thu",182,10100,16,1,24,89,"GC03"
2025-06-27,"Fri",168,11600,6,0,27,90,"GC03"
2025-06-28,"Sat",219,14450,4,1,19,158,"GC03"
2025-06-29,"Sun",184,14050,6,0,55,130,"GC03"
2025-06-30,"Mon",177,11000,9,1,20,95,"GC03"
2025-07-01,"Tue",149,11600,6,0,45,84,"GC03"
2025-07-02,"Wed",146,12100,1,0,36,68,"GC03"
2025-07-03,"Thu",109,12100,0,0,50,51,"GC03"
2025-07-04,"Fri",171,10900,11,1,51,75,"GC03"
2025-07-05,"Sat",202,13300,11,1,49,133,"GC03"
2025-07-06,"Sun",252,12850,14,1,10,170,"GC03"
2025-07-07,"Mon",140,11300,6,0,29,71,"GC03"
2025-07-08,"Tue",160,11800,1,0,12,86,"GC03"
2025-07-09,"Wed",159,11500,6,0,33,72,"GC03"
2025-07-10,"Thu",138,11900,0,0,22,76,"GC03"
2025-07-11,"Fri",166,11300,4,0,40,88,"GC03"
2025-07-12,"Sat",198,15100,0,0,9,135,"GC03"
2025-07-13,"Sun",238,13600,9,1,7,165,"GC03"
2025-07-14,"Mon",160,11200,6,1,19,73,"GC03"
2025-07-15,"Tue",169,11000,11,1,22,85,"GC03"
2025-07-16,"Wed",126,12200,0,1,50,65,"GC03"
2025-07-17,"Thu",190,10400,16,1,16,93,"GC03"
2025-07-18,"Fri",188,11900,0,0,9,86,"GC03"
2025-07-19,"Sat",233,13700,9,1,4,162,"GC03"
2025-07-20,"Sun",206,14450,6,0,21,145,"GC03"
2025-07-21,"Mon",207,10000,14,1,7,107,"GC03"
2025-07-22,"Tue",121,11800,1,0,57,55,"GC03"
2025-07-23,"Wed",154,11600,6,1,6,79,"GC03"
2025-07-24,"Thu",188,12200,0,0,6,92,"GC03"
2025-07-25,"Fri",133,12200,1,0,69,68,"GC03"
2025-07-26,"Sat",175,14800,0,0,49,123,"GC03"
2025-07-27,"Sun",189,15200,0,0,27,125,"GC03"
2025-07-28,"Mon",141,10000,14,0,65,65,"GC03"
2025-07-29,"Tue",151,9800,20,0,57,74,"GC03"
2025-07-30,"Wed",158,10300,14,1,66,71,"GC03"
2025-07-31,"Thu",143,11900,1,0,30,74,"GC03"
2025-08-01,"Fri",183,11600,6,1,9,91,"GC03"
2025-08-02,"Sat",216,15100,1,0,15,146,"GC03"
2025-08-03,"Sun",237,13600,9,1,11,163,"GC03"
2025-08-04,"Mon",154,11800,0,1,20,66,"GC03"
2025-08-05,"Tue",159,10400,16,1,47,74,"GC03"
2025-08-06,"Wed",141,10900,9,0,51,73,"GC03"
2025-08-07,"Thu",139,12200,1,0,34,76,"GC03"
2025-08-08,"Fri",185,11900,1,1,19,101,"GC03"
2025-08-09,"Sat",209,15100,0,0,26,147,"GC03"
2025-08-10,"Sun",181,13700,9,1,55,136,"GC03"
2025-08-11,"Mon",179,10600,11,1,10,94,"GC03"
2025-08-12,"Tue",170,11800,0,0,12,82,"GC03"
2025-08-13,"Wed",154,11800,1,0,28,81,"GC03"
2025-08-14,"Thu",154,12100,0,1,32,72,"GC03"
2025-08-15,"Fri",185,10600,9,1,30,83,"GC03"
2025-08-16,"Sat",229,13400,11,0,4,164,"GC03"
2025-08-17,"Sun",167,14900,0,0,51,116,"GC03"
2025-08-18,"Mon",146,11200,4,0,43,83,"GC03"
2025-08-19,"Tue",158,11900,1,0,13,76,"GC03"
2025-08-20,"Wed",173,11300,6,1,15,84,"GC03"
2025-08-21,"Thu",150,11300,4,0,29,83,"GC03"
2025-08-22,"Fri",164,11500,6,0,40,78,"GC03"
2025-08-23,"Sat",248,12100,19,1,13,172,"GC03"
2025-08-24,"Sun",160,14800,0,0,56,115,"GC03"
2025-08-25,"Mon",153,11900,1,0,22,69,"GC03"
2025-08-26,"Tue",185,10000,14,1,28,94,"GC03"
2025-08-27,"Wed",164,11900,0,1,10,65,"GC03"
2025-08-28,"Thu",136,11800,1,0,32,62,"GC03"
2025-08-29,"Fri",230,10100,16,1,5,112,"GC03"
2025-08-30,"Sat",248,12200,20,1,8,188,"GC03"
2025-08-31,"Sun",186,15200,1,0,25,126,"GC03"
2025-09-01,"Mon",154,10900,11,1,47,70,"GC03"
2025-09-02,"Tue",181,10600,9,1,28,81,"GC03"
2025-09-03,"Wed",155,11500,6,0,33,69,"GC03"
2025-09-04,"Thu",215,10400,14,1,8,115,"GC03"
2025-09-05,"Fri",216,10000,16,1,12,110,"GC03"
2025-09-06,"Sat",187,15200,0,0,30,129,"GC03"
2025-09-07,"Sun",202,15200,0,0,13,138,"GC03"
2025-09-08,"Mon",186,10900,9,1,10,86,"GC03"
2025-09-09,"Tue",195,10600,11,1,5,109,"GC03"
2025-09-10,"Wed",149,12200,0,1,24,71,"GC03"
2025-09-11,"Thu",198,9800,19,1,22,103,"GC03"
2025-09-12,"Fri",142,12200,1,0,68,65,"GC03"
2025-09-13,"Sat",193,14800,1,0,23,130,"GC03"
2025-09-14,"Sun",205,15100,1,0,11,138,"GC03"
2025-09-15,"Mon",159,12200,0,0,18,76,"GC03"
2025-09-16,"Tue",175,11900,1,0,14,92,"GC03"
2025-09-17,"Wed",164,11800,1,1,14,86,"GC03"
2025-09-18,"Thu",105,11800,0,0,65,48,"GC03"
2025-09-19,"Fri",154,11500,6,0,31,80,"GC03"
2025-09-20,"Sat",199,14150,4,0,34,145,"GC03"
2025-09-21,"Sun",243,13600,11,1,7,188,"GC03"
2025-09-22,"Mon",160,11200,4,0,28,76,"GC03"
2025-09-23,"Tue",145,12200,1,0,20,76,"GC03"
2025-09-24,"Wed",179,10900,9,1,26,85,"GC03"
2025-09-25,"Thu",116,11500,4,0,59,61,"GC03"
2025-09-26,"Fri",180,12200,0,0,17,95,"GC03"
2025-09-27,"Sat",195,14900,1,0,29,136,"GC03"
2025-09-28,"Sun",221,12200,19,1,50,156,"GC03"
2025-09-29,"Mon",145,11500,4,0,34,76,"GC03"
2025-09-30,"Tue",143,12200,1,0,25,74,"GC03"
2025-10-01,"Wed",222,9700,19,1,4,117,"GC03"
2025-10-02,"Thu",179,12200,1,0,7,98,"GC03"
2025-10-03,"Fri",188,11600,4,0,33,88,"GC03"
2025-10-04,"Sat",196,14350,4,0,60,133,"GC03"
2025-10-05,"Sun",223,15100,1,0,2,161,"GC03"
2025-10-06,"Mon",196,10600,9,0,20,103,"GC03"
2025-10-07,"Tue",200,10000,16,0,27,104,"GC03"
2025-10-08,"Wed",186,11900,1,0,8,87,"GC03"
2025-10-09,"Thu",191,10600,11,1,19,101,"GC03"
2025-10-10,"Fri",234,10700,11,1,16,111,"GC03"
2025-10-11,"Sat",176,14800,0,0,82,120,"GC03"
2025-10-12,"Sun",234,13700,9,1,30,165,"GC03"
2025-10-13,"Mon",154,11600,6,0,31,70,"GC03"
2025-10-14,"Tue",181,11000,9,1,36,94,"GC03"
2025-10-15,"Wed",176,11600,6,0,28,92,"GC03"
2025-10-16,"Thu",174,10900,11,1,48,90,"GC03"
2025-10-17,"Fri",220,10900,11,1,27,101,"GC03"
2025-10-18,"Sat",210,14900,0,0,23,148,"GC03"
2025-10-19,"Sun",224,15200,0,1,19,142,"GC03"
2025-10-20,"Mon",169,10700,11,1,46,89,"GC03"
2025-10-21,"Tue",190,11300,6,1,24,94,"GC03"
2025-10-22,"Wed",182,12200,0,0,5,86,"GC03"
2025-10-23,"Thu",206,10000,16,1,40,96,"GC03"
2025-10-24,"Fri",175,12100,1,0,24,88,"GC03"
2025-10-25,"Sat",240,13700,11,1,20,171,"GC03"
2025-10-26,"Sun",228,13700,9,1,25,150,"GC03"
2025-10-27,"Mon",188,10700,9,1,24,97,"GC03"
2025-10-28,"Tue",185,11000,11,1,22,83,"GC03"
2025-10-29,"Wed",188,9800,19,1,38,95,"GC03"
2025-10-30,"Thu",220,10000,14,1,29,106,"GC03"
2025-10-31,"Fri",204,10700,11,1,32,111,"GC03"
2025-11-01,"Sat",217,13600,9,1,45,129,"GC03"
2025-11-02,"Sun",212,14900,0,0,28,152,"GC03"
2025-11-03,"Mon",152,11200,4,0,30,80,"GC03"
2025-11-04,"Tue",98,12200,1,0,86,43,"GC03"
2025-11-05,"Wed",192,10600,9,1,17,88,"GC03"
2025-11-06,"Thu",203,10900,9,1,31,105,"GC03"
2025-11-07,"Fri",204,10400,14,1,33,95,"GC03"
2025-11-08,"Sat",204,12650,16,1,75,135,"GC03"
2025-11-09,"Sun",206,15100,1,0,29,141,"GC03"
2025-11-10,"Mon",158,11800,1,0,38,76,"GC03"
2025-11-11,"Tue",217,10600,9,1,3,104,"GC03"
2025-11-12,"Wed",181,11300,6,0,16,95,"GC03"
2025-11-13,"Thu",155,12100,0,0,24,88,"GC03"
2025-11-14,"Fri",183,10700,9,1,63,104,"GC03"
2025-11-15,"Sat",245,12850,14,0,17,174,"GC03"
2025-11-16,"Sun",205,14450,6,1,42,146,"GC03"
2025-11-17,"Mon",175,11300,4,0,16,84,"GC03"
2025-11-18,"Tue",145,12200,1,0,30,79,"GC03"
2025-11-19,"Wed",186,11000,11,1,24,96,"GC03"
2025-11-20,"Thu",178,11300,6,0,38,86,"GC03"
2025-11-21,"Fri",159,12100,1,0,46,67,"GC03"
2025-11-22,"Sat",225,13700,11,1,12,166,"GC03"
2025-11-23,"Sun",233,14350,4,0,10,153,"GC03"
2025-11-24,"Mon",206,9700,20,1,25,96,"GC03"
2025-11-25,"Tue",221,9800,19,1,12,113,"GC03"
2025-11-26,"Wed",192,11200,6,0,5,92,"GC03"
2025-11-27,"Thu",146,11200,6,0,42,65,"GC03"
2025-11-28,"Fri",184,11800,0,0,5,89,"GC03"
2025-11-29,"Sat",247,12850,16,1,10,174,"GC03"
2025-11-30,"Sun",148,14800,0,0,69,110,"GC03"
2025-12-01,"Mon",147,12100,1,0,14,80,"GC03"
2025-12-02,"Tue",212,9500,19,1,12,94,"GC03"
2025-12-03,"Wed",167,12200,0,0,16,89,"GC03"
2025-12-04,"Thu",164,11900,0,0,13,85,"GC03"
2025-12-05,"Fri",171,11000,11,1,42,91,"GC03"
2025-12-06,"Sat",232,12650,16,1,35,152,"GC03"
2025-12-07,"Sun",246,13300,11,1,8,168,"GC03"
2025-12-08,"Mon",156,11600,4,0,20,71,"GC03"
2025-12-09,"Tue",137,11900,0,0,49,67,"GC03"
2025-12-10,"Wed",157,11800,1,0,14,82,"GC03"
2025-12-11,"Thu",150,12100,0,0,32,70,"GC03"
2025-12-12,"Fri",216,9400,20,1,32,106,"GC03"
2025-12-13,"Sat",213,14050,6,1,18,153,"GC03"
2025-12-14,"Sun",207,14450,4,0,10,156,"GC03"
2025-12-15,"Mon",156,11500,4,0,12,76,"GC03"
2025-12-16,"Tue",175,10700,11,1,18,88,"GC03"
2025-12-17,"Wed",157,10300,14,1,43,79,"GC03"
2025-12-18,"Thu",141,11800,1,1,27,68,"GC03"
2025-12-19,"Fri",203,10700,11,1,24,102,"GC03"
2025-12-20,"Sat",212,15200,0,0,13,136,"GC03"
2025-12-21,"Sun",234,12550,14,1,19,180,"GC03"
2025-12-22,"Mon",112,11600,4,0,62,58,"GC03"
2025-12-23,"Tue",193,10100,14,0,18,96,"GC03"
2025-12-24,"Wed",203,10600,11,1,3,101,"GC03"
2025-12-25,"Thu",148,11800,1,0,19,72,"GC03"
2025-12-26,"Fri",167,12100,0,0,16,87,"GC03"
2025-12-27,"Sat",220,13700,9,1,24,169,"GC03"
2025-12-28,"Sun",198,15200,1,1,20,145,"GC03"
2025-12-29,"Mon",151,11300,6,0,32,78,"GC03"
2025-12-30,"Tue",145,12100,0,1,20,71,"GC03"
2025-12-31,"Wed",136,12200,0,0,35,66,"GC03"
2026-01-01,"Thu",160,12100,1,1,25,81,"GC03"
2026-01-02,"Fri",166,11200,4,0,34,86,"GC03"
2026-01-03,"Sat",209,14900,1,0,16,148,"GC03"
2026-01-04,"Sun",227,13700,11,1,18,160,"GC03"
2026-01-05,"Mon",143,10300,14,1,57,75,"GC03"
2026-01-06,"Tue",173,10400,14,1,17,95,"GC03"
2026-01-07,"Wed",170,10300,16,1,50,90,"GC03"
2026-01-08,"Thu",204,10400,16,1,7,114,"GC03"
2026-01-09,"Fri",195,11200,6,0,10,99,"GC03"
2026-01-10,"Sat",203,14050,6,0,25,133,"GC03"
2026-01-11,"Sun",197,14450,6,0,29,139,"GC03"
2026-01-12,"Mon",135,12100,1,0,45,68,"GC03"
2026-01-13,"Tue",167,12100,0,0,7,81,"GC03"
2026-01-14,"Wed",154,12100,1,1,5,80,"GC03"
2026-01-15,"Thu",148,11800,1,0,15,74,"GC03"
2026-01-16,"Fri",187,10700,11,1,40,95,"GC03"
2026-01-17,"Sat",239,13700,9,1,17,166,"GC03"
2026-01-18,"Sun",168,14900,1,0,46,125,"GC03"
2026-01-19,"Mon",184,10900,11,1,20,94,"GC03"
2026-01-20,"Tue",162,11900,0,0,23,75,"GC03"
2026-01-21,"Wed",216,10100,16,1,13,99,"GC03"
2026-01-22,"Thu",176,11300,4,0,21,93,"GC03"
2026-01-23,"Fri",189,11500,4,1,4,99,"GC03"
2026-01-24,"Sat",178,14800,0,0,40,129,"GC03"
2026-01-25,"Sun",209,15200,1,0,29,144,"GC03"
2026-01-26,"Mon",177,11000,9,0,20,99,"GC03"
2026-01-27,"Tue",191,10700,9,1,14,91,"GC03"
2026-01-28,"Wed",152,11900,1,0,21,87,"GC03"
2026-01-29,"Thu",136,12200,1,0,41,72,"GC03"
2026-01-30,"Fri",198,10300,14,1,45,93,"GC03"
2026-01-31,"Sat",215,13400,11,1,39,149,"GC03"
2026-02-01,"Sun",205,15200,0,0,11,144,"GC03"
2026-02-02,"Mon",159,12200,1,0,5,72,"GC03"
2026-02-03,"Tue",147,11900,1,1,29,75,"GC03"
2026-02-04,"Wed",194,10400,16,1,26,87,"GC03"
2026-02-05,"Thu",178,11000,11,1,20,87,"GC03"
2026-02-06,"Fri",171,10700,11,1,35,73,"GC03"
2026-02-07,"Sat",227,14050,4,0,9,162,"GC03"
2026-02-08,"Sun",217,14150,4,1,22,155,"GC03"
2026-02-09,"Mon",196,10700,11,1,9,102,"GC03"
2026-02-10,"Tue",185,10700,11,1,9,92,"GC03"
2026-02-11,"Wed",142,12200,1,1,12,70,"GC03"
2026-02-12,"Thu",154,11500,6,1,33,86,"GC03"
2026-02-13,"Fri",176,11800,1,0,14,87,"GC03"
2026-02-14,"Sat",195,15200,0,0,22,134,"GC03"
2026-02-15,"Sun",161,14900,0,0,50,110,"GC03"
2026-02-16,"Mon",145,12200,0,0,37,70,"GC03"
2026-02-17,"Tue",139,12200,0,0,23,72,"GC03"
2026-02-18,"Wed",158,12200,0,0,10,81,"GC03"
2026-02-19,"Thu",159,11600,4,0,18,74,"GC03"
2026-02-20,"Fri",132,12200,0,1,64,64,"GC03"
2026-02-21,"Sat",232,12550,16,1,32,158,"GC03"
2026-02-22,"Sun",201,14900,1,1,6,153,"GC03"
2026-02-23,"Mon",149,12200,1,0,11,79,"GC03"
2026-02-24,"Tue",170,12200,0,0,14,80,"GC03"
2026-02-25,"Wed",174,11500,4,0,22,78,"GC03"
2026-02-26,"Thu",140,11500,4,0,55,70,"GC03"
2026-02-27,"Fri",164,11900,0,0,10,80,"GC03"
2026-02-28,"Sat",196,14800,0,0,32,132,"GC03"
2026-03-01,"Sun",200,15100,1,0,33,141,"GC03"
2026-03-02,"Mon",149,11200,6,0,41,74,"GC03"
2026-03-03,"Tue",144,11900,1,0,19,72,"GC03"
2026-03-04,"Wed",185,10900,9,0,22,81,"GC03"
2026-03-05,"Thu",179,11500,6,0,12,90,"GC03"
2026-03-06,"Fri",164,11300,6,0,39,82,"GC03"
2026-03-07,"Sat",186,14800,0,0,64,133,"GC03"
2026-03-08,"Sun",252,13300,9,1,6,171,"GC03"
2026-03-09,"Mon",161,10900,9,1,41,76,"GC03"
2026-03-10,"Tue",134,12200,1,0,54,64,"GC03"
2026-03-11,"Wed",169,11800,1,0,22,90,"GC03"
2026-03-12,"Thu",177,11600,6,0,20,93,"GC03"
2026-03-13,"Fri",187,12200,1,0,36,93,"GC03"
2026-03-14,"Sat",229,12650,16,1,29,175,"GC03"
2026-03-15,"Sun",214,14800,0,0,19,139,"GC03"
2026-03-16,"Mon",181,11300,4,1,45,102,"GC03"
2026-03-17,"Tue",190,10000,16,1,36,86,"GC03"
2026-03-18,"Wed",164,11900,0,0,11,90,"GC03"
2026-03-19,"Thu",171,11300,6,0,21,94,"GC03"
2026-03-20,"Fri",206,10900,11,1,19,109,"GC03"
2026-03-21,"Sat",201,14350,6,0,36,130,"GC03"
2026-03-22,"Sun",223,14900,0,1,11,151,"GC03"
2026-03-23,"Mon",179,12100,1,0,12,98,"GC03"
2026-03-24,"Tue",155,11800,0,0,23,77,"GC03"
2026-03-25,"Wed",150,12100,0,1,29,81,"GC03"
2026-03-26,"Thu",185,11000,11,1,35,97,"GC03"
2026-03-27,"Fri",188,12200,0,0,19,86,"GC03"
2026-03-28,"Sat",218,15200,1,0,6,154,"GC03"
2026-03-29,"Sun",180,14900,1,0,38,123,"GC03"
2026-03-30,"Mon",151,12200,0,1,30,80,"GC03"
2026-03-31,"Tue",194,10700,11,1,32,89,"GC03"
2026-04-01,"Wed",183,10000,16,1,56,91,"GC03"
2026-04-02,"Thu",201,10700,9,1,19,87,"GC03"
2026-04-03,"Fri",171,12200,1,0,56,87,"GC03"
2026-04-04,"Sat",222,15200,1,1,9,156,"GC03"
2026-04-05,"Sun",238,14450,4,0,8,166,"GC03"
2026-04-06,"Mon",161,11800,1,0,15,79,"GC03"
2026-04-07,"Tue",144,12100,1,0,63,74,"GC03"
2026-04-08,"Wed",175,12200,0,1,15,75,"GC03"
2026-04-09,"Thu",173,11900,1,0,1,92,"GC03"
2026-04-10,"Fri",201,11000,9,1,37,99,"GC03"
2026-04-11,"Sat",223,14900,0,1,14,152,"GC03"
2026-04-12,"Sun",183,15200,1,0,44,124,"GC03"
2026-04-13,"Mon",217,10000,16,1,11,116,"GC03"
2026-04-14,"Tue",176,11900,0,0,10,92,"GC03"
2026-04-15,"Wed",164,11200,6,1,56,90,"GC03"
2026-04-16,"Thu",226,11000,9,1,4,121,"GC03"
2026-04-17,"Fri",207,11900,1,0,17,100,"GC03"
2026-04-18,"Sat",252,12850,14,1,6,184,"GC03"
2026-04-19,"Sun",247,12550,16,1,16,179,"GC03"
2026-04-20,"Mon",178,11600,6,0,33,91,"GC03"
2026-04-21,"Tue",194,10300,14,1,27,92,"GC03"
2026-04-22,"Wed",165,11600,4,1,35,93,"GC03"
2026-04-23,"Thu",150,11300,4,0,37,70,"GC03"
2026-04-24,"Fri",224,10400,16,1,39,112,"GC03"
2026-04-25,"Sat",230,14900,1,0,4,162,"GC03"
2026-04-26,"Sun",205,14900,1,0,25,148,"GC03"
2026-04-27,"Mon",179,11800,1,0,15,94,"GC03"
2026-04-28,"Tue",199,11000,11,1,7,102,"GC03"
2026-04-29,"Wed",164,12200,1,1,33,84,"GC03"
2026-04-30,"Thu",170,11800,0,0,15,85,"GC03"
2026-05-01,"Fri",196,11600,6,0,23,97,"GC03"
2026-05-02,"Sat",237,14900,0,1,7,165,"GC03"
2026-05-03,"Sun",193,15200,1,0,47,139,"GC03"
2026-05-04,"Mon",178,12100,1,0,22,87,"GC03"
2026-05-05,"Tue",174,12200,1,0,26,92,"GC03"
2026-05-06,"Wed",139,12200,1,1,38,64,"GC03"
2026-05-07,"Thu",177,11800,0,0,9,84,"GC03"
2026-05-08,"Fri",211,10400,14,1,49,100,"GC03"
2026-05-09,"Sat",231,15100,1,1,11,165,"GC03"
2026-05-10,"Sun",234,14450,6,0,18,175,"GC03"
2026-05-11,"Mon",197,10600,9,1,20,101,"GC03"
2026-05-12,"Tue",201,10600,9,1,13,105,"GC03"
2026-05-13,"Wed",229,10000,14,1,10,104,"GC03"
2026-05-14,"Thu",175,11900,0,0,27,82,"GC03"
2026-05-15,"Fri",205,11600,4,0,16,109,"GC03"
2026-05-16,"Sat",247,13600,9,0,6,171,"GC03"
2026-05-17,"Sun",213,13600,9,1,41,157,"GC03"
2026-05-18,"Mon",161,11300,6,0,44,89,"GC03"
2026-05-19,"Tue",181,11500,4,0,22,83,"GC03"
2026-05-20,"Wed",204,10100,14,1,28,92,"GC03"
2026-05-21,"Thu",220,9800,20,1,3,94,"GC03"
2026-05-22,"Fri",204,12200,0,1,35,104,"GC03"
2026-05-23,"Sat",187,14900,1,0,46,117,"GC03"
2026-05-24,"Sun",246,12650,14,1,25,164,"GC03"
2026-05-25,"Mon",213,9800,20,1,33,94,"GC03"
2026-05-26,"Tue",158,12100,1,0,44,75,"GC03"
2026-05-27,"Wed",161,11300,6,0,53,86,"GC03"
2026-05-28,"Thu",216,11000,11,1,10,103,"GC03"
2026-05-29,"Fri",169,11900,0,0,56,74,"GC03"
2026-05-30,"Sat",228,15100,1,0,22,164,"GC03"
2026-05-31,"Sun",192,15200,1,0,39,138,"GC03"
2026-06-01,"Mon",148,11800,0,0,9,75,"GC03"
2026-06-02,"Tue",173,10600,9,1,35,82,"GC03"
2026-06-03,"Wed",142,11800,0,0,38,74,"GC03"
2026-06-04,"Thu",170,10700,9,1,30,75,"GC03"
2026-06-05,"Fri",181,10000,16,1,44,90,"GC03"
2026-06-06,"Sat",169,14350,6,0,36,112,"GC03"
2026-06-07,"Sun",207,15200,1,0,11,146,"GC03"
2026-06-08,"Mon",195,10100,16,1,22,107,"GC03"
2026-06-09,"Tue",146,11800,1,1,30,74,"GC03"
2026-06-10,"Wed",159,11000,11,1,37,85,"GC03"
2026-06-11,"Thu",141,11300,4,0,20,72,"GC03"
2026-06-12,"Fri",159,12100,1,0,23,75,"GC03"
2026-06-13,"Sat",196,14150,4,0,41,140,"GC03"
2026-06-14,"Sun",247,12850,16,1,17,172,"GC03"
2026-06-15,"Mon",163,11900,0,0,19,81,"GC03"
2026-06-16,"Tue",179,11000,11,1,1,86,"GC03"
2026-06-17,"Wed",160,11500,6,0,26,83,"GC03"
2026-06-18,"Thu",176,12200,1,0,2,96,"GC03"
2026-06-19,"Fri",168,12200,0,0,10,74,"GC03"
2026-06-20,"Sat",223,12850,14,0,39,160,"GC03"
2026-06-21,"Sun",214,14350,6,0,28,146,"GC03"
2026-06-22,"Mon",169,11800,0,0,6,85,"GC03"
2026-06-23,"Tue",190,11600,6,0,5,92,"GC03"
2026-06-24,"Wed",132,11900,1,0,46,65,"GC03"
2026-06-25,"Thu",182,10100,14,1,26,88,"GC03"
2026-06-26,"Fri",201,10700,9,0,12,91,"GC03"
2026-06-27,"Sat",184,14800,1,0,28,137,"GC03"
2026-06-28,"Sun",238,12650,14,1,0,176,"GC03"
2026-06-29,"Mon",155,11800,0,0,32,73,"GC03"
2026-06-30,"Tue",168,10300,16,1,41,95,"GC03"
2026-07-01,"Wed",153,12200,0,0,20,78,"GC03"
2026-07-02,"Thu",133,12100,1,0,49,68,"GC03"
2026-07-03,"Fri",184,12200,0,0,16,85,"GC03"
2026-07-04,"Sat",251,11800,19,1,8,172,"GC03"
2026-07-05,"Sun",236,13300,11,1,22,157,"GC03"
2026-07-06,"Mon",147,11300,6,1,39,67,"GC03"
2026-07-07,"Tue",164,11000,9,1,33,75,"GC03"
2026-07-08,"Wed",123,12100,1,1,63,59,"GC03"
2026-07-09,"Thu",159,12200,1,0,21,77,"GC03"
2026-07-10,"Fri",207,11200,6,1,7,108,"GC03"
2026-07-11,"Sat",204,15200,0,0,22,136,"GC03"
2026-07-12,"Sun",195,14800,1,0,22,146,"GC03"
2026-07-13,"Mon",164,11900,0,0,0,78,"GC03"
2026-07-14,"Tue",124,12200,1,0,40,63,"GC03"
2026-07-15,"Wed",172,11800,0,0,10,91,"GC03"
2026-07-16,"Thu",168,11900,1,0,10,85,"GC03"
2026-07-17,"Fri",191,12200,1,0,6,99,"GC03"
2026-07-18,"Sat",193,14900,0,1,31,136,"GC03"
2026-07-19,"Sun",194,12850,16,1,63,125,"GC03"
2026-07-20,"Mon",171,10700,9,1,28,76,"GC03"
2026-07-21,"Tue",114,12100,0,0,48,57,"GC03"
2026-07-22,"Wed",168,9700,20,1,49,87,"GC03"
2026-07-23,"Thu",179,10000,14,0,24,95,"GC03"
2026-07-24,"Fri",195,11200,4,0,2,91,"GC03"
2026-07-25,"Sat",244,13300,11,1,5,184,"GC03"
2026-07-26,"Sun",216,13700,11,1,33,144,"GC03"
2026-07-27,"Mon",139,12200,0,0,50,70,"GC03"
2026-07-28,"Tue",130,11800,0,0,21,65,"GC03"
2026-07-29,"Wed",168,10300,14,0,43,90,"GC03"
2026-07-30,"Thu",180,9800,19,1,35,87,"GC03"
2026-07-31,"Fri",178,11600,6,0,30,90,"GC03"
2026-08-01,"Sat",174,15100,1,0,53,122,"GC03"
2026-08-02,"Sun",163,14900,0,0,59,115,"GC03"
2026-08-03,"Mon",134,12200,1,0,33,67,"GC03"
2026-08-04,"Tue",150,11200,6,0,19,73,"GC03"
2026-08-05,"Wed",152,11800,1,0,16,85,"GC03"
2026-08-06,"Thu",126,12100,0,0,30,67,"GC03"
2026-08-07,"Fri",216,10700,9,1,13,107,"GC03"
2026-08-08,"Sat",185,14800,1,0,24,131,"GC03"
2026-08-09,"Sun",199,13700,11,1,37,124,"GC03"
2026-08-10,"Mon",150,11300,4,1,40,72,"GC03"
2026-08-11,"Tue",154,12100,0,0,18,81,"GC03"
2026-08-12,"Wed",135,12100,1,0,27,66,"GC03"
2026-08-13,"Thu",118,12200,1,0,46,56,"GC03"
2026-08-14,"Fri",152,11800,0,0,52,71,"GC03"
2026-08-15,"Sat",194,14800,1,0,25,133,"GC03"
2026-08-16,"Sun",208,15100,0,1,9,150,"GC03"
2026-08-17,"Mon",146,11900,0,0,32,74,"GC03"
2026-08-18,"Tue",143,12200,0,0,18,72,"GC03"
2026-08-19,"Wed",117,12100,0,0,48,60,"GC03"
2026-08-20,"Thu",169,11900,1,0,1,87,"GC03"
2026-08-21,"Fri",241,10300,14,0,8,103,"GC03"
2026-08-22,"Sat",205,15100,1,0,18,140,"GC03"
2026-08-23,"Sun",157,15200,0,1,58,108,"GC03"
2026-08-24,"Mon",156,11900,0,0,24,71,"GC03"
2026-08-25,"Tue",124,12200,0,0,40,57,"GC03"
2026-08-26,"Wed",145,11800,1,0,19,78,"GC03"
2026-08-27,"Thu",137,11800,0,1,45,65,"GC03"
2026-08-28,"Fri",205,11000,11,0,22,113,"GC03"
2026-08-29,"Sat",186,14800,0,0,14,128,"GC03"
2026-08-30,"Sun",176,14800,0,0,30,125,"GC03"
2026-08-31,"Mon",131,12200,1,0,45,71,"GC03"
2026-09-01,"Tue",,11000,9,1,15,92,"GC03"
2026-09-02,"Wed",,10700,11,1,27,81,"GC03"
2026-09-03,"Thu",,10600,9,0,23,102,"GC03"
2026-09-04,"Fri",,11900,1,0,51,75,"GC03"
2026-09-05,"Sat",,15200,0,0,18,128,"GC03"
2026-09-06,"Sun",,14800,0,1,52,124,"GC03"
2026-09-07,"Mon",,10100,14,1,50,84,"GC03"
2026-09-08,"Tue",,10100,14,1,35,71,"GC03"
2026-09-09,"Wed",,12100,1,0,25,72,"GC03"
2026-09-10,"Thu",,12200,1,0,48,66,"GC03"
2026-09-11,"Fri",,11800,1,0,52,76,"GC03"
2026-09-12,"Sat",,11800,20,1,18,167,"GC03"
2026-09-13,"Sun",,12950,16,1,16,175,"GC03"
2026-09-14,"Mon",,11500,6,1,4,91,"GC03"
2026-09-15,"Tue",,11900,1,1,10,79,"GC03"
2026-09-16,"Wed",,11600,4,0,50,77,"GC03"
2026-09-17,"Thu",,12100,1,0,43,79,"GC03"
2026-09-18,"Fri",,11600,6,0,15,84,"GC03"
2026-09-19,"Sat",,14800,1,0,43,116,"GC03"
2026-09-20,"Sun",,12950,14,1,15,173,"GC03"
2026-09-21,"Mon",,10700,9,1,20,77,"GC03"
2026-09-22,"Tue",,11900,0,0,32,71,"GC03"
2026-09-23,"Wed",,11800,1,0,65,52,"GC03"
2026-09-24,"Thu",,12200,0,0,23,73,"GC03"
2026-09-25,"Fri",,10700,11,1,22,96,"GC03"
2026-09-26,"Sat",,15100,1,0,23,133,"GC03"
2026-09-27,"Sun",,12100,19,1,14,171,"GC03"
2026-09-28,"Mon",,10100,14,1,50,82,"GC03"
2026-09-29,"Tue",,9500,20,0,5,113,"GC03"
2026-09-30,"Wed",,11000,9,1,1,92,"GC03"
2023-09-01,"Fri",207,9500,20,1,29,113,"GC04"
2023-09-02,"Sat",204,15100,0,0,14,150,"GC04"
2023-09-03,"Sun",209,14350,6,1,22,145,"GC04"
2023-09-04,"Mon",214,10000,14,1,2,105,"GC04"
2023-09-05,"Tue",165,11600,4,1,17,83,"GC04"
2023-09-06,"Wed",201,9400,19,1,35,102,"GC04"
2023-09-07,"Thu",176,10900,9,1,23,89,"GC04"
2023-09-08,"Fri",187,11600,6,1,10,99,"GC04"
2023-09-09,"Sat",209,15100,0,0,5,148,"GC04"
2023-09-10,"Sun",199,14800,1,0,10,140,"GC04"
2023-09-11,"Mon",160,12200,0,0,8,91,"GC04"
2023-09-12,"Tue",134,11300,4,1,69,64,"GC04"
2023-09-13,"Wed",188,10600,9,1,15,95,"GC04"
2023-09-14,"Thu",174,10300,16,1,44,96,"GC04"
2023-09-15,"Fri",156,12100,1,1,41,84,"GC04"
2023-09-16,"Sat",187,14050,6,0,47,124,"GC04"
2023-09-17,"Sun",197,13600,11,1,41,136,"GC04"
2023-09-18,"Mon",146,12200,0,1,32,60,"GC04"
2023-09-19,"Tue",150,12200,0,0,3,80,"GC04"
2023-09-20,"Wed",144,11800,0,0,9,61,"GC04"
2023-09-21,"Thu",153,11800,1,0,23,71,"GC04"
2023-09-22,"Fri",222,9500,20,1,22,114,"GC04"
2023-09-23,"Sat",215,12650,16,1,41,158,"GC04"
2023-09-24,"Sun",189,14350,6,0,43,135,"GC04"
2023-09-25,"Mon",165,10100,14,1,45,80,"GC04"
2023-09-26,"Tue",146,12200,1,0,27,80,"GC04"
2023-09-27,"Wed",175,12100,0,0,4,96,"GC04"
2023-09-28,"Thu",142,12200,1,1,47,70,"GC04"
2023-09-29,"Fri",180,11500,6,1,26,96,"GC04"
2023-09-30,"Sat",199,14800,0,0,7,148,"GC04"
2023-10-01,"Sun",249,12950,14,1,32,187,"GC04"
2023-10-02,"Mon",136,11900,1,0,44,70,"GC04"
2023-10-03,"Tue",222,10400,14,1,3,112,"GC04"
2023-10-04,"Wed",177,12200,1,1,27,90,"GC04"
2023-10-05,"Thu",197,11000,11,1,9,90,"GC04"
2023-10-06,"Fri",233,10100,16,1,13,122,"GC04"
2023-10-07,"Sat",234,13400,11,1,38,159,"GC04"
2023-10-08,"Sun",233,14900,1,0,7,152,"GC04"
2023-10-09,"Mon",175,11800,1,1,23,87,"GC04"
2023-10-10,"Tue",195,9700,19,1,55,99,"GC04"
2023-10-11,"Wed",217,10700,9,1,11,103,"GC04"
2023-10-12,"Thu",152,11800,1,0,30,79,"GC04"
2023-10-13,"Fri",199,11000,11,0,23,97,"GC04"
2023-10-14,"Sat",228,14900,1,0,14,165,"GC04"
2023-10-15,"Sun",243,12950,16,1,26,156,"GC04"
2023-10-16,"Mon",168,11800,0,0,27,85,"GC04"
2023-10-17,"Tue",167,12100,1,0,7,90,"GC04"
2023-10-18,"Wed",218,10700,9,1,16,128,"GC04"
2023-10-19,"Thu",227,10900,9,1,12,118,"GC04"
2023-10-20,"Fri",203,11600,4,0,11,101,"GC04"
2023-10-21,"Sat",190,15200,0,0,51,147,"GC04"
2023-10-22,"Sun",254,13700,11,1,9,168,"GC04"
2023-10-23,"Mon",208,10600,9,1,14,89,"GC04"
2023-10-24,"Tue",187,11300,4,0,36,95,"GC04"
2023-10-25,"Wed",204,9700,20,1,27,112,"GC04"
2023-10-26,"Thu",170,11500,4,0,34,90,"GC04"
2023-10-27,"Fri",230,10000,16,1,26,101,"GC04"
2023-10-28,"Sat",239,13700,9,1,28,175,"GC04"
2023-10-29,"Sun",195,15200,1,0,18,129,"GC04"
2023-10-30,"Mon",150,11300,4,0,50,65,"GC04"
2023-10-31,"Tue",165,12100,0,0,25,81,"GC04"
2023-11-01,"Wed",151,11900,1,0,19,74,"GC04"
2023-11-02,"Thu",128,11800,1,0,46,73,"GC04"
2023-11-03,"Fri",207,10000,14,1,26,109,"GC04"
2023-11-04,"Sat",248,12650,16,1,9,164,"GC04"
2023-11-05,"Sun",206,14050,4,0,34,147,"GC04"
2023-11-06,"Mon",162,10900,11,1,47,85,"GC04"
2023-11-07,"Tue",195,10600,11,0,15,97,"GC04"
2023-11-08,"Wed",175,10900,9,1,38,98,"GC04"
2023-11-09,"Thu",144,11900,0,0,26,76,"GC04"
2023-11-10,"Fri",213,10300,14,1,22,105,"GC04"
2023-11-11,"Sat",191,15200,1,1,60,137,"GC04"
2023-11-12,"Sun",226,14050,4,0,20,147,"GC04"
2023-11-13,"Mon",200,10900,11,1,12,102,"GC04"
2023-11-14,"Tue",188,11300,4,1,21,94,"GC04"
2023-11-15,"Wed",202,11000,11,1,8,109,"GC04"
2023-11-16,"Thu",192,11000,9,1,20,79,"GC04"
2023-11-17,"Fri",231,10600,9,1,7,110,"GC04"
2023-11-18,"Sat",223,15100,1,0,10,153,"GC04"
2023-11-19,"Sun",185,14800,1,1,42,124,"GC04"
2023-11-20,"Mon",169,11000,11,1,50,90,"GC04"
2023-11-21,"Tue",189,12100,1,0,4,96,"GC04"
2023-11-22,"Wed",153,11800,1,0,30,75,"GC04"
2023-11-23,"Thu",171,11800,0,0,19,89,"GC04"
2023-11-24,"Fri",175,12200,1,0,26,77,"GC04"
2023-11-25,"Sat",200,14900,0,0,41,137,"GC04"
2023-11-26,"Sun",210,12850,16,1,52,140,"GC04"
2023-11-27,"Mon",179,12100,1,0,4,82,"GC04"
2023-11-28,"Tue",173,11500,4,0,11,98,"GC04"
2023-11-29,"Wed",155,12200,0,0,19,89,"GC04"
2023-11-30,"Thu",156,10700,9,1,45,81,"GC04"
2023-12-01,"Fri",127,12100,0,0,45,59,"GC04"
2023-12-02,"Sat",199,15100,1,0,10,147,"GC04"
2023-12-03,"Sun",202,14900,1,0,21,139,"GC04"
2023-12-04,"Mon",124,11200,6,0,47,62,"GC04"
2023-12-05,"Tue",153,11200,4,0,32,68,"GC04"
2023-12-06,"Wed",193,10400,16,1,20,95,"GC04"
2023-12-07,"Thu",171,10000,14,1,36,94,"GC04"
2023-12-08,"Fri",165,11900,1,0,19,87,"GC04"
2023-12-09,"Sat",202,14800,0,0,16,146,"GC04"
2023-12-10,"Sun",167,14800,0,0,42,114,"GC04"
2023-12-11,"Mon",148,11600,6,1,48,79,"GC04"
2023-12-12,"Tue",167,11500,4,0,5,93,"GC04"
2023-12-13,"Wed",186,9700,20,1,52,90,"GC04"
2023-12-14,"Thu",184,11500,4,0,15,93,"GC04"
2023-12-15,"Fri",196,10700,9,1,18,89,"GC04"
2023-12-16,"Sat",236,12850,16,1,23,163,"GC04"
2023-12-17,"Sun",189,15200,1,0,19,138,"GC04"
2023-12-18,"Mon",146,12100,0,0,36,66,"GC04"
2023-12-19,"Tue",170,12100,0,0,15,92,"GC04"
2023-12-20,"Wed",122,12200,1,0,57,67,"GC04"
2023-12-21,"Thu",211,10100,14,1,3,101,"GC04"
2023-12-22,"Fri",199,10900,11,1,13,99,"GC04"
2023-12-23,"Sat",210,15100,1,0,7,156,"GC04"
2023-12-24,"Sun",206,13400,9,1,46,143,"GC04"
2023-12-25,"Mon",125,11200,6,0,43,73,"GC04"
2023-12-26,"Tue",155,11900,1,0,22,70,"GC04"
2023-12-27,"Wed",125,11300,4,1,77,70,"GC04"
2023-12-28,"Thu",207,9500,19,0,16,99,"GC04"
2023-12-29,"Fri",143,11900,1,0,49,71,"GC04"
2023-12-30,"Sat",214,14450,4,0,7,158,"GC04"
2023-12-31,"Sun",209,14450,6,0,13,149,"GC04"
2024-01-01,"Mon",151,11500,6,0,35,74,"GC04"
2024-01-02,"Tue",138,12200,0,0,40,70,"GC04"
2024-01-03,"Wed",184,11000,9,1,17,90,"GC04"
2024-01-04,"Thu",172,9400,19,0,47,87,"GC04"
2024-01-05,"Fri",194,12200,1,0,7,99,"GC04"
2024-01-06,"Sat",219,13400,11,1,15,154,"GC04"
2024-01-07,"Sun",186,14800,1,0,48,134,"GC04"
2024-01-08,"Mon",174,11500,4,0,5,83,"GC04"
2024-01-09,"Tue",161,11500,4,0,24,75,"GC04"
2024-01-10,"Wed",145,11800,0,1,24,70,"GC04"
2024-01-11,"Thu",139,12100,0,0,33,66,"GC04"
2024-01-12,"Fri",181,12200,1,0,12,78,"GC04"
2024-01-13,"Sat",202,13600,9,1,26,137,"GC04"
2024-01-14,"Sun",198,14900,1,0,18,142,"GC04"
2024-01-15,"Mon",188,11000,9,1,2,93,"GC04"
2024-01-16,"Tue",178,10100,14,1,46,83,"GC04"
2024-01-17,"Wed",168,11900,0,0,11,83,"GC04"
2024-01-18,"Thu",127,11800,1,0,36,58,"GC04"
2024-01-19,"Fri",176,10700,9,1,43,95,"GC04"
2024-01-20,"Sat",203,14350,4,1,44,139,"GC04"
2024-01-21,"Sun",191,15200,1,0,13,135,"GC04"
2024-01-22,"Mon",186,10600,9,1,19,98,"GC04"
2024-01-23,"Tue",101,11800,1,1,68,56,"GC04"
2024-01-24,"Wed",156,11900,0,0,23,66,"GC04"
2024-01-25,"Thu",133,11600,4,0,22,59,"GC04"
2024-01-26,"Fri",183,10700,11,1,33,100,"GC04"
2024-01-27,"Sat",188,14050,6,0,33,129,"GC04"
2024-01-28,"Sun",240,12850,16,1,20,174,"GC04"
2024-01-29,"Mon",157,11600,4,0,31,71,"GC04"
2024-01-30,"Tue",163,12200,1,0,7,81,"GC04"
2024-01-31,"Wed",149,12200,0,0,29,67,"GC04"
2024-02-01,"Thu",178,10300,14,1,41,89,"GC04"
2024-02-02,"Fri",196,10900,9,1,40,86,"GC04"
2024-02-03,"Sat",195,14350,6,0,28,138,"GC04"
2024-02-04,"Sun",180,14350,6,0,50,131,"GC04"
2024-02-05,"Mon",181,10700,11,0,11,95,"GC04"
2024-02-06,"Tue",137,12200,1,0,33,70,"GC04"
2024-02-07,"Wed",128,11800,0,1,45,57,"GC04"
2024-02-08,"Thu",155,11800,0,0,18,67,"GC04"
2024-02-09,"Fri",162,11200,4,0,37,83,"GC04"
2024-02-10,"Sat",209,12950,14,1,52,143,"GC04"
2024-02-11,"Sun",203,15100,1,0,18,142,"GC04"
2024-02-12,"Mon",165,10600,11,1,47,84,"GC04"
2024-02-13,"Tue",157,11900,1,0,18,71,"GC04"
2024-02-14,"Wed",143,11800,0,0,17,73,"GC04"
2024-02-15,"Thu",172,11500,6,0,11,79,"GC04"
2024-02-16,"Fri",225,10300,16,1,9,117,"GC04"
2024-02-17,"Sat",181,15100,1,0,27,124,"GC04"
2024-02-18,"Sun",208,14150,4,0,13,147,"GC04"
2024-02-19,"Mon",194,10600,9,1,20,99,"GC04"
2024-02-20,"Tue",164,11900,1,0,7,89,"GC04"
2024-02-21,"Wed",186,10900,11,1,1,101,"GC04"
2024-02-22,"Thu",138,11600,6,1,44,72,"GC04"
2024-02-23,"Fri",121,12100,0,0,47,55,"GC04"
2024-02-24,"Sat",212,14150,4,0,10,154,"GC04"
2024-02-25,"Sun",225,13600,11,1,15,162,"GC04"
2024-02-26,"Mon",179,11600,6,0,3,91,"GC04"
2024-02-27,"Tue",197,10300,14,1,20,90,"GC04"
2024-02-28,"Wed",163,11800,0,1,10,84,"GC04"
2024-02-29,"Thu",164,10700,11,1,44,85,"GC04"
2024-03-01,"Fri",210,10600,11,1,8,100,"GC04"
2024-03-02,"Sat",213,14900,0,0,22,148,"GC04"
2024-03-03,"Sun",252,11800,19,1,0,175,"GC04"
2024-03-04,"Mon",170,12100,0,0,4,87,"GC04"
2024-03-05,"Tue",183,11900,0,0,13,95,"GC04"
2024-03-06,"Wed",159,12200,1,1,24,76,"GC04"
2024-03-07,"Thu",146,12200,0,1,41,56,"GC04"
2024-03-08,"Fri",216,9800,19,1,31,101,"GC04"
2024-03-09,"Sat",223,14150,6,1,19,162,"GC04"
2024-03-10,"Sun",244,13300,9,1,5,178,"GC04"
2024-03-11,"Mon",162,10700,11,1,44,79,"GC04"
2024-03-12,"Tue",140,12100,0,0,34,68,"GC04"
2024-03-13,"Wed",168,11500,6,1,30,81,"GC04"
2024-03-14,"Thu",198,9400,20,1,54,110,"GC04"
2024-03-15,"Fri",175,11900,1,0,50,86,"GC04"
2024-03-16,"Sat",212,14350,4,0,33,134,"GC04"
2024-03-17,"Sun",226,14900,1,0,3,150,"GC04"
2024-03-18,"Mon",155,11900,1,0,39,68,"GC04"
2024-03-19,"Tue",162,11800,1,0,30,84,"GC04"
2024-03-20,"Wed",207,9400,19,1,17,106,"GC04"
2024-03-21,"Thu",157,11900,0,0,37,78,"GC04"
2024-03-22,"Fri",184,10000,16,1,49,96,"GC04"
2024-03-23,"Sat",208,14050,4,0,29,142,"GC04"
2024-03-24,"Sun",196,15200,0,1,30,131,"GC04"
2024-03-25,"Mon",187,11300,4,0,3,96,"GC04"
2024-03-26,"Tue",159,12200,0,0,18,85,"GC04"
2024-03-27,"Wed",138,12100,1,0,52,72,"GC04"
2024-03-28,"Thu",204,10000,16,1,16,104,"GC04"
2024-03-29,"Fri",233,10900,9,1,10,108,"GC04"
2024-03-30,"Sat",221,14450,6,0,12,148,"GC04"
2024-03-31,"Sun",224,14800,1,1,6,150,"GC04"
2024-04-01,"Mon",167,11800,0,0,36,77,"GC04"
2024-04-02,"Tue",169,10700,9,1,58,87,"GC04"
2024-04-03,"Wed",175,11500,6,0,19,84,"GC04"
2024-04-04,"Thu",235,9700,20,1,11,109,"GC04"
2024-04-05,"Fri",211,12100,1,0,7,109,"GC04"
2024-04-06,"Sat",204,13300,11,1,64,142,"GC04"
2024-04-07,"Sun",218,15100,1,0,23,157,"GC04"
2024-04-08,"Mon",184,10900,9,1,26,93,"GC04"
2024-04-09,"Tue",173,11600,4,1,19,91,"GC04"
2024-04-10,"Wed",179,11800,0,0,10,82,"GC04"
2024-04-11,"Thu",153,11200,6,0,27,73,"GC04"
2024-04-12,"Fri",205,10400,16,1,47,104,"GC04"
2024-04-13,"Sat",217,13400,11,1,54,169,"GC04"
2024-04-14,"Sun",255,12550,14,1,24,171,"GC04"
2024-04-15,"Mon",167,11800,1,0,34,82,"GC04"
2024-04-16,"Tue",148,11800,1,0,45,67,"GC04"
2024-04-17,"Wed",178,11300,6,1,11,86,"GC04"
2024-04-18,"Thu",221,11300,6,1,0,111,"GC04"
2024-04-19,"Fri",212,10100,14,1,37,106,"GC04"
2024-04-20,"Sat",196,15200,0,0,34,136,"GC04"
2024-04-21,"Sun",230,15100,0,0,9,159,"GC04"
2024-04-22,"Mon",148,12100,1,0,25,71,"GC04"
2024-04-23,"Tue",213,10700,9,0,10,94,"GC04"
2024-04-24,"Wed",191,11600,4,1,20,93,"GC04"
2024-04-25,"Thu",167,11600,4,1,27,76,"GC04"
2024-04-26,"Fri",216,12100,0,1,18,106,"GC04"
2024-04-27,"Sat",241,12650,14,0,27,172,"GC04"
2024-04-28,"Sun",248,13600,9,1,26,170,"GC04"
2024-04-29,"Mon",175,11900,0,0,22,75,"GC04"
2024-04-30,"Tue",156,11800,0,0,22,76,"GC04"
2024-05-01,"Wed",177,11800,1,1,10,77,"GC04"
2024-05-02,"Thu",195,12100,1,1,11,100,"GC04"
2024-05-03,"Fri",231,10600,11,1,24,105,"GC04"
2024-05-04,"Sat",205,14900,1,0,30,144,"GC04"
2024-05-05,"Sun",211,13700,11,1,53,151,"GC04"
2024-05-06,"Mon",202,11800,0,1,7,102,"GC04"
2024-05-07,"Tue",176,12200,0,0,27,85,"GC04"
2024-05-08,"Wed",146,12100,0,0,32,76,"GC04"
2024-05-09,"Thu",175,11900,0,0,15,84,"GC04"
2024-05-10,"Fri",214,11600,6,0,8,99,"GC04"
2024-05-11,"Sat",216,14150,6,0,47,145,"GC04"
2024-05-12,"Sun",239,13400,9,1,33,158,"GC04"
2024-05-13,"Mon",200,10000,16,1,28,104,"GC04"
2024-05-14,"Tue",155,11300,6,0,52,69,"GC04"
2024-05-15,"Wed",175,11300,4,0,15,83,"GC04"
2024-05-16,"Thu",147,11600,6,0,46,73,"GC04"
2024-05-17,"Fri",191,10100,14,1,57,99,"GC04"
2024-05-18,"Sat",225,14900,1,0,21,155,"GC04"
2024-05-19,"Sun",208,15200,1,0,38,143,"GC04"
2024-05-20,"Mon",203,10600,11,1,12,98,"GC04"
2024-05-21,"Tue",193,10300,16,1,42,108,"GC04"
2024-05-22,"Wed",195,10600,9,1,28,86,"GC04"
2024-05-23,"Thu",172,11800,0,1,29,91,"GC04"
2024-05-24,"Fri",185,11900,1,1,47,89,"GC04"
2024-05-25,"Sat",253,12650,16,1,22,174,"GC04"
2024-05-26,"Sun",201,14350,4,0,59,144,"GC04"
2024-05-27,"Mon",160,11900,0,0,30,81,"GC04"
2024-05-28,"Tue",169,11800,1,0,27,87,"GC04"
2024-05-29,"Wed",184,11600,6,0,17,95,"GC04"
2024-05-30,"Thu",209,10400,16,0,36,112,"GC04"
2024-05-31,"Fri",244,10100,16,1,6,133,"GC04"
2024-06-01,"Sat",220,14150,4,0,6,135,"GC04"
2024-06-02,"Sun",184,15100,0,1,45,122,"GC04"
2024-06-03,"Mon",208,11000,11,1,10,90,"GC04"
2024-06-04,"Tue",144,11900,1,0,21,75,"GC04"
2024-06-05,"Wed",188,12200,0,1,6,97,"GC04"
2024-06-06,"Thu",148,12100,0,0,41,77,"GC04"
2024-06-07,"Fri",208,11300,6,0,8,106,"GC04"
2024-06-08,"Sat",199,14350,6,0,29,140,"GC04"
2024-06-09,"Sun",191,14900,0,0,31,120,"GC04"
2024-06-10,"Mon",207,9400,19,1,6,121,"GC04"
2024-06-11,"Tue",144,11900,0,0,22,81,"GC04"
2024-06-12,"Wed",155,11000,11,1,35,78,"GC04"
2024-06-13,"Thu",169,11300,6,1,10,78,"GC04"
2024-06-14,"Fri",218,10900,9,1,13,115,"GC04"
2024-06-15,"Sat",211,13300,11,1,39,152,"GC04"
2024-06-16,"Sun",215,14900,1,1,21,150,"GC04"
2024-06-17,"Mon",184,10900,9,1,9,97,"GC04"
2024-06-18,"Tue",162,10400,16,1,45,90,"GC04"
2024-06-19,"Wed",161,12100,1,0,13,77,"GC04"
2024-06-20,"Thu",148,10600,9,0,48,67,"GC04"
2024-06-21,"Fri",155,10300,14,1,71,74,"GC04"
2024-06-22,"Sat",211,15200,0,1,19,147,"GC04"
2024-06-23,"Sun",178,15200,0,0,37,134,"GC04"
2024-06-24,"Mon",126,11500,4,0,52,65,"GC04"
2024-06-25,"Tue",122,12200,1,0,42,60,"GC04"
2024-06-26,"Wed",147,11500,6,1,41,85,"GC04"
2024-06-27,"Thu",123,12100,0,1,53,62,"GC04"
2024-06-28,"Fri",165,11200,4,0,24,74,"GC04"
2024-06-29,"Sat",176,15200,0,1,45,119,"GC04"
2024-06-30,"Sun",218,15100,1,1,15,141,"GC04"
2024-07-01,"Mon",162,10700,11,1,34,79,"GC04"
2024-07-02,"Tue",140,11300,6,0,42,72,"GC04"
2024-07-03,"Wed",168,11500,4,0,40,87,"GC04"
2024-07-04,"Thu",153,12100,1,0,13,71,"GC04"
2024-07-05,"Fri",173,10400,14,1,22,94,"GC04"
2024-07-06,"Sat",203,14900,1,1,28,127,"GC04"
2024-07-07,"Sun",198,15200,1,0,21,135,"GC04"
2024-07-08,"Mon",211,9700,19,1,13,104,"GC04"
2024-07-09,"Tue",152,11500,6,0,29,72,"GC04"
2024-07-10,"Wed",194,10100,14,1,29,97,"GC04"
2024-07-11,"Thu",152,12200,1,0,36,76,"GC04"
2024-07-12,"Fri",182,12100,1,0,23,81,"GC04"
2024-07-13,"Sat",218,14150,4,0,27,151,"GC04"
2024-07-14,"Sun",182,14900,0,1,38,127,"GC04"
2024-07-15,"Mon",180,10100,16,1,47,90,"GC04"
2024-07-16,"Tue",127,11500,4,0,32,64,"GC04"
2024-07-17,"Wed",176,10600,11,1,28,82,"GC04"
2024-07-18,"Thu",164,11000,11,1,35,71,"GC04"
2024-07-19,"Fri",178,10100,16,1,60,96,"GC04"
2024-07-20,"Sat",196,14800,1,0,24,140,"GC04"
2024-07-21,"Sun",199,15200,0,0,21,140,"GC04"
2024-07-22,"Mon",189,10400,16,1,22,93,"GC04"
2024-07-23,"Tue",182,10400,16,1,34,91,"GC04"
2024-07-24,"Wed",171,11900,0,0,7,86,"GC04"
2024-07-25,"Thu",165,10600,9,1,32,79,"GC04"
2024-07-26,"Fri",164,11900,1,0,8,84,"GC04"
2024-07-27,"Sat",184,14900,0,0,35,122,"GC04"
2024-07-28,"Sun",204,15100,1,0,5,143,"GC04"
2024-07-29,"Mon",167,11500,6,1,29,84,"GC04"
2024-07-30,"Tue",150,11800,1,1,25,73,"GC04"
2024-07-31,"Wed",166,10700,9,1,26,78,"GC04"
2024-08-01,"Thu",158,11500,6,0,34,78,"GC04"
2024-08-02,"Fri",161,11800,1,0,20,80,"GC04"
2024-08-03,"Sat",192,15200,0,0,36,132,"GC04"
2024-08-04,"Sun",220,14800,0,0,5,153,"GC04"
2024-08-05,"Mon",120,11500,4,1,76,54,"GC04"
2024-08-06,"Tue",162,11800,0,1,9,77,"GC04"
2024-08-07,"Wed",184,10600,9,1,24,93,"GC04"
2024-08-08,"Thu",148,11500,4,0,25,66,"GC04"
2024-08-09,"Fri",195,11900,1,0,11,104,"GC04"
2024-08-10,"Sat",168,15200,0,0,62,125,"GC04"
2024-08-11,"Sun",200,13300,11,1,46,142,"GC04"
2024-08-12,"Mon",174,11200,4,0,16,89,"GC04"
2024-08-13,"Tue",167,11900,1,0,16,88,"GC04"
2024-08-14,"Wed",144,11500,4,0,28,68,"GC04"
2024-08-15,"Thu",184,11600,4,0,6,84,"GC04"
2024-08-16,"Fri",136,12100,0,0,52,66,"GC04"
2024-08-17,"Sat",225,13300,9,1,23,161,"GC04"
2024-08-18,"Sun",200,14800,1,0,22,139,"GC04"
2024-08-19,"Mon",144,12100,1,0,37,67,"GC04"
2024-08-20,"Tue",194,10300,14,1,18,109,"GC04"
2024-08-21,"Wed",139,12100,1,0,46,75,"GC04"
2024-08-22,"Thu",139,11800,1,0,27,64,"GC04"
2024-08-23,"Fri",181,11300,6,0,12,96,"GC04"
2024-08-24,"Sat",241,12950,16,1,21,167,"GC04"
2024-08-25,"Sun",198,15100,1,0,33,131,"GC04"
2024-08-26,"Mon",145,12200,0,0,34,69,"GC04"
2024-08-27,"Tue",174,11300,6,1,8,78,"GC04"
2024-08-28,"Wed",113,11800,1,0,44,59,"GC04"
2024-08-29,"Thu",194,10400,16,1,11,105,"GC04"
2024-08-30,"Fri",144,11900,0,0,27,74,"GC04"
2024-08-31,"Sat",157,14800,1,0,52,112,"GC04"
2024-09-01,"Sun",164,15100,0,0,58,126,"GC04"
2024-09-02,"Mon",170,11900,0,0,8,75,"GC04"
2024-09-03,"Tue",199,10600,11,1,7,102,"GC04"
2024-09-04,"Wed",152,12200,1,1,38,57,"GC04"
2024-09-05,"Thu",157,11900,1,0,7,77,"GC04"
2024-09-06,"Fri",152,12100,0,0,51,69,"GC04"
2024-09-07,"Sat",181,14900,0,0,28,122,"GC04"
2024-09-08,"Sun",216,12950,14,1,21,149,"GC04"
2024-09-09,"Mon",111,12100,1,0,37,56,"GC04"
2024-09-10,"Tue",177,10600,11,1,40,97,"GC04"
2024-09-11,"Wed",164,11300,6,0,37,85,"GC04"
2024-09-12,"Thu",173,10700,9,1,31,82,"GC04"
2024-09-13,"Fri",193,11300,4,0,14,92,"GC04"
2024-09-14,"Sat",241,13400,9,1,17,166,"GC04"
2024-09-15,"Sun",163,15200,0,0,36,121,"GC04"
2024-09-16,"Mon",158,10900,11,1,53,80,"GC04"
2024-09-17,"Tue",151,12100,0,0,20,71,"GC04"
2024-09-18,"Wed",128,11800,0,0,45,57,"GC04"
2024-09-19,"Thu",145,12100,0,0,28,76,"GC04"
2024-09-20,"Fri",161,11900,0,1,34,87,"GC04"
2024-09-21,"Sat",218,15200,0,0,1,156,"GC04"
2024-09-22,"Sun",212,14050,6,0,11,141,"GC04"
2024-09-23,"Mon",133,12200,0,0,35,66,"GC04"
2024-09-24,"Tue",174,11900,0,1,23,78,"GC04"
2024-09-25,"Wed",161,12200,0,0,9,89,"GC04"
2024-09-26,"Thu",196,11500,6,0,8,99,"GC04"
2024-09-27,"Fri",188,11500,6,1,14,93,"GC04"
2024-09-28,"Sat",192,13600,9,1,70,129,"GC04"
2024-09-29,"Sun",220,12950,14,1,33,150,"GC04"
2024-09-30,"Mon",149,12100,1,0,16,83,"GC04"
2024-10-01,"Tue",193,11600,6,0,9,95,"GC04"
2024-10-02,"Wed",192,10400,16,1,42,86,"GC04"
2024-10-03,"Thu",190,11000,11,1,44,96,"GC04"
2024-10-04,"Fri",215,12100,1,0,2,113,"GC04"
2024-10-05,"Sat",209,13700,11,1,61,145,"GC04"
2024-10-06,"Sun",181,15200,1,0,63,143,"GC04"
2024-10-07,"Mon",164,12200,0,0,27,63,"GC04"
2024-10-08,"Tue",170,12200,0,0,22,79,"GC04"
2024-10-09,"Wed",177,11300,4,1,24,86,"GC04"
2024-10-10,"Thu",157,12100,0,1,18,71,"GC04"
2024-10-11,"Fri",220,10300,16,1,28,116,"GC04"
2024-10-12,"Sat",228,14800,1,1,20,152,"GC04"
2024-10-13,"Sun",204,14450,4,0,23,145,"GC04"
2024-10-14,"Mon",219,9500,20,0,23,106,"GC04"
2024-10-15,"Tue",176,11900,0,0,5,99,"GC04"
2024-10-16,"Wed",224,10300,16,1,10,118,"GC04"
2024-10-17,"Thu",166,11800,0,0,26,78,"GC04"
2024-10-18,"Fri",188,10300,16,1,56,104,"GC04"
2024-10-19,"Sat",215,14800,0,0,25,135,"GC04"
2024-10-20,"Sun",218,13700,9,1,49,155,"GC04"
2024-10-21,"Mon",200,10600,11,1,19,99,"GC04"
2024-10-22,"Tue",206,10300,14,1,33,98,"GC04"
2024-10-23,"Wed",160,11900,0,0,20,80,"GC04"
2024-10-24,"Thu",176,11600,6,1,24,98,"GC04"
2024-10-25,"Fri",219,11200,4,0,23,105,"GC04"
2024-10-26,"Sat",223,14050,6,0,28,161,"GC04"
2024-10-27,"Sun",249,12550,16,1,21,181,"GC04"
2024-10-28,"Mon",201,10000,16,1,19,94,"GC04"
2024-10-29,"Tue",164,12200,1,1,29,75,"GC04"
2024-10-30,"Wed",187,11200,4,0,23,93,"GC04"
2024-10-31,"Thu",185,11200,4,1,26,88,"GC04"
2024-11-01,"Fri",230,10100,16,1,25,94,"GC04"
2024-11-02,"Sat",172,14800,1,0,55,112,"GC04"
2024-11-03,"Sun",219,14900,1,1,24,152,"GC04"
2024-11-04,"Mon",175,11000,9,1,38,95,"GC04"
2024-11-05,"Tue",190,11600,6,0,19,97,"GC04"
2024-11-06,"Wed",157,11200,6,0,52,81,"GC04"
2024-11-07,"Thu",228,10600,9,1,2,120,"GC04"
2024-11-08,"Fri",214,11000,11,1,18,117,"GC04"
2024-11-09,"Sat",220,14800,0,1,24,157,"GC04"
2024-11-10,"Sun",223,13300,9,1,33,154,"GC04"
2024-11-11,"Mon",190,10300,16,1,46,95,"GC04"
2024-11-12,"Tue",147,11500,4,1,37,65,"GC04"
2024-11-13,"Wed",159,11300,6,0,61,83,"GC04"
2024-11-14,"Thu",178,10300,16,1,54,88,"GC04"
2024-11-15,"Fri",188,11200,6,1,28,95,"GC04"
2024-11-16,"Sat",246,15200,0,1,14,155,"GC04"
2024-11-17,"Sun",229,13700,11,1,35,159,"GC04"
2024-11-18,"Mon",163,11900,1,0,22,83,"GC04"
2024-11-19,"Tue",115,11900,1,0,78,57,"GC04"
2024-11-20,"Wed",174,10000,14,1,59,79,"GC04"
2024-11-21,"Thu",168,11800,0,0,7,79,"GC04"
2024-11-22,"Fri",188,11900,0,0,15,109,"GC04"
2024-11-23,"Sat",209,14450,4,0,27,149,"GC04"
2024-11-24,"Sun",198,15100,0,0,26,134,"GC04"
2024-11-25,"Mon",156,12200,1,0,29,69,"GC04"
2024-11-26,"Tue",143,11600,6,0,33,68,"GC04"
2024-11-27,"Wed",197,10000,14,1,29,98,"GC04"
2024-11-28,"Thu",182,11000,9,1,53,99,"GC04"
2024-11-29,"Fri",177,11800,0,0,32,83,"GC04"
2024-11-30,"Sat",207,15200,1,0,13,143,"GC04"
2024-12-01,"Sun",192,15100,0,0,19,137,"GC04"
2024-12-02,"Mon",173,10900,11,1,22,82,"GC04"
2024-12-03,"Tue",148,11300,4,1,19,69,"GC04"
2024-12-04,"Wed",131,11600,6,0,37,69,"GC04"
2024-12-05,"Thu",135,11000,11,1,67,66,"GC04"
2024-12-06,"Fri",184,12100,0,0,19,89,"GC04"
2024-12-07,"Sat",177,13600,9,1,58,120,"GC04"
2024-12-08,"Sun",210,14800,0,0,20,149,"GC04"
2024-12-09,"Mon",153,11600,6,0,22,67,"GC04"
2024-12-10,"Tue",148,11000,9,1,54,72,"GC04"
2024-12-11,"Wed",181,11500,4,1,17,86,"GC04"
2024-12-12,"Thu",145,11000,9,1,64,68,"GC04"
2024-12-13,"Fri",134,11800,1,1,36,64,"GC04"
2024-12-14,"Sat",220,14450,6,1,11,163,"GC04"
2024-12-15,"Sun",220,14800,0,0,6,153,"GC04"
2024-12-16,"Mon",139,12200,0,0,47,64,"GC04"
2024-12-17,"Tue",181,10600,9,1,17,109,"GC04"
2024-12-18,"Wed",158,12100,0,1,32,81,"GC04"
2024-12-19,"Thu",125,11900,1,0,45,59,"GC04"
2024-12-20,"Fri",229,11000,11,1,16,103,"GC04"
2024-12-21,"Sat",203,14900,0,0,6,153,"GC04"
2024-12-22,"Sun",215,14350,6,0,14,148,"GC04"
2024-12-23,"Mon",153,11500,4,0,39,82,"GC04"
2024-12-24,"Tue",154,11500,6,0,31,81,"GC04"
2024-12-25,"Wed",198,9400,19,1,20,92,"GC04"
2024-12-26,"Thu",170,11600,6,1,22,86,"GC04"
2024-12-27,"Fri",177,11900,0,0,17,91,"GC04"
2024-12-28,"Sat",183,14800,1,0,21,126,"GC04"
2024-12-29,"Sun",221,13700,9,1,37,149,"GC04"
2024-12-30,"Mon",147,11800,0,0,15,76,"GC04"
2024-12-31,"Tue",168,12200,0,0,4,76,"GC04"
2025-01-01,"Wed",109,12100,1,0,71,46,"GC04"
2025-01-02,"Thu",123,11500,6,0,49,61,"GC04"
2025-01-03,"Fri",164,12200,1,0,21,74,"GC04"
2025-01-04,"Sat",187,14800,1,0,30,129,"GC04"
2025-01-05,"Sun",201,14800,1,1,16,136,"GC04"
2025-01-06,"Mon",165,12100,0,0,12,81,"GC04"
2025-01-07,"Tue",169,10600,11,1,27,89,"GC04"
2025-01-08,"Wed",162,11800,0,1,32,75,"GC04"
2025-01-09,"Thu",155,12100,1,1,28,82,"GC04"
2025-01-10,"Fri",221,9500,19,1,28,110,"GC04"
2025-01-11,"Sat",207,14450,6,0,19,147,"GC04"
2025-01-12,"Sun",234,12950,14,1,27,150,"GC04"
2025-01-13,"Mon",174,10600,11,1,10,87,"GC04"
2025-01-14,"Tue",221,9700,20,1,0,116,"GC04"
2025-01-15,"Wed",151,11600,4,0,33,64,"GC04"
2025-01-16,"Thu",133,12200,0,0,53,69,"GC04"
2025-01-17,"Fri",207,10900,11,1,28,107,"GC04"
2025-01-18,"Sat",241,12550,14,1,5,160,"GC04"
2025-01-19,"Sun",203,14900,1,1,27,133,"GC04"
2025-01-20,"Mon",157,11800,0,1,18,71,"GC04"
2025-01-21,"Tue",151,11200,6,1,50,69,"GC04"
2025-01-22,"Wed",181,9800,19,1,26,90,"GC04"
2025-01-23,"Thu",200,10300,16,0,0,105,"GC04"
2025-01-24,"Fri",179,11800,0,0,7,96,"GC04"
2025-01-25,"Sat",199,14900,0,1,23,137,"GC04"
2025-01-26,"Sun",225,12850,14,1,33,148,"GC04"
2025-01-27,"Mon",197,10400,14,0,4,99,"GC04"
2025-01-28,"Tue",169,10400,16,1,43,88,"GC04"
2025-01-29,"Wed",199,10700,11,1,9,93,"GC04"
2025-01-30,"Thu",145,11800,1,0,30,56,"GC04"
2025-01-31,"Fri",172,11900,1,1,24,82,"GC04"
2025-02-01,"Sat",213,14050,4,1,20,151,"GC04"
2025-02-02,"Sun",200,14800,0,0,46,141,"GC04"
2025-02-03,"Mon",206,9700,20,1,18,92,"GC04"
2025-02-04,"Tue",141,12100,1,0,32,66,"GC04"
2025-02-05,"Wed",183,10900,9,0,23,97,"GC04"
2025-02-06,"Thu",158,12200,1,0,6,77,"GC04"
2025-02-07,"Fri",163,11300,4,0,48,77,"GC04"
2025-02-08,"Sat",240,14150,4,1,0,166,"GC04"
2025-02-09,"Sun",195,14050,6,0,34,129,"GC04"
2025-02-10,"Mon",124,12200,0,0,34,54,"GC04"
2025-02-11,"Tue",203,10000,14,1,4,93,"GC04"
2025-02-12,"Wed",167,10000,14,1,46,76,"GC04"
2025-02-13,"Thu",161,10900,11,1,48,76,"GC04"
2025-02-14,"Fri",195,10700,9,0,19,105,"GC04"
2025-02-15,"Sat",200,14150,4,0,20,148,"GC04"
2025-02-16,"Sun",210,13700,11,1,45,137,"GC04"
2025-02-17,"Mon",139,12100,1,0,32,72,"GC04"
2025-02-18,"Tue",189,11000,9,1,16,94,"GC04"
2025-02-19,"Wed",137,12100,1,0,33,67,"GC04"
2025-02-20,"Thu",154,12100,0,1,24,76,"GC04"
2025-02-21,"Fri",150,10700,9,0,72,72,"GC04"
2025-02-22,"Sat",224,12950,14,1,38,163,"GC04"
2025-02-23,"Sun",190,14900,1,0,24,136,"GC04"
2025-02-24,"Mon",174,11900,1,1,5,87,"GC04"
2025-02-25,"Tue",197,10700,11,1,20,87,"GC04"
2025-02-26,"Wed",135,12200,1,1,46,64,"GC04"
2025-02-27,"Thu",153,12200,0,0,36,66,"GC04"
2025-02-28,"Fri",188,11600,4,0,0,98,"GC04"
2025-03-01,"Sat",216,14800,0,0,23,144,"GC04"
2025-03-02,"Sun",233,13700,9,1,20,178,"GC04"
2025-03-03,"Mon",123,12200,0,0,55,65,"GC04"
2025-03-04,"Tue",164,11800,1,0,16,82,"GC04"
2025-03-05,"Wed",215,10300,16,1,16,106,"GC04"
2025-03-06,"Thu",192,10000,14,1,23,89,"GC04"
2025-03-07,"Fri",221,10600,11,1,27,114,"GC04"
2025-03-08,"Sat",175,14900,0,0,45,121,"GC04"
2025-03-09,"Sun",188,14350,4,0,49,129,"GC04"
2025-03-10,"Mon",206,10100,14,1,24,98,"GC04"
2025-03-11,"Tue",167,11300,4,0,40,80,"GC04"
2025-03-12,"Wed",156,12200,0,0,27,77,"GC04"
2025-03-13,"Thu",183,11500,4,1,22,86,"GC04"
2025-03-14,"Fri",199,11800,0,1,21,93,"GC04"
2025-03-15,"Sat",210,13300,11,1,40,149,"GC04"
2025-03-16,"Sun",222,15200,1,0,17,152,"GC04"
2025-03-17,"Mon",161,11500,6,0,31,81,"GC04"
2025-03-18,"Tue",179,12100,1,1,5,87,"GC04"
2025-03-19,"Wed",169,10600,9,1,36,91,"GC04"
2025-03-20,"Thu",183,11500,4,0,0,96,"GC04"
2025-03-21,"Fri",174,11500,4,0,36,90,"GC04"
2025-03-22,"Sat",225,14150,6,0,1,160,"GC04"
2025-03-23,"Sun",247,12100,20,1,23,179,"GC04"
2025-03-24,"Mon",215,10300,14,1,8,118,"GC04"
2025-03-25,"Tue",161,12100,1,0,31,72,"GC04"
2025-03-26,"Wed",200,10400,16,1,22,103,"GC04"
2025-03-27,"Thu",176,11500,4,0,23,81,"GC04"
2025-03-28,"Fri",167,12100,0,0,25,87,"GC04"
2025-03-29,"Sat",224,12550,16,1,55,156,"GC04"
2025-03-30,"Sun",207,14800,1,1,29,149,"GC04"
2025-03-31,"Mon",169,11900,0,0,24,87,"GC04"
2025-04-01,"Tue",208,11000,11,1,10,94,"GC04"
2025-04-02,"Wed",167,11800,1,0,29,91,"GC04"
2025-04-03,"Thu",176,12100,1,0,30,91,"GC04"
2025-04-04,"Fri",243,9700,20,0,22,132,"GC04"
2025-04-05,"Sat",239,14350,4,0,14,164,"GC04"
2025-04-06,"Sun",211,14800,1,0,35,142,"GC04"
2025-04-07,"Mon",194,10600,11,0,37,101,"GC04"
2025-04-08,"Tue",180,11600,6,0,25,90,"GC04"
2025-04-09,"Wed",146,11900,0,0,37,65,"GC04"
2025-04-10,"Thu",177,12100,1,1,22,88,"GC04"
2025-04-11,"Fri",210,10600,9,1,23,103,"GC04"
2025-04-12,"Sat",230,14350,6,0,21,154,"GC04"
2025-04-13,"Sun",247,11900,20,1,20,180,"GC04"
2025-04-14,"Mon",175,11800,0,0,25,89,"GC04"
2025-04-15,"Tue",166,12200,1,0,38,67,"GC04"
2025-04-16,"Wed",154,11600,6,0,43,77,"GC04"
2025-04-17,"Thu",182,11000,11,1,40,95,"GC04"
2025-04-18,"Fri",232,11000,11,1,7,117,"GC04"
2025-04-19,"Sat",226,13400,11,1,43,138,"GC04"
2025-04-20,"Sun",230,14800,1,1,11,163,"GC04"
2025-04-21,"Mon",145,11900,0,0,68,66,"GC04"
2025-04-22,"Tue",208,9400,19,1,35,107,"GC04"
2025-04-23,"Wed",133,12200,0,0,40,62,"GC04"
2025-04-24,"Thu",152,11900,1,0,40,71,"GC04"
2025-04-25,"Fri",208,11000,9,1,20,107,"GC04"
2025-04-26,"Sat",254,11900,19,1,24,195,"GC04"
2025-04-27,"Sun",220,13400,9,1,49,152,"GC04"
2025-04-28,"Mon",183,10700,9,1,24,97,"GC04"
2025-04-29,"Tue",213,10600,9,1,12,103,"GC04"
2025-04-30,"Wed",183,12100,1,0,8,84,"GC04"
2025-05-01,"Thu",222,10600,11,1,31,107,"GC04"
2025-05-02,"Fri",205,11500,4,1,27,106,"GC04"
2025-05-03,"Sat",235,14350,4,0,7,175,"GC04"
2025-05-04,"Sun",228,13600,9,1,42,150,"GC04"
2025-05-05,"Mon",191,11300,4,0,27,93,"GC04"
2025-05-06,"Tue",158,12100,0,0,41,77,"GC04"
2025-05-07,"Wed",183,11200,6,0,10,99,"GC04"
2025-05-08,"Thu",201,11200,4,0,9,92,"GC04"
2025-05-09,"Fri",192,11500,6,0,18,92,"GC04"
2025-05-10,"Sat",217,14350,4,0,30,163,"GC04"
2025-05-11,"Sun",244,13400,11,1,22,176,"GC04"
2025-05-12,"Mon",172,11800,0,0,29,85,"GC04"
2025-05-13,"Tue",171,11600,6,0,27,86,"GC04"
2025-05-14,"Wed",157,12200,0,0,25,84,"GC04"
2025-05-15,"Thu",214,10900,11,1,23,116,"GC04"
2025-05-16,"Fri",211,10900,11,1,42,90,"GC04"
2025-05-17,"Sat",224,14800,0,0,13,155,"GC04"
2025-05-18,"Sun",236,13300,11,1,49,162,"GC04"
2025-05-19,"Mon",160,12100,1,0,49,79,"GC04"
2025-05-20,"Tue",142,11900,0,0,59,59,"GC04"
2025-05-21,"Wed",176,11500,6,0,32,97,"GC04"
2025-05-22,"Thu",196,11600,6,0,1,85,"GC04"
2025-05-23,"Fri",188,12200,1,0,22,97,"GC04"
2025-05-24,"Sat",212,14900,0,1,38,147,"GC04"
2025-05-25,"Sun",226,13300,11,1,58,160,"GC04"
2025-05-26,"Mon",173,10900,11,1,47,86,"GC04"
2025-05-27,"Tue",218,10100,14,1,28,98,"GC04"
2025-05-28,"Wed",161,12200,0,0,22,85,"GC04"
2025-05-29,"Thu",180,11800,0,1,32,84,"GC04"
2025-05-30,"Fri",239,10300,16,1,16,122,"GC04"
2025-05-31,"Sat",242,13400,9,0,14,179,"GC04"
2025-06-01,"Sun",209,14900,0,0,4,143,"GC04"
2025-06-02,"Mon",150,11900,0,1,18,82,"GC04"
2025-06-03,"Tue",157,10700,11,1,37,92,"GC04"
2025-06-04,"Wed",150,10400,14,1,54,79,"GC04"
2025-06-05,"Thu",154,10600,11,1,32,85,"GC04"
2025-06-06,"Fri",204,10300,14,1,26,110,"GC04"
2025-06-07,"Sat",204,15100,0,0,26,130,"GC04"
2025-06-08,"Sun",235,14050,6,1,4,157,"GC04"
2025-06-09,"Mon",162,11800,1,0,25,78,"GC04"
2025-06-10,"Tue",204,10100,16,1,5,113,"GC04"
2025-06-11,"Wed",141,11800,0,0,45,73,"GC04"
2025-06-12,"Thu",211,9500,20,1,12,105,"GC04"
2025-06-13,"Fri",185,12100,1,0,14,80,"GC04"
2025-06-14,"Sat",215,12650,14,1,54,144,"GC04"
2025-06-15,"Sun",196,14800,0,0,19,137,"GC04"
2025-06-16,"Mon",160,11600,4,0,5,75,"GC04"
2025-06-17,"Tue",126,12200,0,1,50,69,"GC04"
2025-06-18,"Wed",148,11800,1,0,21,72,"GC04"
2025-06-19,"Thu",160,12200,0,0,1,87,"GC04"
2025-06-20,"Fri",163,12200,0,0,31,87,"GC04"
2025-06-21,"Sat",187,14900,1,0,32,133,"GC04"
2025-06-22,"Sun",186,13300,9,1,60,125,"GC04"
2025-06-23,"Mon",147,11300,4,0,28,81,"GC04"
2025-06-24,"Tue",145,11800,1,0,35,74,"GC04"
2025-06-25,"Wed",155,12200,0,0,35,80,"GC04"
2025-06-26,"Thu",176,10100,16,1,22,89,"GC04"
2025-06-27,"Fri",170,11600,4,0,26,93,"GC04"
2025-06-28,"Sat",220,14350,6,1,13,159,"GC04"
2025-06-29,"Sun",185,14450,4,0,57,134,"GC04"
2025-06-30,"Mon",181,10600,11,0,24,101,"GC04"
2025-07-01,"Tue",157,11500,6,0,47,77,"GC04"
2025-07-02,"Wed",145,11900,0,0,34,65,"GC04"
2025-07-03,"Thu",118,11900,1,0,49,46,"GC04"
2025-07-04,"Fri",164,10700,11,0,47,74,"GC04"
2025-07-05,"Sat",200,13700,11,1,43,135,"GC04"
2025-07-06,"Sun",255,12550,16,1,8,167,"GC04"
2025-07-07,"Mon",142,11600,4,0,34,72,"GC04"
2025-07-08,"Tue",162,12100,0,0,16,91,"GC04"
2025-07-09,"Wed",160,11500,4,0,33,74,"GC04"
2025-07-10,"Thu",146,11900,1,0,24,71,"GC04"
2025-07-11,"Fri",160,11600,4,0,39,87,"GC04"
2025-07-12,"Sat",207,14900,0,1,5,129,"GC04"
2025-07-13,"Sun",234,13400,11,1,10,158,"GC04"
2025-07-14,"Mon",157,11300,4,0,20,77,"GC04"
2025-07-15,"Tue",164,10700,9,1,20,86,"GC04"
2025-07-16,"Wed",128,12100,1,1,50,67,"GC04"
2025-07-17,"Thu",190,10100,14,1,12,92,"GC04"
2025-07-18,"Fri",187,11900,0,0,9,89,"GC04"
2025-07-19,"Sat",234,13600,9,1,6,164,"GC04"
2025-07-20,"Sun",212,14350,4,0,16,149,"GC04"
2025-07-21,"Mon",203,10400,14,1,4,109,"GC04"
2025-07-22,"Tue",115,11800,0,0,57,56,"GC04"
2025-07-23,"Wed",160,11500,6,0,12,81,"GC04"
2025-07-24,"Thu",182,11900,0,1,10,93,"GC04"
2025-07-25,"Fri",135,12100,1,0,67,71,"GC04"
2025-07-26,"Sat",174,15100,1,0,52,129,"GC04"
2025-07-27,"Sun",191,15100,1,0,22,117,"GC04"
2025-07-28,"Mon",142,10100,14,1,60,71,"GC04"
2025-07-29,"Tue",150,9400,20,1,59,73,"GC04"
2025-07-30,"Wed",156,10000,14,1,68,72,"GC04"
2025-07-31,"Thu",149,12100,1,0,31,75,"GC04"
2025-08-01,"Fri",187,11300,6,1,13,93,"GC04"
2025-08-02,"Sat",216,15100,0,0,14,143,"GC04"
2025-08-03,"Sun",238,13700,11,1,7,166,"GC04"
2025-08-04,"Mon",145,12100,1,1,26,66,"GC04"
2025-08-05,"Tue",156,10300,14,1,51,74,"GC04"
2025-08-06,"Wed",149,10700,9,1,52,75,"GC04"
2025-08-07,"Thu",139,12200,1,0,34,75,"GC04"
2025-08-08,"Fri",190,12100,1,1,16,100,"GC04"
2025-08-09,"Sat",211,15200,0,0,22,151,"GC04"
2025-08-10,"Sun",176,13600,11,1,61,130,"GC04"
2025-08-11,"Mon",187,10600,11,1,14,96,"GC04"
2025-08-12,"Tue",163,11900,1,0,8,76,"GC04"
2025-08-13,"Wed",150,11900,0,0,30,83,"GC04"
2025-08-14,"Thu",147,12200,1,0,32,75,"GC04"
2025-08-15,"Fri",186,10600,11,1,25,82,"GC04"
2025-08-16,"Sat",234,13600,11,1,0,162,"GC04"
2025-08-17,"Sun",163,15200,1,0,49,115,"GC04"
2025-08-18,"Mon",152,11300,6,0,43,87,"GC04"
2025-08-19,"Tue",150,12100,0,1,13,72,"GC04"
2025-08-20,"Wed",179,11500,4,1,21,79,"GC04"
2025-08-21,"Thu",152,11200,6,0,32,75,"GC04"
2025-08-22,"Fri",172,11300,4,1,38,76,"GC04"
2025-08-23,"Sat",255,11900,19,1,18,172,"GC04"
2025-08-24,"Sun",159,14800,0,0,57,122,"GC04"
2025-08-25,"Mon",153,12200,0,0,20,68,"GC04"
2025-08-26,"Tue",186,10300,14,1,27,91,"GC04"
2025-08-27,"Wed",156,12100,0,1,10,72,"GC04"
2025-08-28,"Thu",139,12200,0,0,32,62,"GC04"
2025-08-29,"Fri",229,10000,16,1,10,112,"GC04"
2025-08-30,"Sat",252,11900,19,1,3,190,"GC04"
2025-08-31,"Sun",181,14800,0,0,22,126,"GC04"
2025-09-01,"Mon",150,11000,9,1,42,69,"GC04"
2025-09-02,"Tue",182,11000,9,1,29,87,"GC04"
2025-09-03,"Wed",147,11600,4,0,34,77,"GC04"
2025-09-04,"Thu",206,10300,14,1,9,108,"GC04"
2025-09-05,"Fri",223,10300,14,1,17,109,"GC04"
2025-09-06,"Sat",189,14800,1,0,26,132,"GC04"
2025-09-07,"Sun",205,15100,1,0,12,137,"GC04"
2025-09-08,"Mon",188,10900,11,1,15,88,"GC04"
2025-09-09,"Tue",194,10900,11,1,8,108,"GC04"
2025-09-10,"Wed",155,12200,1,1,21,73,"GC04"
2025-09-11,"Thu",196,9800,20,1,23,103,"GC04"
2025-09-12,"Fri",143,12200,1,0,69,62,"GC04"
2025-09-13,"Sat",192,14800,0,0,27,134,"GC04"
2025-09-14,"Sun",202,14800,1,0,14,142,"GC04"
2025-09-15,"Mon",158,12100,1,0,20,76,"GC04"
2025-09-16,"Tue",172,11800,0,0,13,88,"GC04"
2025-09-17,"Wed",167,12200,0,1,15,86,"GC04"
2025-09-18,"Thu",111,12200,0,0,68,55,"GC04"
2025-09-19,"Fri",157,11200,4,0,35,81,"GC04"
2025-09-20,"Sat",205,14050,6,0,32,148,"GC04"
2025-09-21,"Sun",244,13400,11,1,4,189,"GC04"
2025-09-22,"Mon",160,11600,6,0,26,79,"GC04"
2025-09-23,"Tue",150,11800,0,0,22,76,"GC04"
2025-09-24,"Wed",185,10600,11,0,22,85,"GC04"
2025-09-25,"Thu",116,11600,4,0,59,61,"GC04"
2025-09-26,"Fri",183,11900,1,0,12,93,"GC04"
2025-09-27,"Sat",196,14800,1,0,23,136,"GC04"
2025-09-28,"Sun",215,12200,20,1,50,154,"GC04"
2025-09-29,"Mon",141,11600,4,0,29,71,"GC04"
2025-09-30,"Tue",133,12200,1,0,26,74,"GC04"
2025-10-01,"Wed",230,9700,20,1,6,115,"GC04"
2025-10-02,"Thu",174,11900,1,0,13,90,"GC04"
2025-10-03,"Fri",191,11500,6,0,35,91,"GC04"
2025-10-04,"Sat",193,14050,6,0,60,135,"GC04"
2025-10-05,"Sun",233,15100,1,0,8,155,"GC04"
2025-10-06,"Mon",189,10700,11,1,17,100,"GC04"
2025-10-07,"Tue",204,10000,14,1,31,103,"GC04"
2025-10-08,"Wed",191,12200,0,0,4,88,"GC04"
2025-10-09,"Thu",195,10600,9,1,20,100,"GC04"
2025-10-10,"Fri",226,10900,9,1,16,114,"GC04"
2025-10-11,"Sat",174,14900,1,0,78,128,"GC04"
2025-10-12,"Sun",241,13300,9,1,26,166,"GC04"
2025-10-13,"Mon",155,11500,6,0,37,73,"GC04"
2025-10-14,"Tue",187,10600,9,1,38,95,"GC04"
2025-10-15,"Wed",176,11200,4,0,31,86,"GC04"
2025-10-16,"Thu",177,10600,9,1,48,88,"GC04"
2025-10-17,"Fri",210,10700,9,1,23,106,"GC04"
2025-10-18,"Sat",212,15200,1,0,20,147,"GC04"
2025-10-19,"Sun",220,15100,1,1,18,144,"GC04"
2025-10-20,"Mon",174,11000,11,1,47,85,"GC04"
2025-10-21,"Tue",185,11300,4,1,25,101,"GC04"
2025-10-22,"Wed",172,11900,1,0,10,85,"GC04"
2025-10-23,"Thu",205,10400,16,1,39,93,"GC04"
2025-10-24,"Fri",176,11900,0,0,18,86,"GC04"
2025-10-25,"Sat",237,13600,11,0,16,171,"GC04"
2025-10-26,"Sun",228,13600,9,1,25,146,"GC04"
2025-10-27,"Mon",195,10600,9,1,18,102,"GC04"
2025-10-28,"Tue",182,10900,11,1,20,86,"GC04"
2025-10-29,"Wed",196,9800,19,1,37,96,"GC04"
2025-10-30,"Thu",212,10100,16,1,25,109,"GC04"
2025-10-31,"Fri",205,10600,9,1,31,110,"GC04"
2025-11-01,"Sat",212,13700,11,1,49,129,"GC04"
2025-11-02,"Sun",206,14800,0,0,30,154,"GC04"
2025-11-03,"Mon",147,11200,4,0,29,75,"GC04"
2025-11-04,"Tue",102,11800,1,0,89,41,"GC04"
2025-11-05,"Wed",187,10700,11,0,19,93,"GC04"
2025-11-06,"Thu",205,10700,11,1,31,101,"GC04"
2025-11-07,"Fri",202,10100,14,1,36,99,"GC04"
2025-11-08,"Sat",202,12950,14,1,77,134,"GC04"
2025-11-09,"Sun",204,15100,0,0,30,134,"GC04"
2025-11-10,"Mon",161,11900,1,0,40,73,"GC04"
2025-11-11,"Tue",215,11000,9,1,8,109,"GC04"
2025-11-12,"Wed",175,11300,6,0,18,92,"GC04"
2025-11-13,"Thu",159,12200,0,0,22,83,"GC04"
2025-11-14,"Fri",189,10700,9,1,62,99,"GC04"
2025-11-15,"Sat",247,12850,16,1,12,177,"GC04"
2025-11-16,"Sun",206,14050,6,0,37,141,"GC04"
2025-11-17,"Mon",175,11600,6,0,19,87,"GC04"
2025-11-18,"Tue",150,11800,1,0,29,82,"GC04"
2025-11-19,"Wed",191,11000,9,1,23,93,"GC04"
2025-11-20,"Thu",175,11200,4,0,32,91,"GC04"
2025-11-21,"Fri",159,12100,0,0,48,70,"GC04"
2025-11-22,"Sat",224,13300,11,0,15,161,"GC04"
2025-11-23,"Sun",237,14450,6,0,10,161,"GC04"
2025-11-24,"Mon",214,9500,19,1,19,96,"GC04"
2025-11-25,"Tue",220,9800,19,1,9,113,"GC04"
2025-11-26,"Wed",185,11500,4,0,8,89,"GC04"
2025-11-27,"Thu",145,11600,6,0,42,65,"GC04"
2025-11-28,"Fri",186,12100,1,0,7,96,"GC04"
2025-11-29,"Sat",251,12950,16,1,9,176,"GC04"
2025-11-30,"Sun",147,14800,0,0,73,105,"GC04"
2025-12-01,"Mon",146,12200,0,0,17,75,"GC04"
2025-12-02,"Tue",212,9500,20,1,17,95,"GC04"
2025-12-03,"Wed",161,11800,1,0,13,89,"GC04"
2025-12-04,"Thu",165,11900,0,0,9,81,"GC04"
2025-12-05,"Fri",170,11000,9,1,42,88,"GC04"
2025-12-06,"Sat",239,12850,14,1,35,158,"GC04"
2025-12-07,"Sun",251,13300,11,1,9,166,"GC04"
2025-12-08,"Mon",160,11500,4,0,23,71,"GC04"
2025-12-09,"Tue",143,12200,0,0,53,67,"GC04"
2025-12-10,"Wed",150,11900,1,0,13,84,"GC04"
2025-12-11,"Thu",150,11900,1,0,31,68,"GC04"
2025-12-12,"Fri",214,9500,20,1,31,101,"GC04"
2025-12-13,"Sat",211,14450,4,1,20,146,"GC04"
2025-12-14,"Sun",217,14050,4,0,10,157,"GC04"
2025-12-15,"Mon",150,11300,6,0,16,76,"GC04"
2025-12-16,"Tue",175,11000,11,1,16,88,"GC04"
2025-12-17,"Wed",150,10300,14,1,45,78,"GC04"
2025-12-18,"Thu",147,12200,0,0,21,74,"GC04"
2025-12-19,"Fri",204,10600,9,1,21,96,"GC04"
2025-12-20,"Sat",213,14800,0,0,9,137,"GC04"
2025-12-21,"Sun",239,12950,14,1,22,177,"GC04"
2025-12-22,"Mon",112,11600,6,1,65,64,"GC04"
2025-12-23,"Tue",200,10000,14,1,18,93,"GC04"
2025-12-24,"Wed",198,10600,11,1,2,96,"GC04"
2025-12-25,"Thu",148,12200,1,0,18,71,"GC04"
2025-12-26,"Fri",167,12200,1,0,19,83,"GC04"
2025-12-27,"Sat",220,13600,9,1,25,169,"GC04"
2025-12-28,"Sun",200,14900,1,1,17,139,"GC04"
2025-12-29,"Mon",147,11200,6,0,32,73,"GC04"
2025-12-30,"Tue",138,11800,1,0,20,78,"GC04"
2025-12-31,"Wed",136,11900,1,0,35,62,"GC04"
2026-01-01,"Thu",154,11800,1,1,25,81,"GC04"
2026-01-02,"Fri",166,11500,4,0,31,88,"GC04"
2026-01-03,"Sat",208,14900,1,0,15,151,"GC04"
2026-01-04,"Sun",223,13600,9,1,22,157,"GC04"
2026-01-05,"Mon",146,10400,16,1,58,71,"GC04"
2026-01-06,"Tue",170,10000,16,1,19,94,"GC04"
2026-01-07,"Wed",172,10300,16,1,50,89,"GC04"
2026-01-08,"Thu",202,10100,16,1,9,109,"GC04"
2026-01-09,"Fri",193,11600,4,1,12,94,"GC04"
2026-01-10,"Sat",203,14350,4,0,27,137,"GC04"
2026-01-11,"Sun",189,14350,4,0,25,144,"GC04"
2026-01-12,"Mon",128,12100,1,0,49,62,"GC04"
2026-01-13,"Tue",166,12100,1,0,3,87,"GC04"
2026-01-14,"Wed",156,11800,1,0,6,75,"GC04"
2026-01-15,"Thu",149,12200,0,0,19,69,"GC04"
2026-01-16,"Fri",180,10600,9,1,36,89,"GC04"
2026-01-17,"Sat",237,13300,9,0,16,164,"GC04"
2026-01-18,"Sun",167,15200,0,0,50,124,"GC04"
2026-01-19,"Mon",182,10700,11,1,15,94,"GC04"
2026-01-20,"Tue",158,11900,1,0,28,74,"GC04"
2026-01-21,"Wed",213,10300,14,1,15,105,"GC04"
2026-01-22,"Thu",169,11500,6,0,25,92,"GC04"
2026-01-23,"Fri",185,11300,4,0,7,99,"GC04"
2026-01-24,"Sat",177,15100,1,0,40,134,"GC04"
2026-01-25,"Sun",207,14900,1,0,27,137,"GC04"
2026-01-26,"Mon",168,10700,9,1,20,93,"GC04"
2026-01-27,"Tue",197,10600,11,1,18,93,"GC04"
2026-01-28,"Wed",154,11900,1,0,20,89,"GC04"
2026-01-29,"Thu",136,12200,1,0,41,65,"GC04"
2026-01-30,"Fri",193,10100,16,1,45,96,"GC04"
2026-01-31,"Sat",216,13700,11,1,41,149,"GC04"
2026-02-01,"Sun",206,15100,1,0,14,137,"GC04"
2026-02-02,"Mon",165,11800,0,0,4,74,"GC04"
2026-02-03,"Tue",151,12100,0,1,30,72,"GC04"
2026-02-04,"Wed",200,10100,16,1,26,90,"GC04"
2026-02-05,"Thu",175,10600,9,1,25,91,"GC04"
2026-02-06,"Fri",176,11000,9,0,36,77,"GC04"
2026-02-07,"Sat",227,14050,4,0,7,154,"GC04"
2026-02-08,"Sun",210,14050,6,1,24,156,"GC04"
2026-02-09,"Mon",203,10900,11,1,10,108,"GC04"
2026-02-10,"Tue",194,10700,9,1,10,92,"GC04"
2026-02-11,"Wed",145,11900,0,0,15,66,"GC04"
2026-02-12,"Thu",157,11600,4,1,28,85,"GC04"
2026-02-13,"Fri",175,12100,0,0,14,91,"GC04"
2026-02-14,"Sat",191,14900,0,0,23,130,"GC04"
2026-02-15,"Sun",166,14900,1,0,50,110,"GC04"
2026-02-16,"Mon",140,11800,1,0,36,64,"GC04"
2026-02-17,"Tue",146,11900,0,0,20,65,"GC04"
2026-02-18,"Wed",158,12200,0,0,7,81,"GC04"
2026-02-19,"Thu",160,11500,6,0,20,68,"GC04"
2026-02-20,"Fri",133,12200,1,0,67,69,"GC04"
2026-02-21,"Sat",228,12950,16,1,31,157,"GC04"
2026-02-22,"Sun",201,15200,0,1,10,155,"GC04"
2026-02-23,"Mon",148,11900,1,0,12,75,"GC04"
2026-02-24,"Tue",168,11800,1,0,18,78,"GC04"
2026-02-25,"Wed",168,11600,4,0,18,81,"GC04"
2026-02-26,"Thu",131,11200,4,0,54,70,"GC04"
2026-02-27,"Fri",163,11800,0,0,13,81,"GC04"
2026-02-28,"Sat",188,15200,0,0,29,134,"GC04"
2026-03-01,"Sun",202,14900,0,0,33,141,"GC04"
2026-03-02,"Mon",150,11500,6,0,45,67,"GC04"
2026-03-03,"Tue",152,12100,1,0,20,76,"GC04"
2026-03-04,"Wed",178,10600,9,1,21,75,"GC04"
2026-03-05,"Thu",183,11600,6,0,17,88,"GC04"
2026-03-06,"Fri",155,11200,4,0,45,77,"GC04"
2026-03-07,"Sat",187,15100,1,0,65,133,"GC04"
2026-03-08,"Sun",250,13600,9,1,5,177,"GC04"
2026-03-09,"Mon",169,10600,9,1,41,76,"GC04"
2026-03-10,"Tue",134,12100,0,0,50,65,"GC04"
2026-03-11,"Wed",166,11800,1,0,20,91,"GC04"
2026-03-12,"Thu",171,11600,4,0,21,90,"GC04"
2026-03-13,"Fri",190,12200,1,0,31,95,"GC04"
2026-03-14,"Sat",234,12850,16,1,31,174,"GC04"
2026-03-15,"Sun",219,15200,0,0,20,146,"GC04"
2026-03-16,"Mon",181,11300,4,1,48,103,"GC04"
2026-03-17,"Tue",196,10400,16,1,32,90,"GC04"
2026-03-18,"Wed",161,12200,1,0,13,83,"GC04"
2026-03-19,"Thu",180,11600,4,0,22,90,"GC04"
2026-03-20,"Fri",208,10700,9,1,18,111,"GC04"
2026-03-21,"Sat",201,14150,4,0,38,130,"GC04"
2026-03-22,"Sun",226,15200,1,1,16,155,"GC04"
2026-03-23,"Mon",177,12200,1,0,15,96,"GC04"
2026-03-24,"Tue",156,11800,1,0,23,81,"GC04"
2026-03-25,"Wed",151,11900,0,0,23,80,"GC04"
2026-03-26,"Thu",181,10700,11,1,33,100,"GC04"
2026-03-27,"Fri",187,12200,0,0,19,89,"GC04"
2026-03-28,"Sat",215,15200,1,0,7,154,"GC04"
2026-03-29,"Sun",186,14800,0,0,37,128,"GC04"
2026-03-30,"Mon",154,11800,0,1,36,75,"GC04"
2026-03-31,"Tue",187,10600,11,1,33,96,"GC04"
2026-04-01,"Wed",182,10300,16,1,55,97,"GC04"
2026-04-02,"Thu",196,11000,11,1,18,89,"GC04"
2026-04-03,"Fri",164,12100,1,1,57,93,"GC04"
2026-04-04,"Sat",223,14900,0,1,5,157,"GC04"
2026-04-05,"Sun",231,14150,6,0,12,165,"GC04"
2026-04-06,"Mon",163,12200,1,0,14,77,"GC04"
2026-04-07,"Tue",148,11800,0,0,58,71,"GC04"
2026-04-08,"Wed",174,12100,1,1,20,82,"GC04"
2026-04-09,"Thu",173,12200,1,0,0,92,"GC04"
2026-04-10,"Fri",199,10600,11,1,31,95,"GC04"
2026-04-11,"Sat",227,15100,1,0,13,152,"GC04"
2026-04-12,"Sun",179,15100,0,0,48,120,"GC04"
2026-04-13,"Mon",209,10400,16,1,16,111,"GC04"
2026-04-14,"Tue",178,11900,0,1,15,92,"GC04"
2026-04-15,"Wed",167,11600,6,0,57,91,"GC04"
2026-04-16,"Thu",220,10700,11,1,0,117,"GC04"
2026-04-17,"Fri",206,12100,1,0,17,100,"GC04"
2026-04-18,"Sat",254,12550,16,1,8,179,"GC04"
2026-04-19,"Sun",253,12950,14,1,16,173,"GC04"
2026-04-20,"Mon",177,11200,6,1,34,87,"GC04"
2026-04-21,"Tue",193,10000,14,1,31,90,"GC04"
2026-04-22,"Wed",166,11200,4,0,37,94,"GC04"
2026-04-23,"Thu",152,11500,6,0,42,68,"GC04"
2026-04-24,"Fri",218,10400,16,1,40,112,"GC04"
2026-04-25,"Sat",238,15100,1,1,5,166,"GC04"
2026-04-26,"Sun",209,14800,0,0,20,147,"GC04"
2026-04-27,"Mon",180,12100,0,0,20,92,"GC04"
2026-04-28,"Tue",199,10700,11,1,10,101,"GC04"
2026-04-29,"Wed",164,11900,0,0,33,90,"GC04"
2026-04-30,"Thu",173,11900,0,0,15,80,"GC04"
2026-05-01,"Fri",197,11300,4,0,27,98,"GC04"
2026-05-02,"Sat",229,15200,0,1,3,158,"GC04"
2026-05-03,"Sun",199,14800,1,0,47,138,"GC04"
2026-05-04,"Mon",169,11900,0,0,25,85,"GC04"
2026-05-05,"Tue",176,11900,1,0,23,94,"GC04"
2026-05-06,"Wed",137,12200,0,0,40,63,"GC04"
2026-05-07,"Thu",184,11800,0,0,11,88,"GC04"
2026-05-08,"Fri",203,10000,14,1,51,97,"GC04"
2026-05-09,"Sat",227,14900,1,0,10,165,"GC04"
2026-05-10,"Sun",234,14050,4,0,14,175,"GC04"
2026-05-11,"Mon",203,10600,9,1,20,96,"GC04"
2026-05-12,"Tue",196,10900,11,1,18,108,"GC04"
2026-05-13,"Wed",230,10100,14,1,12,107,"GC04"
2026-05-14,"Thu",175,11900,0,1,24,87,"GC04"
2026-05-15,"Fri",207,11300,4,1,22,112,"GC04"
2026-05-16,"Sat",249,13400,9,1,10,174,"GC04"
2026-05-17,"Sun",218,13700,9,1,40,151,"GC04"
2026-05-18,"Mon",159,11200,6,0,44,90,"GC04"
2026-05-19,"Tue",185,11300,4,0,22,83,"GC04"
2026-05-20,"Wed",205,10100,14,1,22,91,"GC04"
2026-05-21,"Thu",223,9800,20,1,8,95,"GC04"
2026-05-22,"Fri",198,12200,1,0,31,103,"GC04"
2026-05-23,"Sat",185,14800,1,0,47,118,"GC04"
2026-05-24,"Sun",254,12950,16,1,29,166,"GC04"
2026-05-25,"Mon",206,9500,20,0,30,91,"GC04"
2026-05-26,"Tue",160,11900,1,0,38,81,"GC04"
2026-05-27,"Wed",156,11500,6,0,53,84,"GC04"
2026-05-28,"Thu",222,10900,9,1,9,95,"GC04"
2026-05-29,"Fri",168,12100,0,0,57,79,"GC04"
2026-05-30,"Sat",230,14900,1,0,21,169,"GC04"
2026-05-31,"Sun",202,15200,0,0,39,135,"GC04"
2026-06-01,"Mon",154,11800,0,0,11,80,"GC04"
2026-06-02,"Tue",165,10700,9,1,37,81,"GC04"
2026-06-03,"Wed",142,11900,0,0,33,79,"GC04"
2026-06-04,"Thu",170,10700,9,1,31,82,"GC04"
2026-06-05,"Fri",182,10400,14,1,40,97,"GC04"
2026-06-06,"Sat",170,14450,4,1,41,113,"GC04"
2026-06-07,"Sun",211,14800,0,0,16,139,"GC04"
2026-06-08,"Mon",186,10400,16,1,17,108,"GC04"
2026-06-09,"Tue",148,12200,1,1,25,78,"GC04"
2026-06-10,"Wed",162,11000,11,1,38,91,"GC04"
2026-06-11,"Thu",148,11200,4,0,26,74,"GC04"
2026-06-12,"Fri",168,11900,0,0,22,73,"GC04"
2026-06-13,"Sat",192,14350,6,0,41,139,"GC04"
2026-06-14,"Sun",247,12850,16,1,20,177,"GC04"
2026-06-15,"Mon",164,12200,0,0,23,75,"GC04"
2026-06-16,"Tue",179,10700,11,1,2,89,"GC04"
2026-06-17,"Wed",164,11300,4,0,25,79,"GC04"
2026-06-18,"Thu",179,12200,1,0,7,90,"GC04"
2026-06-19,"Fri",170,11800,0,0,6,71,"GC04"
2026-06-20,"Sat",222,12850,16,1,41,154,"GC04"
2026-06-21,"Sun",210,14350,4,0,24,144,"GC04"
2026-06-22,"Mon",170,12100,1,0,4,84,"GC04"
2026-06-23,"Tue",181,11500,4,0,0,92,"GC04"
2026-06-24,"Wed",128,11800,0,0,46,67,"GC04"
2026-06-25,"Thu",174,10300,16,1,28,94,"GC04"
2026-06-26,"Fri",198,10700,11,1,16,96,"GC04"
2026-06-27,"Sat",180,15100,0,0,26,136,"GC04"
2026-06-28,"Sun",236,12550,16,1,0,177,"GC04"
2026-06-29,"Mon",157,11900,1,1,30,81,"GC04"
2026-06-30,"Tue",169,10300,14,1,46,88,"GC04"
2026-07-01,"Wed",154,12100,1,1,26,76,"GC04"
2026-07-02,"Thu",125,12200,0,0,48,61,"GC04"
2026-07-03,"Fri",177,12100,1,0,17,85,"GC04"
2026-07-04,"Sat",251,12100,20,1,5,171,"GC04"
2026-07-05,"Sun",234,13300,9,1,21,162,"GC04"
2026-07-06,"Mon",138,11600,4,1,33,67,"GC04"
2026-07-07,"Tue",165,10700,9,1,30,78,"GC04"
2026-07-08,"Wed",123,11800,0,0,64,56,"GC04"
2026-07-09,"Thu",156,12100,1,0,24,83,"GC04"
2026-07-10,"Fri",204,11300,6,1,10,108,"GC04"
2026-07-11,"Sat",206,14800,1,0,22,141,"GC04"
2026-07-12,"Sun",189,14900,1,0,26,144,"GC04"
2026-07-13,"Mon",160,12100,1,0,1,86,"GC04"
2026-07-14,"Tue",121,12100,0,0,34,63,"GC04"
2026-07-15,"Wed",174,12100,0,0,8,85,"GC04"
2026-07-16,"Thu",170,12200,0,0,9,85,"GC04"
2026-07-17,"Fri",191,11900,0,0,1,97,"GC04"
2026-07-18,"Sat",191,15200,0,1,34,142,"GC04"
2026-07-19,"Sun",196,12550,16,1,68,132,"GC04"
2026-07-20,"Mon",171,10900,11,1,30,79,"GC04"
2026-07-21,"Tue",116,11900,0,1,51,58,"GC04"
2026-07-22,"Wed",167,9700,20,1,47,82,"GC04"
2026-07-23,"Thu",177,10000,14,1,18,91,"GC04"
2026-07-24,"Fri",193,11200,4,0,0,88,"GC04"
2026-07-25,"Sat",248,13400,11,1,9,179,"GC04"
2026-07-26,"Sun",207,13400,11,1,38,147,"GC04"
2026-07-27,"Mon",137,11800,1,1,50,75,"GC04"
2026-07-28,"Tue",130,11900,1,0,17,61,"GC04"
2026-07-29,"Wed",165,10100,16,1,45,91,"GC04"
2026-07-30,"Thu",179,9400,20,1,37,92,"GC04"
2026-07-31,"Fri",183,11300,6,0,31,82,"GC04"
2026-08-01,"Sat",167,14900,1,0,49,121,"GC04"
2026-08-02,"Sun",164,15100,0,0,57,107,"GC04"
2026-08-03,"Mon",136,11800,0,0,33,68,"GC04"
2026-08-04,"Tue",153,11200,4,0,19,71,"GC04"
2026-08-05,"Wed",150,12200,0,0,16,84,"GC04"
2026-08-06,"Thu",125,11900,1,0,31,63,"GC04"
2026-08-07,"Fri",217,11000,9,1,7,113,"GC04"
2026-08-08,"Sat",193,15100,1,1,23,125,"GC04"
2026-08-09,"Sun",199,13600,9,1,35,128,"GC04"
2026-08-10,"Mon",146,11200,6,0,41,71,"GC04"
2026-08-11,"Tue",149,11800,1,0,19,79,"GC04"
2026-08-12,"Wed",136,11800,0,0,22,69,"GC04"
2026-08-13,"Thu",118,12200,0,0,46,63,"GC04"
2026-08-14,"Fri",153,11900,0,0,53,75,"GC04"
2026-08-15,"Sat",186,15100,1,0,31,136,"GC04"
2026-08-16,"Sun",208,15100,0,1,9,153,"GC04"
2026-08-17,"Mon",141,11900,0,0,36,72,"GC04"
2026-08-18,"Tue",149,11800,0,0,18,71,"GC04"
2026-08-19,"Wed",113,11900,1,0,51,55,"GC04"
2026-08-20,"Thu",173,12200,1,0,2,88,"GC04"
2026-08-21,"Fri",239,10100,16,1,5,102,"GC04"
2026-08-22,"Sat",211,15100,1,0,19,143,"GC04"
2026-08-23,"Sun",157,14900,0,0,58,103,"GC04"
2026-08-24,"Mon",154,11800,1,0,22,77,"GC04"
2026-08-25,"Tue",129,11900,0,0,35,63,"GC04"
2026-08-26,"Wed",151,12200,1,0,22,81,"GC04"
2026-08-27,"Thu",138,12200,0,1,41,66,"GC04"
2026-08-28,"Fri",201,10600,11,1,22,107,"GC04"
2026-08-29,"Sat",188,14900,0,0,14,130,"GC04"
2026-08-30,"Sun",176,14900,0,0,33,120,"GC04"
2026-08-31,"Mon",129,11800,0,0,45,66,"GC04"
2026-09-01,"Tue",,10600,11,1,14,93,"GC04"
2026-09-02,"Wed",,11000,11,1,33,79,"GC04"
2026-09-03,"Thu",,10600,11,1,21,101,"GC04"
2026-09-04,"Fri",,11800,1,0,51,67,"GC04"
2026-09-05,"Sat",,15200,1,0,12,129,"GC04"
2026-09-06,"Sun",,15200,1,1,56,123,"GC04"
2026-09-07,"Mon",,10300,14,1,55,78,"GC04"
2026-09-08,"Tue",,10300,16,1,37,73,"GC04"
2026-09-09,"Wed",,12200,0,0,31,73,"GC04"
2026-09-10,"Thu",,12200,1,1,52,66,"GC04"
2026-09-11,"Fri",,12100,1,0,46,76,"GC04"
2026-09-12,"Sat",,11800,19,1,18,161,"GC04"
2026-09-13,"Sun",,12550,14,0,13,182,"GC04"
2026-09-14,"Mon",,11500,6,1,2,93,"GC04"
2026-09-15,"Tue",,11900,1,0,14,79,"GC04"
2026-09-16,"Wed",,11300,4,1,50,77,"GC04"
2026-09-17,"Thu",,12200,1,0,38,74,"GC04"
2026-09-18,"Fri",,11600,4,0,13,88,"GC04"
2026-09-19,"Sat",,14800,0,0,42,114,"GC04"
2026-09-20,"Sun",,12850,14,1,15,180,"GC04"
2026-09-21,"Mon",,10900,9,1,17,84,"GC04"
2026-09-22,"Tue",,12100,1,0,29,71,"GC04"
2026-09-23,"Wed",,11800,1,0,70,50,"GC04"
2026-09-24,"Thu",,11900,0,0,22,73,"GC04"
2026-09-25,"Fri",,10600,11,1,21,102,"GC04"
2026-09-26,"Sat",,14900,0,0,23,132,"GC04"
2026-09-27,"Sun",,11800,20,1,11,170,"GC04"
2026-09-28,"Mon",,10300,16,1,56,81,"GC04"
2026-09-29,"Tue",,9500,19,1,5,117,"GC04"
2026-09-30,"Wed",,10900,11,1,0,90,"GC04"
2023-09-01,"Fri",207,9500,20,1,29,118,"GC05"
2023-09-02,"Sat",202,15100,0,0,13,147,"GC05"
2023-09-03,"Sun",207,14450,4,0,24,152,"GC05"
2023-09-04,"Mon",217,10400,14,0,5,105,"GC05"
2023-09-05,"Tue",162,11600,4,0,20,87,"GC05"
2023-09-06,"Wed",192,9400,19,1,30,106,"GC05"
2023-09-07,"Thu",177,10900,9,1,23,94,"GC05"
2023-09-08,"Fri",189,11500,4,1,5,99,"GC05"
2023-09-09,"Sat",210,15100,0,0,5,150,"GC05"
2023-09-10,"Sun",194,15200,1,0,15,146,"GC05"
2023-09-11,"Mon",163,11900,1,1,5,86,"GC05"
2023-09-12,"Tue",132,11300,4,1,69,65,"GC05"
2023-09-13,"Wed",183,11000,9,1,16,98,"GC05"
2023-09-14,"Thu",173,10400,14,1,45,88,"GC05"
2023-09-15,"Fri",156,12200,1,0,40,79,"GC05"
2023-09-16,"Sat",189,14150,6,0,42,123,"GC05"
2023-09-17,"Sun",197,13700,11,1,47,139,"GC05"
2023-09-18,"Mon",146,12200,0,0,31,59,"GC05"
2023-09-19,"Tue",153,12100,0,0,3,82,"GC05"
2023-09-20,"Wed",138,12200,0,0,14,67,"GC05"
2023-09-21,"Thu",153,11900,1,0,25,74,"GC05"
2023-09-22,"Fri",221,9800,19,1,23,107,"GC05"
2023-09-23,"Sat",216,12550,14,1,41,152,"GC05"
2023-09-24,"Sun",184,14450,6,1,44,133,"GC05"
2023-09-25,"Mon",158,10000,16,1,47,79,"GC05"
2023-09-26,"Tue",141,12100,0,0,25,75,"GC05"
2023-09-27,"Wed",174,11800,1,0,0,99,"GC05"
2023-09-28,"Thu",141,11900,0,1,47,70,"GC05"
2023-09-29,"Fri",178,11200,6,1,21,96,"GC05"
2023-09-30,"Sat",196,15200,1,0,12,143,"GC05"
2023-10-01,"Sun",254,12550,14,1,28,186,"GC05"
2023-10-02,"Mon",141,12200,0,0,40,74,"GC05"
2023-10-03,"Tue",228,10300,14,1,3,116,"GC05"
2023-10-04,"Wed",183,11900,0,1,31,96,"GC05"
2023-10-05,"Thu",206,11000,9,1,6,92,"GC05"
2023-10-06,"Fri",226,10100,14,0,12,122,"GC05"
2023-10-07,"Sat",226,13400,9,1,44,157,"GC05"
2023-10-08,"Sun",225,14900,0,1,5,151,"GC05"
2023-10-09,"Mon",183,12200,0,1,26,83,"GC05"
2023-10-10,"Tue",193,9500,20,1,56,100,"GC05"
2023-10-11,"Wed",224,10900,9,1,10,98,"GC05"
2023-10-12,"Thu",159,11800,1,0,32,74,"GC05"
2023-10-13,"Fri",206,10600,9,1,22,95,"GC05"
2023-10-14,"Sat",230,14900,0,0,11,158,"GC05"
2023-10-15,"Sun",236,12650,14,1,25,161,"GC05"
2023-10-16,"Mon",160,12100,0,0,23,82,"GC05"
2023-10-17,"Tue",171,12100,0,0,6,85,"GC05"
2023-10-18,"Wed",225,10900,11,0,20,126,"GC05"
2023-10-19,"Thu",232,11000,9,1,10,114,"GC05"
2023-10-20,"Fri",206,11200,6,0,11,105,"GC05"
2023-10-21,"Sat",198,14800,1,0,51,150,"GC05"
2023-10-22,"Sun",246,13300,9,1,13,161,"GC05"
2023-10-23,"Mon",201,11000,9,1,18,90,"GC05"
2023-10-24,"Tue",196,11600,4,0,37,91,"GC05"
2023-10-25,"Wed",204,9700,20,1,30,110,"GC05"
2023-10-26,"Thu",179,11200,6,0,32,87,"GC05"
2023-10-27,"Fri",226,10300,14,1,26,103,"GC05"
2023-10-28,"Sat",234,13300,9,1,25,169,"GC05"
2023-10-29,"Sun",201,15100,0,0,18,134,"GC05"
2023-10-30,"Mon",150,11200,4,0,49,65,"GC05"
2023-10-31,"Tue",171,12100,0,0,19,81,"GC05"
2023-11-01,"Wed",154,11800,0,0,14,74,"GC05"
2023-11-02,"Thu",131,11900,1,0,44,71,"GC05"
2023-11-03,"Fri",214,10100,16,0,27,101,"GC05"
2023-11-04,"Sat",246,12650,16,1,13,168,"GC05"
2023-11-05,"Sun",206,14450,4,0,34,149,"GC05"
2023-11-06,"Mon",170,10700,11,1,44,79,"GC05"
2023-11-07,"Tue",198,10700,11,1,10,100,"GC05"
2023-11-08,"Wed",175,11000,11,1,37,93,"GC05"
2023-11-09,"Thu",152,11900,1,0,28,71,"GC05"
2023-11-10,"Fri",212,10300,16,1,21,106,"GC05"
2023-11-11,"Sat",191,15200,0,1,58,138,"GC05"
2023-11-12,"Sun",222,14150,6,0,20,146,"GC05"
2023-11-13,"Mon",193,10600,11,1,14,95,"GC05"
2023-11-14,"Tue",185,11500,6,1,17,92,"GC05"
2023-11-15,"Wed",208,10900,11,1,5,103,"GC05"
2023-11-16,"Thu",189,11000,11,1,24,82,"GC05"
2023-11-17,"Fri",231,10900,11,1,8,103,"GC05"
2023-11-18,"Sat",216,14900,1,0,9,154,"GC05"
2023-11-19,"Sun",177,15100,1,0,47,129,"GC05"
2023-11-20,"Mon",160,10600,11,1,55,87,"GC05"
2023-11-21,"Tue",189,11900,0,1,0,93,"GC05"
2023-11-22,"Wed",149,11800,0,0,36,78,"GC05"
2023-11-23,"Thu",174,11800,1,0,15,87,"GC05"
2023-11-24,"Fri",175,11900,1,0,23,84,"GC05"
2023-11-25,"Sat",202,14800,0,0,38,139,"GC05"
2023-11-26,"Sun",205,12950,14,1,55,146,"GC05"
2023-11-27,"Mon",174,11900,0,0,8,86,"GC05"
2023-11-28,"Tue",175,11200,4,0,9,92,"GC05"
2023-11-29,"Wed",165,11900,0,0,16,88,"GC05"
2023-11-30,"Thu",157,10600,11,1,45,81,"GC05"
2023-12-01,"Fri",126,12200,0,0,49,57,"GC05"
2023-12-02,"Sat",203,15100,0,0,6,143,"GC05"
2023-12-03,"Sun",194,14800,0,0,24,137,"GC05"
2023-12-04,"Mon",130,11600,6,0,51,59,"GC05"
2023-12-05,"Tue",155,11300,4,0,33,69,"GC05"
2023-12-06,"Wed",193,10300,16,1,24,88,"GC05"
2023-12-07,"Thu",174,10400,16,1,37,95,"GC05"
2023-12-08,"Fri",164,11900,1,0,18,92,"GC05"
2023-12-09,"Sat",201,14800,1,0,19,145,"GC05"
2023-12-10,"Sun",167,15200,1,0,41,117,"GC05"
2023-12-11,"Mon",152,11500,6,1,52,79,"GC05"
2023-12-12,"Tue",170,11200,4,0,7,98,"GC05"
2023-12-13,"Wed",186,9500,20,1,47,97,"GC05"
2023-12-14,"Thu",184,11600,6,0,10,97,"GC05"
2023-12-15,"Fri",192,11000,9,1,23,95,"GC05"
2023-12-16,"Sat",229,12950,16,1,25,165,"GC05"
2023-12-17,"Sun",195,15100,0,0,19,133,"GC05"
2023-12-18,"Mon",148,12100,1,0,33,69,"GC05"
2023-12-19,"Tue",167,12100,1,0,15,90,"GC05"
2023-12-20,"Wed",122,12100,1,0,55,64,"GC05"
2023-12-21,"Thu",216,10100,14,0,7,104,"GC05"
2023-12-22,"Fri",207,10700,11,1,11,100,"GC05"
2023-12-23,"Sat",212,14800,0,0,7,158,"GC05"
2023-12-24,"Sun",207,13600,11,1,47,140,"GC05"
2023-12-25,"Mon",131,11500,6,0,45,71,"GC05"
2023-12-26,"Tue",153,11800,0,0,28,69,"GC05"
2023-12-27,"Wed",123,11300,4,1,72,70,"GC05"
2023-12-28,"Thu",207,9400,20,1,19,100,"GC05"
2023-12-29,"Fri",151,11900,1,0,54,76,"GC05"
2023-12-30,"Sat",216,14150,6,0,8,157,"GC05"
2023-12-31,"Sun",208,14350,4,0,11,142,"GC05"
2024-01-01,"Mon",150,11500,6,0,35,74,"GC05"
2024-01-02,"Tue",136,12200,1,0,46,71,"GC05"
2024-01-03,"Wed",189,11000,9,1,17,91,"GC05"
2024-01-04,"Thu",174,9500,20,1,49,84,"GC05"
2024-01-05,"Fri",203,12200,0,0,6,97,"GC05"
2024-01-06,"Sat",220,13600,9,1,10,158,"GC05"
2024-01-07,"Sun",190,14800,0,0,48,127,"GC05"
2024-01-08,"Mon",166,11500,6,1,3,89,"GC05"
2024-01-09,"Tue",162,11300,6,0,27,80,"GC05"
2024-01-10,"Wed",142,12100,1,0,26,65,"GC05"
2024-01-11,"Thu",143,11900,1,0,31,63,"GC05"
2024-01-12,"Fri",175,11800,0,0,12,84,"GC05"
2024-01-13,"Sat",203,13700,11,1,32,138,"GC05"
2024-01-14,"Sun",206,15200,1,0,18,142,"GC05"
2024-01-15,"Mon",191,10700,11,1,6,97,"GC05"
2024-01-16,"Tue",178,10300,16,1,46,91,"GC05"
2024-01-17,"Wed",173,11800,1,0,8,87,"GC05"
2024-01-18,"Thu",130,11900,1,0,40,63,"GC05"
2024-01-19,"Fri",182,10900,11,1,45,93,"GC05"
2024-01-20,"Sat",199,14350,6,1,43,144,"GC05"
2024-01-21,"Sun",192,14800,0,0,13,135,"GC05"
2024-01-22,"Mon",189,10700,11,1,22,97,"GC05"
2024-01-23,"Tue",104,12100,1,0,70,54,"GC05"
2024-01-24,"Wed",146,12200,0,0,18,71,"GC05"
2024-01-25,"Thu",139,11300,4,0,19,58,"GC05"
2024-01-26,"Fri",186,10600,9,1,28,94,"GC05"
2024-01-27,"Sat",198,14150,6,0,33,137,"GC05"
2024-01-28,"Sun",246,12850,16,1,18,173,"GC05"
2024-01-29,"Mon",156,11600,6,0,37,69,"GC05"
2024-01-30,"Tue",170,11900,0,0,7,81,"GC05"
2024-01-31,"Wed",149,11900,0,1,28,75,"GC05"
2024-02-01,"Thu",181,10400,14,1,41,89,"GC05"
2024-02-02,"Fri",191,10900,9,1,44,93,"GC05"
2024-02-03,"Sat",200,14350,6,0,27,138,"GC05"
2024-02-04,"Sun",175,14150,6,1,52,133,"GC05"
2024-02-05,"Mon",179,10900,11,1,11,91,"GC05"
2024-02-06,"Tue",129,12200,0,0,33,64,"GC05"
2024-02-07,"Wed",123,11900,0,1,45,56,"GC05"
2024-02-08,"Thu",159,11900,1,0,17,75,"GC05"
2024-02-09,"Fri",168,11500,4,0,34,78,"GC05"
2024-02-10,"Sat",215,12850,16,1,46,139,"GC05"
2024-02-11,"Sun",199,15200,0,0,13,143,"GC05"
2024-02-12,"Mon",162,10600,11,1,41,89,"GC05"
2024-02-13,"Tue",153,12200,1,0,14,73,"GC05"
2024-02-14,"Wed",153,11900,1,0,17,73,"GC05"
2024-02-15,"Thu",173,11300,6,0,11,80,"GC05"
2024-02-16,"Fri",216,10000,14,1,9,116,"GC05"
2024-02-17,"Sat",182,15200,0,0,29,122,"GC05"
2024-02-18,"Sun",210,14050,6,0,8,147,"GC05"
2024-02-19,"Mon",194,10600,11,1,26,97,"GC05"
2024-02-20,"Tue",163,11800,1,0,11,92,"GC05"
2024-02-21,"Wed",187,11000,9,1,0,99,"GC05"
2024-02-22,"Thu",132,11500,4,0,42,78,"GC05"
2024-02-23,"Fri",125,12200,0,0,46,55,"GC05"
2024-02-24,"Sat",219,14350,4,0,10,154,"GC05"
2024-02-25,"Sun",232,13300,11,1,19,164,"GC05"
2024-02-26,"Mon",185,11300,4,0,2,89,"GC05"
2024-02-27,"Tue",192,10300,16,0,24,93,"GC05"
2024-02-28,"Wed",153,12100,1,1,11,84,"GC05"
2024-02-29,"Thu",163,10900,9,1,44,84,"GC05"
2024-03-01,"Fri",212,10600,11,1,4,106,"GC05"
2024-03-02,"Sat",213,14900,0,0,21,152,"GC05"
2024-03-03,"Sun",255,12200,20,1,0,172,"GC05"
2024-03-04,"Mon",178,12200,0,0,5,79,"GC05"
2024-03-05,"Tue",186,11900,1,0,15,97,"GC05"
2024-03-06,"Wed",154,11800,0,0,20,74,"GC05"
2024-03-07,"Thu",144,11800,0,0,40,56,"GC05"
2024-03-08,"Fri",221,9400,19,1,29,98,"GC05"
2024-03-09,"Sat",229,14150,6,0,17,162,"GC05"
2024-03-10,"Sun",252,13600,11,1,11,179,"GC05"
2024-03-11,"Mon",157,10900,9,1,42,81,"GC05"
2024-03-12,"Tue",140,12100,0,0,30,65,"GC05"
2024-03-13,"Wed",170,11300,6,0,34,82,"GC05"
2024-03-14,"Thu",190,9500,19,1,48,109,"GC05"
2024-03-15,"Fri",167,11900,1,0,51,80,"GC05"
2024-03-16,"Sat",217,14350,4,0,34,134,"GC05"
2024-03-17,"Sun",218,14900,1,1,4,154,"GC05"
2024-03-18,"Mon",154,11800,0,1,33,71,"GC05"
2024-03-19,"Tue",158,12100,1,0,29,79,"GC05"
2024-03-20,"Wed",209,9800,20,1,18,105,"GC05"
2024-03-21,"Thu",159,11800,1,0,41,75,"GC05"
2024-03-22,"Fri",177,10100,14,1,47,89,"GC05"
2024-03-23,"Sat",211,14150,6,0,34,144,"GC05"
2024-03-24,"Sun",198,14900,0,1,26,127,"GC05"
2024-03-25,"Mon",187,11500,4,0,3,91,"GC05"
2024-03-26,"Tue",165,11900,0,0,22,83,"GC05"
2024-03-27,"Wed",136,12100,0,0,48,69,"GC05"
2024-03-28,"Thu",208,10400,14,0,14,101,"GC05"
2024-03-29,"Fri",229,10700,11,1,13,105,"GC05"
2024-03-30,"Sat",222,14350,6,0,13,155,"GC05"
2024-03-31,"Sun",218,15200,1,1,6,142,"GC05"
2024-04-01,"Mon",164,12100,0,0,31,81,"GC05"
2024-04-02,"Tue",177,10900,11,1,54,88,"GC05"
2024-04-03,"Wed",175,11300,4,0,24,90,"GC05"
2024-04-04,"Thu",241,9500,20,1,11,105,"GC05"
2024-04-05,"Fri",219,12200,1,0,5,111,"GC05"
2024-04-06,"Sat",204,13300,11,0,65,139,"GC05"
2024-04-07,"Sun",219,15200,1,0,23,156,"GC05"
2024-04-08,"Mon",187,11000,11,1,32,95,"GC05"
2024-04-09,"Tue",176,11500,4,0,14,92,"GC05"
2024-04-10,"Wed",184,11800,1,0,11,84,"GC05"
2024-04-11,"Thu",153,11300,4,1,28,71,"GC05"
2024-04-12,"Fri",208,10000,14,1,47,102,"GC05"
2024-04-13,"Sat",225,13400,9,1,49,164,"GC05"
2024-04-14,"Sun",245,12650,14,1,24,174,"GC05"
2024-04-15,"Mon",172,11800,1,1,32,81,"GC05"
2024-04-16,"Tue",143,12100,0,0,41,72,"GC05"
2024-04-17,"Wed",178,11500,4,0,12,89,"GC05"
2024-04-18,"Thu",222,11600,6,1,2,112,"GC05"
2024-04-19,"Fri",205,10300,14,1,43,101,"GC05"
2024-04-20,"Sat",195,15100,1,0,38,140,"GC05"
2024-04-21,"Sun",222,14900,0,0,10,159,"GC05"
2024-04-22,"Mon",146,12100,1,0,25,67,"GC05"
2024-04-23,"Tue",210,10700,9,1,10,91,"GC05"
2024-04-24,"Wed",190,11600,4,1,25,95,"GC05"
2024-04-25,"Thu",164,11600,4,0,30,72,"GC05"
2024-04-26,"Fri",209,11900,0,1,18,112,"GC05"
2024-04-27,"Sat",242,12650,16,1,23,168,"GC05"
2024-04-28,"Sun",247,13600,11,0,27,162,"GC05"
2024-04-29,"Mon",169,11900,1,0,22,82,"GC05"
2024-04-30,"Tue",150,11900,0,0,21,82,"GC05"
2024-05-01,"Wed",181,11800,1,0,6,82,"GC05"
2024-05-02,"Thu",200,12200,1,1,16,100,"GC05"
2024-05-03,"Fri",226,10700,9,1,20,106,"GC05"
2024-05-04,"Sat",199,15100,0,0,34,145,"GC05"
2024-05-05,"Sun",214,13300,9,1,53,149,"GC05"
2024-05-06,"Mon",194,12100,1,1,10,95,"GC05"
2024-05-07,"Tue",181,11800,0,0,24,90,"GC05"
2024-05-08,"Wed",156,11800,0,0,28,78,"GC05"
2024-05-09,"Thu",176,12200,0,0,13,82,"GC05"
2024-05-10,"Fri",204,11200,4,0,10,105,"GC05"
2024-05-11,"Sat",214,14050,4,0,49,150,"GC05"
2024-05-12,"Sun",238,13400,9,1,33,156,"GC05"
2024-05-13,"Mon",207,10100,16,1,24,102,"GC05"
2024-05-14,"Tue",151,11500,4,0,49,69,"GC05"
2024-05-15,"Wed",172,11300,6,0,15,82,"GC05"
2024-05-16,"Thu",147,11500,4,0,49,77,"GC05"
2024-05-17,"Fri",196,10400,14,1,62,94,"GC05"
2024-05-18,"Sat",218,14800,0,0,25,148,"GC05"
2024-05-19,"Sun",212,14900,1,0,33,141,"GC05"
2024-05-20,"Mon",205,10900,11,0,8,103,"GC05"
2024-05-21,"Tue",199,10300,14,1,42,105,"GC05"
2024-05-22,"Wed",189,11000,11,1,32,89,"GC05"
2024-05-23,"Thu",171,11800,1,1,31,84,"GC05"
2024-05-24,"Fri",182,11800,0,0,43,92,"GC05"
2024-05-25,"Sat",245,12850,16,1,21,174,"GC05"
2024-05-26,"Sun",194,14350,6,0,61,137,"GC05"
2024-05-27,"Mon",159,12200,0,0,28,86,"GC05"
2024-05-28,"Tue",169,11800,0,0,28,89,"GC05"
2024-05-29,"Wed",184,11300,6,0,13,94,"GC05"
2024-05-30,"Thu",201,10000,16,1,40,115,"GC05"
2024-05-31,"Fri",244,10100,16,1,7,125,"GC05"
2024-06-01,"Sat",220,14350,6,0,9,129,"GC05"
2024-06-02,"Sun",176,14800,1,1,43,124,"GC05"
2024-06-03,"Mon",200,10900,11,1,13,91,"GC05"
2024-06-04,"Tue",146,11900,0,0,25,77,"GC05"
2024-06-05,"Wed",183,11900,1,1,8,102,"GC05"
2024-06-06,"Thu",140,12200,0,0,37,80,"GC05"
2024-06-07,"Fri",205,11600,6,0,8,103,"GC05"
2024-06-08,"Sat",197,14050,4,0,35,148,"GC05"
2024-06-09,"Sun",191,15100,1,0,28,117,"GC05"
2024-06-10,"Mon",211,9500,20,1,6,121,"GC05"
2024-06-11,"Tue",146,12100,0,0,27,79,"GC05"
2024-06-12,"Wed",163,10700,11,1,31,80,"GC05"
2024-06-13,"Thu",168,11600,4,0,7,75,"GC05"
2024-06-14,"Fri",218,10600,9,1,8,117,"GC05"
2024-06-15,"Sat",210,13700,11,1,34,151,"GC05"
2024-06-16,"Sun",206,15100,1,1,18,146,"GC05"
2024-06-17,"Mon",187,10900,11,1,12,94,"GC05"
2024-06-18,"Tue",165,10400,16,1,49,89,"GC05"
2024-06-19,"Wed",163,11800,1,0,9,79,"GC05"
2024-06-20,"Thu",154,10900,9,1,50,65,"GC05"
2024-06-21,"Fri",154,10000,16,1,65,82,"GC05"
2024-06-22,"Sat",210,14900,1,0,20,150,"GC05"
2024-06-23,"Sun",181,15200,0,0,36,134,"GC05"
2024-06-24,"Mon",133,11600,6,0,52,61,"GC05"
2024-06-25,"Tue",119,11800,0,0,43,56,"GC05"
2024-06-26,"Wed",154,11300,4,1,45,87,"GC05"
2024-06-27,"Thu",129,11900,1,0,48,57,"GC05"
2024-06-28,"Fri",164,11500,4,0,20,81,"GC05"
2024-06-29,"Sat",179,14800,1,1,46,119,"GC05"
2024-06-30,"Sun",219,15100,1,0,17,143,"GC05"
2024-07-01,"Mon",167,10600,11,1,29,81,"GC05"
2024-07-02,"Tue",135,11500,4,1,41,77,"GC05"
2024-07-03,"Wed",163,11500,4,0,36,80,"GC05"
2024-07-04,"Thu",149,11800,0,0,17,65,"GC05"
2024-07-05,"Fri",182,10300,14,1,22,95,"GC05"
2024-07-06,"Sat",202,15100,0,1,24,131,"GC05"
2024-07-07,"Sun",190,15100,0,0,21,135,"GC05"
2024-07-08,"Mon",212,9400,19,1,19,110,"GC05"
2024-07-09,"Tue",152,11300,6,1,30,68,"GC05"
2024-07-10,"Wed",199,10400,14,1,29,97,"GC05"
2024-07-11,"Thu",156,11800,1,0,36,71,"GC05"
2024-07-12,"Fri",176,11900,1,0,26,82,"GC05"
2024-07-13,"Sat",218,14450,4,0,26,143,"GC05"
2024-07-14,"Sun",184,15200,0,0,40,120,"GC05"
2024-07-15,"Mon",186,10100,16,1,43,90,"GC05"
2024-07-16,"Tue",131,11200,6,1,32,61,"GC05"
2024-07-17,"Wed",172,10600,9,1,27,79,"GC05"
2024-07-18,"Thu",163,10900,11,1,34,70,"GC05"
2024-07-19,"Fri",178,10400,16,1,61,90,"GC05"
2024-07-20,"Sat",198,14900,0,0,21,145,"GC05"
2024-07-21,"Sun",201,15100,1,0,23,143,"GC05"
2024-07-22,"Mon",186,10000,14,1,24,93,"GC05"
2024-07-23,"Tue",181,10400,16,1,30,91,"GC05"
2024-07-24,"Wed",164,12100,1,0,11,81,"GC05"
2024-07-25,"Thu",171,10600,9,0,30,76,"GC05"
2024-07-26,"Fri",166,12200,1,0,12,83,"GC05"
2024-07-27,"Sat",184,15200,0,0,34,122,"GC05"
2024-07-28,"Sun",210,14800,1,0,9,140,"GC05"
2024-07-29,"Mon",170,11500,4,0,30,83,"GC05"
2024-07-30,"Tue",146,11900,0,1,27,70,"GC05"
2024-07-31,"Wed",162,11000,9,1,28,76,"GC05"
2024-08-01,"Thu",153,11200,6,0,35,85,"GC05"
2024-08-02,"Fri",155,11900,0,0,18,83,"GC05"
2024-08-03,"Sat",195,15200,1,0,32,132,"GC05"
2024-08-04,"Sun",212,14900,0,0,4,150,"GC05"
2024-08-05,"Mon",120,11200,6,1,80,53,"GC05"
2024-08-06,"Tue",159,12100,1,1,7,77,"GC05"
2024-08-07,"Wed",174,10700,11,1,21,89,"GC05"
2024-08-08,"Thu",149,11300,6,0,26,67,"GC05"
2024-08-09,"Fri",200,11900,0,0,7,103,"GC05"
2024-08-10,"Sat",158,14900,0,1,67,121,"GC05"
2024-08-11,"Sun",199,13300,9,1,45,147,"GC05"
2024-08-12,"Mon",169,11500,4,0,16,87,"GC05"
2024-08-13,"Tue",169,11900,1,0,18,81,"GC05"
2024-08-14,"Wed",143,11600,4,0,32,75,"GC05"
2024-08-15,"Thu",183,11200,4,1,6,86,"GC05"
2024-08-16,"Fri",140,11800,0,0,51,67,"GC05"
2024-08-17,"Sat",218,13400,11,1,23,160,"GC05"
2024-08-18,"Sun",204,14900,1,0,24,134,"GC05"
2024-08-19,"Mon",146,12200,0,0,39,73,"GC05"
2024-08-20,"Tue",191,10100,16,1,17,107,"GC05"
2024-08-21,"Wed",136,12100,1,0,44,70,"GC05"
2024-08-22,"Thu",139,12100,1,0,27,69,"GC05"
2024-08-23,"Fri",175,11200,4,0,16,92,"GC05"
2024-08-24,"Sat",244,12950,16,1,20,168,"GC05"
2024-08-25,"Sun",201,15100,1,0,36,134,"GC05"
2024-08-26,"Mon",135,12100,0,0,39,64,"GC05"
2024-08-27,"Tue",172,11300,4,1,12,80,"GC05"
2024-08-28,"Wed",113,11800,0,0,46,54,"GC05"
2024-08-29,"Thu",190,10400,16,1,6,101,"GC05"
2024-08-30,"Fri",143,11800,0,0,27,74,"GC05"
2024-08-31,"Sat",164,15200,0,0,48,111,"GC05"
2024-09-01,"Sun",169,15200,0,0,57,126,"GC05"
2024-09-02,"Mon",170,12200,0,0,8,74,"GC05"
2024-09-03,"Tue",200,11000,9,1,8,104,"GC05"
2024-09-04,"Wed",149,12100,1,0,33,64,"GC05"
2024-09-05,"Thu",159,12100,0,1,11,77,"GC05"
2024-09-06,"Fri",152,12200,0,0,52,76,"GC05"
2024-09-07,"Sat",189,15200,1,0,29,127,"GC05"
2024-09-08,"Sun",221,12950,16,0,25,147,"GC05"
2024-09-09,"Mon",118,11800,1,0,40,58,"GC05"
2024-09-10,"Tue",177,11000,9,1,39,91,"GC05"
2024-09-11,"Wed",158,11200,4,0,34,82,"GC05"
2024-09-12,"Thu",180,10900,9,1,32,83,"GC05"
2024-09-13,"Fri",195,11300,4,0,20,84,"GC05"
2024-09-14,"Sat",245,13700,9,1,13,172,"GC05"
2024-09-15,"Sun",166,15200,0,0,31,116,"GC05"
2024-09-16,"Mon",157,10600,11,1,53,84,"GC05"
2024-09-17,"Tue",146,11800,1,0,26,70,"GC05"
2024-09-18,"Wed",124,11900,1,0,50,59,"GC05"
2024-09-19,"Thu",142,11900,1,0,27,72,"GC05"
2024-09-20,"Fri",164,11900,1,1,36,84,"GC05"
2024-09-21,"Sat",219,15200,1,0,2,151,"GC05"
2024-09-22,"Sun",211,14450,6,1,7,142,"GC05"
2024-09-23,"Mon",129,12100,0,0,37,60,"GC05"
2024-09-24,"Tue",173,11800,1,1,23,80,"GC05"
2024-09-25,"Wed",168,12100,1,0,10,89,"GC05"
2024-09-26,"Thu",190,11300,6,0,9,94,"GC05"
2024-09-27,"Fri",188,11500,4,0,15,91,"GC05"
2024-09-28,"Sat",191,13400,9,1,69,137,"GC05"
2024-09-29,"Sun",224,12950,16,1,35,156,"GC05"
2024-09-30,"Mon",150,11900,0,0,14,76,"GC05"
2024-10-01,"Tue",194,11500,6,0,7,96,"GC05"
2024-10-02,"Wed",195,10400,16,1,41,94,"GC05"
2024-10-03,"Thu",188,10700,11,1,41,91,"GC05"
2024-10-04,"Fri",213,12200,0,0,5,110,"GC05"
2024-10-05,"Sat",211,13400,9,1,59,140,"GC05"
2024-10-06,"Sun",188,14900,0,0,60,136,"GC05"
2024-10-07,"Mon",155,11800,0,0,26,70,"GC05"
2024-10-08,"Tue",164,11800,1,0,22,79,"GC05"
2024-10-09,"Wed",176,11200,4,0,27,84,"GC05"
2024-10-10,"Thu",156,12100,1,0,19,70,"GC05"
2024-10-11,"Fri",223,10100,14,1,30,122,"GC05"
2024-10-12,"Sat",230,15100,1,0,20,153,"GC05"
2024-10-13,"Sun",207,14350,4,0,20,145,"GC05"
2024-10-14,"Mon",221,9700,20,1,27,103,"GC05"
2024-10-15,"Tue",171,12200,1,1,5,102,"GC05"
2024-10-16,"Wed",225,10000,14,1,9,113,"GC05"
2024-10-17,"Thu",175,12200,0,0,27,76,"GC05"
2024-10-18,"Fri",194,10100,14,1,60,105,"GC05"
2024-10-19,"Sat",211,15200,1,0,21,139,"GC05"
2024-10-20,"Sun",217,13300,9,1,43,151,"GC05"
2024-10-21,"Mon",205,10900,11,1,18,91,"GC05"
2024-10-22,"Tue",200,10000,16,1,35,98,"GC05"
2024-10-23,"Wed",160,11800,0,0,25,78,"GC05"
2024-10-24,"Thu",176,11300,6,1,18,102,"GC05"
2024-10-25,"Fri",216,11600,4,1,27,110,"GC05"
2024-10-26,"Sat",222,14450,4,0,29,154,"GC05"
2024-10-27,"Sun",245,12550,14,1,27,180,"GC05"
2024-10-28,"Mon",209,10400,14,1,19,92,"GC05"
2024-10-29,"Tue",163,11900,1,1,29,77,"GC05"
2024-10-30,"Wed",186,11200,6,0,23,94,"GC05"
2024-10-31,"Thu",179,11200,6,1,28,84,"GC05"
2024-11-01,"Fri",230,10100,14,1,27,95,"GC05"
2024-11-02,"Sat",171,15200,0,0,51,106,"GC05"
2024-11-03,"Sun",216,15200,1,1,26,154,"GC05"
2024-11-04,"Mon",177,10900,11,1,34,92,"GC05"
2024-11-05,"Tue",182,11600,4,0,17,95,"GC05"
2024-11-06,"Wed",151,11500,4,0,56,78,"GC05"
2024-11-07,"Thu",223,11000,9,1,0,120,"GC05"
2024-11-08,"Fri",216,10900,9,1,20,111,"GC05"
2024-11-09,"Sat",228,15200,0,1,24,159,"GC05"
2024-11-10,"Sun",224,13700,11,0,36,160,"GC05"
2024-11-11,"Mon",194,10300,16,1,45,95,"GC05"
2024-11-12,"Tue",152,11500,6,0,32,68,"GC05"
2024-11-13,"Wed",152,11500,6,0,59,85,"GC05"
2024-11-14,"Thu",176,10400,14,1,59,94,"GC05"
2024-11-15,"Fri",181,11500,4,0,31,94,"GC05"
2024-11-16,"Sat",240,15100,0,1,14,161,"GC05"
2024-11-17,"Sun",229,13400,9,0,33,161,"GC05"
2024-11-18,"Mon",162,11900,1,0,19,79,"GC05"
2024-11-19,"Tue",105,12100,0,0,78,58,"GC05"
2024-11-20,"Wed",171,10000,14,1,58,85,"GC05"
2024-11-21,"Thu",161,12200,0,0,7,81,"GC05"
2024-11-22,"Fri",193,11800,1,0,11,114,"GC05"
2024-11-23,"Sat",214,14450,4,0,29,149,"GC05"
2024-11-24,"Sun",201,14800,1,0,27,131,"GC05"
2024-11-25,"Mon",148,12200,1,0,29,67,"GC05"
2024-11-26,"Tue",143,11600,4,0,37,71,"GC05"
2024-11-27,"Wed",187,10100,16,1,28,94,"GC05"
2024-11-28,"Thu",181,10700,9,1,51,101,"GC05"
2024-11-29,"Fri",185,11800,0,0,37,85,"GC05"
2024-11-30,"Sat",215,14800,0,0,15,148,"GC05"
2024-12-01,"Sun",186,15200,0,0,24,138,"GC05"
2024-12-02,"Mon",167,10900,11,1,24,83,"GC05"
2024-12-03,"Tue",150,11500,4,0,18,68,"GC05"
2024-12-04,"Wed",136,11200,4,0,36,66,"GC05"
2024-12-05,"Thu",139,10600,9,1,69,60,"GC05"
2024-12-06,"Fri",188,11800,0,0,16,86,"GC05"
2024-12-07,"Sat",178,13700,9,1,60,127,"GC05"
2024-12-08,"Sun",204,15100,0,0,19,152,"GC05"
2024-12-09,"Mon",152,11300,4,0,23,72,"GC05"
2024-12-10,"Tue",155,10900,11,1,56,72,"GC05"
2024-12-11,"Wed",177,11300,6,1,18,86,"GC05"
2024-12-12,"Thu",146,10600,9,1,59,73,"GC05"
2024-12-13,"Fri",133,11800,1,0,41,64,"GC05"
2024-12-14,"Sat",214,14450,4,1,6,161,"GC05"
2024-12-15,"Sun",217,14800,0,0,10,149,"GC05"
2024-12-16,"Mon",143,12100,1,0,43,65,"GC05"
2024-12-17,"Tue",179,11000,9,1,12,111,"GC05"
2024-12-18,"Wed",160,11800,1,1,33,82,"GC05"
2024-12-19,"Thu",119,12200,0,0,43,61,"GC05"
2024-12-20,"Fri",232,11000,9,1,17,102,"GC05"
2024-12-21,"Sat",198,15200,0,1,12,158,"GC05"
2024-12-22,"Sun",213,14150,6,0,14,152,"GC05"
2024-12-23,"Mon",154,11500,6,0,39,83,"GC05"
2024-12-24,"Tue",160,11500,4,0,30,87,"GC05"
2024-12-25,"Wed",198,9400,20,0,14,87,"GC05"
2024-12-26,"Thu",166,11200,4,1,18,86,"GC05"
2024-12-27,"Fri",173,11900,0,0,17,94,"GC05"
2024-12-28,"Sat",185,14800,1,0,24,126,"GC05"
2024-12-29,"Sun",225,13600,11,1,39,154,"GC05"
2024-12-30,"Mon",144,11900,0,0,14,73,"GC05"
2024-12-31,"Tue",161,12200,0,0,10,78,"GC05"
2025-01-01,"Wed",107,11800,1,0,69,49,"GC05"
2025-01-02,"Thu",129,11500,6,0,49,63,"GC05"
2025-01-03,"Fri",163,11900,1,0,19,80,"GC05"
2025-01-04,"Sat",186,15100,1,0,29,134,"GC05"
2025-01-05,"Sun",196,14800,1,0,12,138,"GC05"
2025-01-06,"Mon",166,12100,0,0,11,81,"GC05"
2025-01-07,"Tue",174,10700,11,1,26,84,"GC05"
2025-01-08,"Wed",160,12100,0,0,32,78,"GC05"
2025-01-09,"Thu",152,11800,0,1,26,76,"GC05"
2025-01-10,"Fri",219,9700,19,1,25,104,"GC05"
2025-01-11,"Sat",204,14050,6,0,19,152,"GC05"
2025-01-12,"Sun",231,12550,14,1,26,152,"GC05"
2025-01-13,"Mon",180,10900,9,1,14,87,"GC05"
2025-01-14,"Tue",228,9400,19,1,3,117,"GC05"
2025-01-15,"Wed",147,11200,6,0,36,63,"GC05"
2025-01-16,"Thu",136,12100,0,0,52,69,"GC05"
2025-01-17,"Fri",207,10900,9,1,29,109,"GC05"
2025-01-18,"Sat",244,12650,16,1,8,153,"GC05"
2025-01-19,"Sun",204,14900,0,1,26,137,"GC05"
2025-01-20,"Mon",151,11800,1,1,18,71,"GC05"
2025-01-21,"Tue",155,11300,4,1,49,76,"GC05"
2025-01-22,"Wed",188,9800,19,1,25,88,"GC05"
2025-01-23,"Thu",202,10400,14,1,0,110,"GC05"
2025-01-24,"Fri",177,11800,1,0,3,90,"GC05"
2025-01-25,"Sat",198,14900,0,1,24,132,"GC05"
2025-01-26,"Sun",223,12650,16,1,37,149,"GC05"
2025-01-27,"Mon",198,10300,14,1,4,98,"GC05"
2025-01-28,"Tue",170,10000,16,1,40,91,"GC05"
2025-01-29,"Wed",204,10700,9,1,14,99,"GC05"
2025-01-30,"Thu",144,12200,1,0,24,64,"GC05"
2025-01-31,"Fri",178,11800,1,0,20,82,"GC05"
2025-02-01,"Sat",210,14150,6,1,23,144,"GC05"
2025-02-02,"Sun",200,14800,1,0,41,140,"GC05"
2025-02-03,"Mon",204,9700,20,1,18,88,"GC05"
2025-02-04,"Tue",147,11800,1,0,29,66,"GC05"
2025-02-05,"Wed",188,10900,11,1,22,101,"GC05"
2025-02-06,"Thu",156,12200,1,1,5,77,"GC05"
2025-02-07,"Fri",167,11500,4,0,50,70,"GC05"
2025-02-08,"Sat",234,14450,6,1,0,164,"GC05"
2025-02-09,"Sun",200,14350,4,0,30,130,"GC05"
2025-02-10,"Mon",131,11800,1,0,37,54,"GC05"
2025-02-11,"Tue",207,10000,14,1,2,99,"GC05"
2025-02-12,"Wed",162,10300,16,1,50,73,"GC05"
2025-02-13,"Thu",157,10700,9,1,48,70,"GC05"
2025-02-14,"Fri",192,11000,11,1,23,108,"GC05"
2025-02-15,"Sat",197,14350,4,0,26,147,"GC05"
2025-02-16,"Sun",208,13400,11,1,46,140,"GC05"
2025-02-17,"Mon",137,11800,0,0,37,76,"GC05"
2025-02-18,"Tue",186,11000,9,1,14,93,"GC05"
2025-02-19,"Wed",141,12100,0,0,32,71,"GC05"
2025-02-20,"Thu",158,12200,1,1,20,76,"GC05"
2025-02-21,"Fri",151,10700,9,1,76,72,"GC05"
2025-02-22,"Sat",221,12950,14,1,41,158,"GC05"
2025-02-23,"Sun",181,14900,1,0,21,136,"GC05"
2025-02-24,"Mon",167,12100,1,1,1,80,"GC05"
2025-02-25,"Tue",195,10900,9,1,23,90,"GC05"
2025-02-26,"Wed",128,12200,1,1,41,68,"GC05"
2025-02-27,"Thu",151,12200,1,0,37,71,"GC05"
2025-02-28,"Fri",188,11500,6,0,1,102,"GC05"
2025-03-01,"Sat",210,14800,1,0,21,140,"GC05"
2025-03-02,"Sun",230,13700,11,1,21,180,"GC05"
2025-03-03,"Mon",122,11900,1,0,55,61,"GC05"
2025-03-04,"Tue",170,11900,0,0,17,88,"GC05"
2025-03-05,"Wed",217,10000,16,1,16,108,"GC05"
2025-03-06,"Thu",188,10400,14,1,18,91,"GC05"
2025-03-07,"Fri",215,11000,9,1,27,113,"GC05"
2025-03-08,"Sat",180,14900,0,0,48,126,"GC05"
2025-03-09,"Sun",179,14350,6,0,49,122,"GC05"
2025-03-10,"Mon",206,10300,14,1,22,100,"GC05"
2025-03-11,"Tue",169,11200,4,0,39,77,"GC05"
2025-03-12,"Wed",153,11900,0,1,31,81,"GC05"
2025-03-13,"Thu",177,11500,4,0,21,85,"GC05"
2025-03-14,"Fri",205,11900,1,1,25,95,"GC05"
2025-03-15,"Sat",212,13700,9,1,37,150,"GC05"
2025-03-16,"Sun",220,14900,0,0,15,154,"GC05"
2025-03-17,"Mon",164,11600,6,0,32,76,"GC05"
2025-03-18,"Tue",179,11800,0,1,9,94,"GC05"
2025-03-19,"Wed",175,10700,9,1,31,93,"GC05"
2025-03-20,"Thu",182,11500,4,0,5,101,"GC05"
2025-03-21,"Fri",180,11200,4,0,33,95,"GC05"
2025-03-22,"Sat",223,14050,4,0,7,157,"GC05"
2025-03-23,"Sun",246,11800,19,1,22,183,"GC05"
2025-03-24,"Mon",218,10000,14,1,10,125,"GC05"
2025-03-25,"Tue",157,12200,0,0,33,80,"GC05"
2025-03-26,"Wed",204,10300,16,1,21,110,"GC05"
2025-03-27,"Thu",168,11200,4,0,27,79,"GC05"
2025-03-28,"Fri",174,11800,0,1,27,86,"GC05"
2025-03-29,"Sat",221,12550,16,1,52,157,"GC05"
2025-03-30,"Sun",213,15200,0,1,33,144,"GC05"
2025-03-31,"Mon",160,11900,1,0,25,86,"GC05"
2025-04-01,"Tue",213,11000,9,1,9,97,"GC05"
2025-04-02,"Wed",159,11900,0,1,29,92,"GC05"
2025-04-03,"Thu",169,12100,1,0,31,91,"GC05"
2025-04-04,"Fri",249,9400,20,1,20,128,"GC05"
2025-04-05,"Sat",245,14050,6,0,18,160,"GC05"
2025-04-06,"Sun",207,14900,1,0,29,146,"GC05"
2025-04-07,"Mon",195,10600,11,1,34,106,"GC05"
2025-04-08,"Tue",175,11600,4,0,24,85,"GC05"
2025-04-09,"Wed",136,11800,1,0,36,64,"GC05"
2025-04-10,"Thu",171,11900,0,0,23,84,"GC05"
2025-04-11,"Fri",209,10900,11,1,24,104,"GC05"
2025-04-12,"Sat",230,14350,4,0,24,159,"GC05"
2025-04-13,"Sun",255,11800,20,1,19,176,"GC05"
2025-04-14,"Mon",169,12200,1,0,29,89,"GC05"
2025-04-15,"Tue",165,11800,0,0,36,67,"GC05"
2025-04-16,"Wed",154,11200,4,0,43,71,"GC05"
2025-04-17,"Thu",190,10900,11,1,41,98,"GC05"
2025-04-18,"Fri",233,10900,9,1,3,116,"GC05"
2025-04-19,"Sat",225,13600,11,1,39,138,"GC05"
2025-04-20,"Sun",225,14900,0,1,11,168,"GC05"
2025-04-21,"Mon",142,12200,1,0,64,66,"GC05"
2025-04-22,"Tue",217,9400,19,1,31,105,"GC05"
2025-04-23,"Wed",138,11800,1,0,42,68,"GC05"
2025-04-24,"Thu",147,11900,1,0,41,63,"GC05"
2025-04-25,"Fri",212,10700,11,1,25,106,"GC05"
2025-04-26,"Sat",246,11900,19,1,23,194,"GC05"
2025-04-27,"Sun",225,13600,9,0,48,150,"GC05"
2025-04-28,"Mon",187,11000,11,0,28,102,"GC05"
2025-04-29,"Tue",210,10700,11,1,10,109,"GC05"
2025-04-30,"Wed",184,11900,1,0,9,80,"GC05"
2025-05-01,"Thu",215,10600,9,1,31,107,"GC05"
2025-05-02,"Fri",205,11500,6,1,27,111,"GC05"
2025-05-03,"Sat",243,14150,4,0,1,175,"GC05"
2025-05-04,"Sun",234,13600,11,1,42,145,"GC05"
2025-05-05,"Mon",184,11500,4,0,21,101,"GC05"
2025-05-06,"Tue",158,12100,0,0,46,73,"GC05"
2025-05-07,"Wed",185,11600,4,0,10,91,"GC05"
2025-05-08,"Thu",199,11300,4,0,7,100,"GC05"
2025-05-09,"Fri",190,11300,6,0,23,92,"GC05"
2025-05-10,"Sat",223,14150,4,0,26,167,"GC05"
2025-05-11,"Sun",247,13300,9,1,24,176,"GC05"
2025-05-12,"Mon",174,11800,1,0,26,85,"GC05"
2025-05-13,"Tue",178,11500,6,0,25,83,"GC05"
2025-05-14,"Wed",163,11800,1,0,28,83,"GC05"
2025-05-15,"Thu",204,10900,9,1,23,116,"GC05"
2025-05-16,"Fri",217,10600,11,0,42,94,"GC05"
2025-05-17,"Sat",221,15200,0,1,13,160,"GC05"
2025-05-18,"Sun",236,13300,11,1,46,163,"GC05"
2025-05-19,"Mon",170,11800,1,0,49,73,"GC05"
2025-05-20,"Tue",146,11900,1,0,64,59,"GC05"
2025-05-21,"Wed",178,11300,6,0,35,92,"GC05"
2025-05-22,"Thu",203,11500,4,0,2,87,"GC05"
2025-05-23,"Fri",179,11900,0,0,24,99,"GC05"
2025-05-24,"Sat",212,14800,0,0,39,143,"GC05"
2025-05-25,"Sun",228,13300,9,1,58,154,"GC05"
2025-05-26,"Mon",172,10900,11,1,51,85,"GC05"
2025-05-27,"Tue",209,10000,14,1,30,104,"GC05"
2025-05-28,"Wed",161,12100,1,0,24,79,"GC05"
2025-05-29,"Thu",177,11800,1,1,27,83,"GC05"
2025-05-30,"Fri",232,10300,14,1,15,125,"GC05"
2025-05-31,"Sat",250,13700,9,1,10,177,"GC05"
2025-06-01,"Sun",215,15200,1,0,2,138,"GC05"
2025-06-02,"Mon",150,11900,1,1,24,82,"GC05"
2025-06-03,"Tue",154,10700,9,0,34,91,"GC05"
2025-06-04,"Wed",156,10400,16,1,49,78,"GC05"
2025-06-05,"Thu",155,10600,9,1,37,81,"GC05"
2025-06-06,"Fri",203,10400,14,1,26,111,"GC05"
2025-06-07,"Sat",197,15100,1,0,22,132,"GC05"
2025-06-08,"Sun",237,14050,4,1,9,158,"GC05"
2025-06-09,"Mon",156,11900,1,0,25,83,"GC05"
2025-06-10,"Tue",209,10300,14,1,4,111,"GC05"
2025-06-11,"Wed",131,11800,1,0,49,73,"GC05"
2025-06-12,"Thu",218,9800,19,0,10,104,"GC05"
2025-06-13,"Fri",178,11800,0,0,11,77,"GC05"
2025-06-14,"Sat",212,12850,16,1,55,146,"GC05"
2025-06-15,"Sun",199,15100,0,0,21,140,"GC05"
2025-06-16,"Mon",164,11500,4,0,6,78,"GC05"
2025-06-17,"Tue",127,12100,0,1,50,72,"GC05"
2025-06-18,"Wed",141,12200,0,0,19,80,"GC05"
2025-06-19,"Thu",158,11900,1,0,2,82,"GC05"
2025-06-20,"Fri",164,11900,0,0,36,84,"GC05"
2025-06-21,"Sat",188,14800,0,0,28,125,"GC05"
2025-06-22,"Sun",181,13300,9,1,58,130,"GC05"
2025-06-23,"Mon",146,11600,4,1,29,76,"GC05"
2025-06-24,"Tue",151,11900,0,0,33,79,"GC05"
2025-06-25,"Wed",148,12100,1,0,36,83,"GC05"
2025-06-26,"Thu",185,10400,16,1,28,92,"GC05"
2025-06-27,"Fri",165,11500,4,0,23,89,"GC05"
2025-06-28,"Sat",227,14150,6,1,14,161,"GC05"
2025-06-29,"Sun",180,14450,4,1,55,128,"GC05"
2025-06-30,"Mon",175,10700,9,1,24,100,"GC05"
2025-07-01,"Tue",153,11300,4,0,47,84,"GC05"
2025-07-02,"Wed",153,11900,1,0,36,65,"GC05"
2025-07-03,"Thu",116,12100,0,0,52,52,"GC05"
2025-07-04,"Fri",170,10600,11,1,51,75,"GC05"
2025-07-05,"Sat",197,13300,9,1,47,135,"GC05"
2025-07-06,"Sun",255,12550,14,1,13,168,"GC05"
2025-07-07,"Mon",142,11300,6,0,34,66,"GC05"
2025-07-08,"Tue",159,11800,0,0,13,92,"GC05"
2025-07-09,"Wed",152,11200,4,0,37,68,"GC05"
2025-07-10,"Thu",139,12100,1,0,19,79,"GC05"
2025-07-11,"Fri",161,11200,4,0,41,88,"GC05"
2025-07-12,"Sat",207,15200,1,0,10,133,"GC05"
2025-07-13,"Sun",241,13700,11,1,12,164,"GC05"
2025-07-14,"Mon",158,11300,4,0,19,72,"GC05"
2025-07-15,"Tue",169,10600,11,1,22,85,"GC05"
2025-07-16,"Wed",129,11900,1,1,51,63,"GC05"
2025-07-17,"Thu",186,10000,14,1,14,90,"GC05"
2025-07-18,"Fri",185,12200,0,1,7,85,"GC05"
2025-07-19,"Sat",241,13400,11,1,6,162,"GC05"
2025-07-20,"Sun",214,14350,6,0,18,145,"GC05"
2025-07-21,"Mon",211,10100,16,0,9,109,"GC05"
2025-07-22,"Tue",115,12100,0,0,55,56,"GC05"
2025-07-23,"Wed",160,11500,4,0,7,80,"GC05"
2025-07-24,"Thu",191,12100,1,0,9,90,"GC05"
2025-07-25,"Fri",134,11900,1,0,67,68,"GC05"
2025-07-26,"Sat",183,15100,1,0,49,130,"GC05"
2025-07-27,"Sun",198,15200,0,0,22,125,"GC05"
2025-07-28,"Mon",141,10000,16,1,64,69,"GC05"
2025-07-29,"Tue",144,9500,20,1,57,79,"GC05"
2025-07-30,"Wed",155,10100,16,1,68,68,"GC05"
2025-07-31,"Thu",142,11800,1,0,31,71,"GC05"
2025-08-01,"Fri",192,11200,4,1,13,94,"GC05"
2025-08-02,"Sat",215,14900,1,0,20,147,"GC05"
2025-08-03,"Sun",237,13700,9,1,5,158,"GC05"
2025-08-04,"Mon",148,12200,0,1,22,67,"GC05"
2025-08-05,"Tue",154,10400,14,1,47,82,"GC05"
2025-08-06,"Wed",144,10900,11,1,52,69,"GC05"
2025-08-07,"Thu",134,12100,0,0,29,75,"GC05"
2025-08-08,"Fri",185,11800,0,1,15,101,"GC05"
2025-08-09,"Sat",208,14800,1,0,25,147,"GC05"
2025-08-10,"Sun",178,13400,9,1,56,130,"GC05"
2025-08-11,"Mon",177,10900,11,1,8,96,"GC05"
2025-08-12,"Tue",164,12200,0,1,9,81,"GC05"
2025-08-13,"Wed",151,11800,0,0,34,77,"GC05"
2025-08-14,"Thu",149,12100,1,1,28,78,"GC05"
2025-08-15,"Fri",193,10600,9,1,28,82,"GC05"
2025-08-16,"Sat",236,13300,11,1,0,161,"GC05"
2025-08-17,"Sun",163,15200,1,0,55,119,"GC05"
2025-08-18,"Mon",154,11600,4,0,44,83,"GC05"
2025-08-19,"Tue",150,11800,0,0,12,76,"GC05"
2025-08-20,"Wed",177,11300,4,0,20,80,"GC05"
2025-08-21,"Thu",150,11200,6,1,32,75,"GC05"
2025-08-22,"Fri",164,11200,4,1,40,78,"GC05"
2025-08-23,"Sat",251,11800,19,1,16,173,"GC05"
2025-08-24,"Sun",158,15100,1,0,56,116,"GC05"
2025-08-25,"Mon",144,12100,1,0,18,65,"GC05"
2025-08-26,"Tue",194,10400,16,1,22,87,"GC05"
2025-08-27,"Wed",160,11800,0,1,10,67,"GC05"
2025-08-28,"Thu",143,12200,0,0,37,67,"GC05"
2025-08-29,"Fri",222,10000,16,1,10,115,"GC05"
2025-08-30,"Sat",247,11800,19,1,9,183,"GC05"
2025-08-31,"Sun",181,15100,1,0,26,121,"GC05"
2025-09-01,"Mon",151,11000,9,1,46,68,"GC05"
2025-09-02,"Tue",184,10600,9,1,24,80,"GC05"
2025-09-03,"Wed",148,11500,6,0,32,69,"GC05"
2025-09-04,"Thu",209,10400,16,1,10,114,"GC05"
2025-09-05,"Fri",223,10400,14,1,17,114,"GC05"
2025-09-06,"Sat",188,15100,0,0,31,137,"GC05"
2025-09-07,"Sun",204,15200,0,0,16,137,"GC05"
2025-09-08,"Mon",189,10900,11,1,16,88,"GC05"
2025-09-09,"Tue",186,11000,11,1,9,109,"GC05"
2025-09-10,"Wed",151,11800,0,1,19,71,"GC05"
2025-09-11,"Thu",198,9400,20,1,24,105,"GC05"
2025-09-12,"Fri",139,11800,1,0,68,66,"GC05"
2025-09-13,"Sat",199,15100,1,0,22,129,"GC05"
2025-09-14,"Sun",205,14800,0,0,13,144,"GC05"
2025-09-15,"Mon",156,11800,1,0,18,73,"GC05"
2025-09-16,"Tue",174,11900,0,0,13,85,"GC05"
2025-09-17,"Wed",166,12100,0,1,14,86,"GC05"
2025-09-18,"Thu",105,12200,1,1,64,54,"GC05"
2025-09-19,"Fri",162,11500,4,0,35,84,"GC05"
2025-09-20,"Sat",207,14450,6,0,32,147,"GC05"
2025-09-21,"Sun",252,13600,9,1,7,194,"GC05"
2025-09-22,"Mon",163,11500,4,0,22,82,"GC05"
2025-09-23,"Tue",143,12100,1,0,22,80,"GC05"
2025-09-24,"Wed",182,11000,9,0,24,85,"GC05"
2025-09-25,"Thu",117,11300,6,1,61,62,"GC05"
2025-09-26,"Fri",183,11800,1,0,18,88,"GC05"
2025-09-27,"Sat",189,14800,1,0,23,131,"GC05"
2025-09-28,"Sun",216,12200,19,1,44,149,"GC05"
2025-09-29,"Mon",139,11200,4,0,28,68,"GC05"
2025-09-30,"Tue",135,11800,1,0,26,74,"GC05"
2025-10-01,"Wed",222,9500,19,1,5,118,"GC05"
2025-10-02,"Thu",178,11800,0,0,7,92,"GC05"
2025-10-03,"Fri",194,11300,6,0,31,96,"GC05"
2025-10-04,"Sat",192,14050,4,0,62,134,"GC05"
2025-10-05,"Sun",224,14800,1,0,2,158,"GC05"
2025-10-06,"Mon",188,10600,9,1,22,97,"GC05"
2025-10-07,"Tue",197,10400,14,1,31,105,"GC05"
2025-10-08,"Wed",183,11800,1,0,3,87,"GC05"
2025-10-09,"Thu",199,11000,11,1,16,108,"GC05"
2025-10-10,"Fri",231,10600,9,1,12,116,"GC05"
2025-10-11,"Sat",178,15100,0,0,79,125,"GC05"
2025-10-12,"Sun",241,13400,9,1,26,166,"GC05"
2025-10-13,"Mon",151,11300,6,0,31,76,"GC05"
2025-10-14,"Tue",183,10600,11,1,40,95,"GC05"
2025-10-15,"Wed",177,11500,6,0,28,92,"GC05"
2025-10-16,"Thu",177,10600,9,1,50,94,"GC05"
2025-10-17,"Fri",214,10600,11,1,21,101,"GC05"
2025-10-18,"Sat",210,14800,0,0,20,147,"GC05"
2025-10-19,"Sun",221,15200,0,1,22,142,"GC05"
2025-10-20,"Mon",169,10600,11,1,42,83,"GC05"
2025-10-21,"Tue",189,11300,4,1,23,100,"GC05"
2025-10-22,"Wed",179,11900,0,0,4,79,"GC05"
2025-10-23,"Thu",199,10300,16,1,39,98,"GC05"
2025-10-24,"Fri",178,11900,1,0,19,90,"GC05"
2025-10-25,"Sat",238,13700,9,1,15,168,"GC05"
2025-10-26,"Sun",223,13300,9,1,25,150,"GC05"
2025-10-27,"Mon",196,10700,9,1,20,102,"GC05"
2025-10-28,"Tue",183,10900,11,1,19,88,"GC05"
2025-10-29,"Wed",193,9800,19,1,33,100,"GC05"
2025-10-30,"Thu",213,10000,14,1,31,103,"GC05"
2025-10-31,"Fri",202,10600,11,1,35,105,"GC05"
2025-11-01,"Sat",212,13400,9,1,45,134,"GC05"
2025-11-02,"Sun",203,15100,0,0,28,158,"GC05"
2025-11-03,"Mon",154,11200,4,0,33,80,"GC05"
2025-11-04,"Tue",104,11800,1,0,89,48,"GC05"
2025-11-05,"Wed",191,10600,11,0,22,91,"GC05"
2025-11-06,"Thu",206,10600,9,1,31,100,"GC05"
2025-11-07,"Fri",197,10100,14,1,32,99,"GC05"
2025-11-08,"Sat",204,12850,14,1,81,130,"GC05"
2025-11-09,"Sun",204,15200,0,0,28,142,"GC05"
2025-11-10,"Mon",158,12200,0,0,38,79,"GC05"
2025-11-11,"Tue",215,10600,11,1,7,110,"GC05"
2025-11-12,"Wed",177,11300,4,0,15,95,"GC05"
2025-11-13,"Thu",164,11800,0,0,22,87,"GC05"
2025-11-14,"Fri",189,10900,11,1,64,100,"GC05"
2025-11-15,"Sat",246,12950,16,1,12,176,"GC05"
2025-11-16,"Sun",203,14450,4,0,38,146,"GC05"
2025-11-17,"Mon",175,11200,4,0,18,83,"GC05"
2025-11-18,"Tue",146,11900,1,0,31,81,"GC05"
2025-11-19,"Wed",191,10700,11,1,23,93,"GC05"
2025-11-20,"Thu",172,11600,4,0,37,88,"GC05"
2025-11-21,"Fri",164,11900,0,0,48,70,"GC05"
2025-11-22,"Sat",223,13600,9,1,16,167,"GC05"
2025-11-23,"Sun",231,14350,6,0,14,156,"GC05"
2025-11-24,"Mon",210,9800,20,1,23,104,"GC05"
2025-11-25,"Tue",222,9800,19,1,9,119,"GC05"
2025-11-26,"Wed",189,11300,4,0,10,87,"GC05"
2025-11-27,"Thu",145,11600,6,0,44,66,"GC05"
2025-11-28,"Fri",190,12100,1,0,1,90,"GC05"
2025-11-29,"Sat",249,12950,14,1,13,174,"GC05"
2025-11-30,"Sun",155,15200,1,0,68,108,"GC05"
2025-12-01,"Mon",145,12200,1,0,19,83,"GC05"
2025-12-02,"Tue",219,9400,20,1,14,99,"GC05"
2025-12-03,"Wed",159,12100,1,0,14,81,"GC05"
2025-12-04,"Thu",169,11900,1,0,8,83,"GC05"
2025-12-05,"Fri",172,11000,9,1,44,87,"GC05"
2025-12-06,"Sat",231,12550,16,1,31,159,"GC05"
2025-12-07,"Sun",253,13400,11,1,12,168,"GC05"
2025-12-08,"Mon",159,11600,4,0,24,66,"GC05"
2025-12-09,"Tue",143,12100,0,0,52,66,"GC05"
2025-12-10,"Wed",152,12200,1,0,14,85,"GC05"
2025-12-11,"Thu",151,12100,1,0,30,68,"GC05"
2025-12-12,"Fri",216,9800,19,1,31,99,"GC05"
2025-12-13,"Sat",218,14050,6,1,20,153,"GC05"
2025-12-14,"Sun",217,14450,4,0,6,152,"GC05"
2025-12-15,"Mon",149,11200,4,0,15,76,"GC05"
2025-12-16,"Tue",180,11000,9,1,16,88,"GC05"
2025-12-17,"Wed",152,10100,14,1,45,80,"GC05"
2025-12-18,"Thu",147,12100,0,0,26,74,"GC05"
2025-12-19,"Fri",199,11000,11,1,21,99,"GC05"
2025-12-20,"Sat",206,14900,0,0,13,137,"GC05"
2025-12-21,"Sun",234,12550,16,1,22,182,"GC05"
2025-12-22,"Mon",117,11600,4,0,60,57,"GC05"
2025-12-23,"Tue",194,10400,14,1,21,98,"GC05"
2025-12-24,"Wed",202,10700,11,1,1,100,"GC05"
2025-12-25,"Thu",147,11800,1,0,19,73,"GC05"
2025-12-26,"Fri",165,11900,1,0,15,82,"GC05"
2025-12-27,"Sat",217,13400,9,1,21,170,"GC05"
2025-12-28,"Sun",206,14800,0,1,20,146,"GC05"
2025-12-29,"Mon",153,11300,4,0,36,81,"GC05"
2025-12-30,"Tue",139,12100,0,1,26,73,"GC05"
2025-12-31,"Wed",140,11900,1,0,35,66,"GC05"
2026-01-01,"Thu",152,12100,1,1,30,74,"GC05"
2026-01-02,"Fri",169,11500,4,0,33,83,"GC05"
2026-01-03,"Sat",202,15100,0,0,16,156,"GC05"
2026-01-04,"Sun",225,13400,11,1,22,159,"GC05"
2026-01-05,"Mon",151,10000,14,1,59,74,"GC05"
2026-01-06,"Tue",174,10100,16,1,21,97,"GC05"
2026-01-07,"Wed",170,10000,14,1,54,84,"GC05"
2026-01-08,"Thu",202,10000,14,1,9,107,"GC05"
2026-01-09,"Fri",193,11200,6,0,7,96,"GC05"
2026-01-10,"Sat",198,14050,4,0,27,131,"GC05"
2026-01-11,"Sun",196,14450,6,0,31,143,"GC05"
2026-01-12,"Mon",135,12100,0,0,47,69,"GC05"
2026-01-13,"Tue",164,11800,1,0,8,80,"GC05"
2026-01-14,"Wed",161,12100,0,0,6,75,"GC05"
2026-01-15,"Thu",156,11900,1,0,16,77,"GC05"
2026-01-16,"Fri",187,10700,11,0,39,97,"GC05"
2026-01-17,"Sat",244,13300,9,1,12,168,"GC05"
2026-01-18,"Sun",168,15200,1,0,51,120,"GC05"
2026-01-19,"Mon",184,10900,11,1,20,95,"GC05"
2026-01-20,"Tue",159,11900,0,0,28,80,"GC05"
2026-01-21,"Wed",218,10000,14,1,18,98,"GC05"
2026-01-22,"Thu",173,11500,6,0,21,88,"GC05"
2026-01-23,"Fri",184,11500,4,0,5,100,"GC05"
2026-01-24,"Sat",179,14900,0,0,45,126,"GC05"
2026-01-25,"Sun",203,14900,0,1,24,137,"GC05"
2026-01-26,"Mon",171,10900,11,1,20,97,"GC05"
2026-01-27,"Tue",190,11000,11,1,19,91,"GC05"
2026-01-28,"Wed",155,12100,0,0,25,84,"GC05"
2026-01-29,"Thu",138,12100,0,0,45,64,"GC05"
2026-01-30,"Fri",192,10000,16,1,44,99,"GC05"
2026-01-31,"Sat",215,13400,11,1,41,144,"GC05"
2026-02-01,"Sun",205,14800,1,0,15,144,"GC05"
2026-02-02,"Mon",166,12200,0,0,1,78,"GC05"
2026-02-03,"Tue",145,11800,1,1,30,76,"GC05"
2026-02-04,"Wed",199,10000,14,1,25,87,"GC05"
2026-02-05,"Thu",175,10600,9,1,25,90,"GC05"
2026-02-06,"Fri",176,10600,11,1,40,77,"GC05"
2026-02-07,"Sat",227,14350,6,0,13,155,"GC05"
2026-02-08,"Sun",217,14150,6,1,22,156,"GC05"
2026-02-09,"Mon",197,11000,9,1,9,105,"GC05"
2026-02-10,"Tue",192,10700,9,1,9,90,"GC05"
2026-02-11,"Wed",138,12100,1,0,16,63,"GC05"
2026-02-12,"Thu",155,11200,4,1,30,80,"GC05"
2026-02-13,"Fri",177,12200,0,0,12,85,"GC05"
2026-02-14,"Sat",196,14800,0,0,21,134,"GC05"
2026-02-15,"Sun",164,15200,1,0,49,115,"GC05"
2026-02-16,"Mon",148,12100,0,0,37,71,"GC05"
2026-02-17,"Tue",143,11800,0,0,25,72,"GC05"
2026-02-18,"Wed",156,12100,0,1,12,82,"GC05"
2026-02-19,"Thu",156,11600,6,0,19,71,"GC05"
2026-02-20,"Fri",135,11900,1,0,69,66,"GC05"
2026-02-21,"Sat",234,12850,16,1,27,158,"GC05"
2026-02-22,"Sun",201,15200,0,1,7,150,"GC05"
2026-02-23,"Mon",147,12200,0,0,6,80,"GC05"
2026-02-24,"Tue",161,11800,0,0,15,73,"GC05"
2026-02-25,"Wed",167,11600,6,0,20,81,"GC05"
2026-02-26,"Thu",132,11300,4,0,53,66,"GC05"
2026-02-27,"Fri",169,11800,1,1,13,81,"GC05"
2026-02-28,"Sat",187,15100,0,0,28,137,"GC05"
2026-03-01,"Sun",205,15200,0,0,35,140,"GC05"
2026-03-02,"Mon",153,11200,4,0,44,67,"GC05"
2026-03-03,"Tue",147,11800,0,1,20,79,"GC05"
2026-03-04,"Wed",178,10700,9,1,18,77,"GC05"
2026-03-05,"Thu",173,11200,4,1,16,89,"GC05"
2026-03-06,"Fri",157,11600,6,0,44,82,"GC05"
2026-03-07,"Sat",187,14800,1,0,60,126,"GC05"
2026-03-08,"Sun",254,13400,9,1,11,174,"GC05"
2026-03-09,"Mon",163,10700,11,1,40,82,"GC05"
2026-03-10,"Tue",139,11900,0,0,54,72,"GC05"
2026-03-11,"Wed",162,12200,0,1,23,89,"GC05"
2026-03-12,"Thu",180,11600,4,0,21,91,"GC05"
2026-03-13,"Fri",188,11800,1,0,36,93,"GC05"
2026-03-14,"Sat",234,12550,14,0,31,174,"GC05"
2026-03-15,"Sun",222,14800,1,0,14,141,"GC05"
2026-03-16,"Mon",185,11300,6,1,45,99,"GC05"
2026-03-17,"Tue",199,10100,16,1,37,90,"GC05"
2026-03-18,"Wed",161,12100,1,0,9,84,"GC05"
2026-03-19,"Thu",177,11300,6,0,23,91,"GC05"
2026-03-20,"Fri",213,11000,9,1,22,109,"GC05"
2026-03-21,"Sat",207,14050,4,0,40,138,"GC05"
2026-03-22,"Sun",229,14900,0,1,17,154,"GC05"
2026-03-23,"Mon",183,12100,1,0,10,94,"GC05"
2026-03-24,"Tue",157,11900,0,0,23,81,"GC05"
2026-03-25,"Wed",156,12100,1,0,25,83,"GC05"
2026-03-26,"Thu",185,10900,9,1,34,95,"GC05"
2026-03-27,"Fri",181,11800,0,0,18,92,"GC05"
2026-03-28,"Sat",218,14900,0,0,12,148,"GC05"
2026-03-29,"Sun",184,14800,0,0,38,131,"GC05"
2026-03-30,"Mon",157,11900,0,1,35,80,"GC05"
2026-03-31,"Tue",187,10700,11,1,32,97,"GC05"
2026-04-01,"Wed",183,10100,14,1,56,98,"GC05"
2026-04-02,"Thu",198,10900,9,1,23,88,"GC05"
2026-04-03,"Fri",165,12200,1,0,55,90,"GC05"
2026-04-04,"Sat",223,14800,1,1,10,158,"GC05"
2026-04-05,"Sun",238,14350,4,0,9,164,"GC05"
2026-04-06,"Mon",157,11800,1,0,14,76,"GC05"
2026-04-07,"Tue",150,11800,0,0,58,71,"GC05"
2026-04-08,"Wed",170,11800,1,1,16,83,"GC05"
2026-04-09,"Thu",182,11800,0,0,0,85,"GC05"
2026-04-10,"Fri",199,10600,11,0,36,99,"GC05"
2026-04-11,"Sat",218,15100,1,0,18,152,"GC05"
2026-04-12,"Sun",175,15200,0,0,44,120,"GC05"
2026-04-13,"Mon",218,10000,16,1,10,115,"GC05"
2026-04-14,"Tue",184,11800,0,0,12,93,"GC05"
2026-04-15,"Wed",163,11300,6,0,59,84,"GC05"
2026-04-16,"Thu",224,10700,11,1,0,119,"GC05"
2026-04-17,"Fri",215,11800,0,0,16,108,"GC05"
2026-04-18,"Sat",255,12550,14,1,4,179,"GC05"
2026-04-19,"Sun",249,12650,14,1,11,180,"GC05"
2026-04-20,"Mon",177,11500,4,1,32,93,"GC05"
2026-04-21,"Tue",191,10000,16,1,30,93,"GC05"
2026-04-22,"Wed",173,11500,6,1,35,94,"GC05"
2026-04-23,"Thu",146,11600,6,0,40,69,"GC05"
2026-04-24,"Fri",220,10300,16,0,35,116,"GC05"
2026-04-25,"Sat",228,15200,0,0,8,162,"GC05"
2026-04-26,"Sun",206,14800,1,0,21,146,"GC05"
2026-04-27,"Mon",177,11800,0,0,16,91,"GC05"
2026-04-28,"Tue",202,10600,9,1,10,99,"GC05"
2026-04-29,"Wed",166,11800,1,0,33,82,"GC05"
2026-04-30,"Thu",172,11900,0,0,16,85,"GC05"
2026-05-01,"Fri",198,11300,4,1,22,92,"GC05"
2026-05-02,"Sat",233,14800,1,1,5,165,"GC05"
2026-05-03,"Sun",194,14900,1,0,49,135,"GC05"
2026-05-04,"Mon",169,11800,1,0,27,93,"GC05"
2026-05-05,"Tue",172,11900,0,0,27,89,"GC05"
2026-05-06,"Wed",136,11800,0,0,35,71,"GC05"
2026-05-07,"Thu",181,12100,0,0,11,89,"GC05"
2026-05-08,"Fri",208,10100,16,1,49,100,"GC05"
2026-05-09,"Sat",227,15100,1,0,16,165,"GC05"
2026-05-10,"Sun",228,14350,6,0,13,170,"GC05"
2026-05-11,"Mon",201,11000,9,1,23,94,"GC05"
2026-05-12,"Tue",203,10600,9,1,13,105,"GC05"
2026-05-13,"Wed",232,10100,16,1,13,108,"GC05"
2026-05-14,"Thu",174,12200,1,0,28,86,"GC05"
2026-05-15,"Fri",206,11600,4,1,18,109,"GC05"
2026-05-16,"Sat",254,13300,9,1,9,174,"GC05"
2026-05-17,"Sun",215,13300,11,0,40,153,"GC05"
2026-05-18,"Mon",159,11500,6,0,41,90,"GC05"
2026-05-19,"Tue",181,11600,4,0,23,85,"GC05"
2026-05-20,"Wed",200,10000,14,1,28,91,"GC05"
2026-05-21,"Thu",227,9700,19,1,7,100,"GC05"
2026-05-22,"Fri",204,11900,1,0,33,103,"GC05"
2026-05-23,"Sat",189,14800,1,0,42,118,"GC05"
2026-05-24,"Sun",245,12550,16,1,29,170,"GC05"
2026-05-25,"Mon",207,9500,19,1,30,90,"GC05"
2026-05-26,"Tue",165,12200,0,0,43,81,"GC05"
2026-05-27,"Wed",161,11300,4,0,53,84,"GC05"
2026-05-28,"Thu",214,10700,9,0,12,100,"GC05"
2026-05-29,"Fri",170,12200,0,0,53,77,"GC05"
2026-05-30,"Sat",228,14900,0,0,22,163,"GC05"
2026-05-31,"Sun",192,15100,1,0,39,141,"GC05"
2026-06-01,"Mon",151,11900,1,0,9,77,"GC05"
2026-06-02,"Tue",171,10900,9,1,32,81,"GC05"
2026-06-03,"Wed",147,12100,1,1,34,75,"GC05"
2026-06-04,"Thu",162,10700,11,1,34,79,"GC05"
2026-06-05,"Fri",182,10400,14,1,40,90,"GC05"
2026-06-06,"Sat",176,14350,4,0,39,115,"GC05"
2026-06-07,"Sun",208,14800,0,0,10,141,"GC05"
2026-06-08,"Mon",192,10000,14,1,17,104,"GC05"
2026-06-09,"Tue",141,11800,0,1,28,80,"GC05"
2026-06-10,"Wed",165,11000,9,1,40,91,"GC05"
2026-06-11,"Thu",146,11200,4,0,24,75,"GC05"
2026-06-12,"Fri",168,12200,1,0,26,79,"GC05"
2026-06-13,"Sat",190,14350,6,0,42,134,"GC05"
2026-06-14,"Sun",246,12950,16,1,20,174,"GC05"
2026-06-15,"Mon",157,11800,1,0,19,80,"GC05"
2026-06-16,"Tue",181,10700,11,1,1,85,"GC05"
2026-06-17,"Wed",157,11600,6,0,25,83,"GC05"
2026-06-18,"Thu",178,11900,0,1,8,91,"GC05"
2026-06-19,"Fri",173,12100,0,0,10,76,"GC05"
2026-06-20,"Sat",218,12950,14,1,41,161,"GC05"
2026-06-21,"Sun",211,14050,6,0,24,144,"GC05"
2026-06-22,"Mon",173,11800,1,0,10,84,"GC05"
2026-06-23,"Tue",191,11500,6,0,0,96,"GC05"
2026-06-24,"Wed",128,12200,1,0,49,68,"GC05"
2026-06-25,"Thu",175,10400,16,1,28,94,"GC05"
2026-06-26,"Fri",203,10600,11,1,17,97,"GC05"
2026-06-27,"Sat",184,15100,1,0,24,136,"GC05"
2026-06-28,"Sun",244,12650,14,1,0,170,"GC05"
2026-06-29,"Mon",154,12100,1,0,30,76,"GC05"
2026-06-30,"Tue",165,10000,16,1,42,93,"GC05"
2026-07-01,"Wed",156,11900,1,1,24,76,"GC05"
2026-07-02,"Thu",128,11900,1,0,43,68,"GC05"
2026-07-03,"Fri",182,12100,1,0,20,91,"GC05"
2026-07-04,"Sat",252,11900,20,1,6,172,"GC05"
2026-07-05,"Sun",235,13700,11,1,19,156,"GC05"
2026-07-06,"Mon",139,11200,6,1,39,67,"GC05"
2026-07-07,"Tue",170,11000,11,1,29,80,"GC05"
2026-07-08,"Wed",123,11900,0,1,59,61,"GC05"
2026-07-09,"Thu",155,11900,0,0,25,76,"GC05"
2026-07-10,"Fri",208,11300,6,1,6,107,"GC05"
2026-07-11,"Sat",199,15100,0,0,28,135,"GC05"
2026-07-12,"Sun",192,14900,1,0,28,146,"GC05"
2026-07-13,"Mon",166,12100,0,0,0,80,"GC05"
2026-07-14,"Tue",127,12200,0,0,36,65,"GC05"
2026-07-15,"Wed",175,11900,1,0,8,83,"GC05"
2026-07-16,"Thu",170,11800,1,0,11,77,"GC05"
2026-07-17,"Fri",181,12200,0,0,2,94,"GC05"
2026-07-18,"Sat",193,15100,0,1,34,137,"GC05"
2026-07-19,"Sun",194,12650,16,1,66,133,"GC05"
2026-07-20,"Mon",171,10900,9,1,30,76,"GC05"
2026-07-21,"Tue",121,11800,0,0,47,64,"GC05"
2026-07-22,"Wed",161,9400,19,1,51,88,"GC05"
2026-07-23,"Thu",173,10000,14,1,18,94,"GC05"
2026-07-24,"Fri",192,11300,4,0,4,94,"GC05"
2026-07-25,"Sat",253,13700,11,1,9,181,"GC05"
2026-07-26,"Sun",212,13700,9,1,34,147,"GC05"
2026-07-27,"Mon",136,11900,0,0,46,71,"GC05"
2026-07-28,"Tue",131,12200,1,0,21,62,"GC05"
2026-07-29,"Wed",162,10300,14,1,47,91,"GC05"
2026-07-30,"Thu",185,9500,19,1,36,93,"GC05"
2026-07-31,"Fri",183,11300,6,0,30,82,"GC05"
2026-08-01,"Sat",167,15100,0,0,55,122,"GC05"
2026-08-02,"Sun",159,15100,1,0,55,115,"GC05"
2026-08-03,"Mon",132,12200,1,0,29,67,"GC05"
2026-08-04,"Tue",159,11200,4,0,21,76,"GC05"
2026-08-05,"Wed",153,11900,1,0,10,80,"GC05"
2026-08-06,"Thu",134,11900,0,0,25,65,"GC05"
2026-08-07,"Fri",211,10900,11,0,8,110,"GC05"
2026-08-08,"Sat",185,15200,0,0,25,130,"GC05"
2026-08-09,"Sun",200,13700,9,1,35,127,"GC05"
2026-08-10,"Mon",143,11500,4,0,41,79,"GC05"
2026-08-11,"Tue",149,11800,1,0,17,79,"GC05"
2026-08-12,"Wed",140,11900,0,0,26,74,"GC05"
2026-08-13,"Thu",115,12200,0,0,48,62,"GC05"
2026-08-14,"Fri",146,12200,1,0,52,78,"GC05"
2026-08-15,"Sat",196,14800,0,0,31,132,"GC05"
2026-08-16,"Sun",210,15200,0,1,9,151,"GC05"
2026-08-17,"Mon",144,12200,0,0,35,77,"GC05"
2026-08-18,"Tue",148,11900,1,0,19,77,"GC05"
2026-08-19,"Wed",119,12100,1,0,52,57,"GC05"
2026-08-20,"Thu",174,11900,0,0,1,92,"GC05"
2026-08-21,"Fri",241,10300,14,1,9,105,"GC05"
2026-08-22,"Sat",203,14900,1,0,22,137,"GC05"
2026-08-23,"Sun",151,15100,0,0,63,106,"GC05"
2026-08-24,"Mon",158,12200,1,0,24,77,"GC05"
2026-08-25,"Tue",123,12200,1,0,35,62,"GC05"
2026-08-26,"Wed",146,11800,1,0,24,83,"GC05"
2026-08-27,"Thu",132,12200,1,1,42,66,"GC05"
2026-08-28,"Fri",205,10700,11,1,19,110,"GC05"
2026-08-29,"Sat",185,15100,0,0,15,128,"GC05"
2026-08-30,"Sun",182,15200,0,0,34,122,"GC05"
2026-08-31,"Mon",124,12100,1,0,42,71,"GC05"
2026-09-01,"Tue",,10600,9,1,17,97,"GC05"
2026-09-02,"Wed",,10700,9,1,33,73,"GC05"
2026-09-03,"Thu",,10700,11,1,21,99,"GC05"
2026-09-04,"Fri",,12200,1,0,50,75,"GC05"
2026-09-05,"Sat",,14800,0,0,18,128,"GC05"
2026-09-06,"Sun",,15200,1,0,54,116,"GC05"
2026-09-07,"Mon",,10400,14,1,55,85,"GC05"
2026-09-08,"Tue",,10000,14,1,39,76,"GC05"
2026-09-09,"Wed",,12200,1,0,25,73,"GC05"
2026-09-10,"Thu",,12200,1,0,53,63,"GC05"
2026-09-11,"Fri",,12200,0,0,48,70,"GC05"
2026-09-12,"Sat",,11900,20,1,13,163,"GC05"
2026-09-13,"Sun",,12650,14,1,12,181,"GC05"
2026-09-14,"Mon",,11300,4,1,4,94,"GC05"
2026-09-15,"Tue",,12100,1,0,14,80,"GC05"
2026-09-16,"Wed",,11200,6,1,51,78,"GC05"
2026-09-17,"Thu",,11800,1,0,42,81,"GC05"
2026-09-18,"Fri",,11500,6,0,11,83,"GC05"
2026-09-19,"Sat",,15100,1,0,47,113,"GC05"
2026-09-20,"Sun",,12550,14,1,9,177,"GC05"
2026-09-21,"Mon",,10700,9,0,21,77,"GC05"
2026-09-22,"Tue",,12100,0,0,28,78,"GC05"
2026-09-23,"Wed",,11800,0,0,66,48,"GC05"
2026-09-24,"Thu",,11900,1,0,24,78,"GC05"
2026-09-25,"Fri",,10900,11,1,18,98,"GC05"
2026-09-26,"Sat",,14900,1,0,26,137,"GC05"
2026-09-27,"Sun",,11900,19,1,11,177,"GC05"
2026-09-28,"Mon",,10300,14,1,52,76,"GC05"
2026-09-29,"Tue",,9500,19,1,5,113,"GC05"
2026-09-30,"Wed",,10600,9,0,1,97,"GC05"
2023-09-01,"Fri",205,9400,19,1,28,111,"GC06"
2023-09-02,"Sat",204,14800,1,0,13,147,"GC06"
2023-09-03,"Sun",210,14450,6,0,21,147,"GC06"
2023-09-04,"Mon",217,10300,16,1,5,112,"GC06"
2023-09-05,"Tue",168,11300,6,0,19,90,"GC06"
2023-09-06,"Wed",195,9500,19,1,29,108,"GC06"
2023-09-07,"Thu",177,11000,9,0,27,90,"GC06"
2023-09-08,"Fri",184,11200,4,1,9,104,"GC06"
2023-09-09,"Sat",207,15200,1,0,0,145,"GC06"
2023-09-10,"Sun",196,15100,1,0,11,146,"GC06"
2023-09-11,"Mon",162,12100,0,0,5,94,"GC06"
2023-09-12,"Tue",127,11500,6,1,65,60,"GC06"
2023-09-13,"Wed",188,10600,11,1,12,99,"GC06"
2023-09-14,"Thu",171,10400,16,1,49,89,"GC06"
2023-09-15,"Fri",152,12200,1,0,35,82,"GC06"
2023-09-16,"Sat",183,14350,4,0,44,126,"GC06"
2023-09-17,"Sun",204,13700,9,1,42,138,"GC06"
2023-09-18,"Mon",147,12100,1,1,30,61,"GC06"
2023-09-19,"Tue",156,12200,1,0,8,77,"GC06"
2023-09-20,"Wed",137,11800,0,0,10,66,"GC06"
2023-09-21,"Thu",156,12200,0,0,21,66,"GC06"
2023-09-22,"Fri",221,9800,19,1,21,108,"GC06"
2023-09-23,"Sat",214,12550,14,1,44,154,"GC06"
2023-09-24,"Sun",183,14150,4,0,48,133,"GC06"
2023-09-25,"Mon",158,10400,16,1,50,85,"GC06"
2023-09-26,"Tue",145,11800,0,0,25,79,"GC06"
2023-09-27,"Wed",165,12100,1,1,6,91,"GC06"
2023-09-28,"Thu",142,12200,1,1,42,71,"GC06"
2023-09-29,"Fri",185,11600,4,1,26,90,"GC06"
2023-09-30,"Sat",194,15200,1,0,11,142,"GC06"
2023-10-01,"Sun",251,12950,16,0,32,187,"GC06"
2023-10-02,"Mon",139,11900,0,1,45,75,"GC06"
2023-10-03,"Tue",227,10300,14,1,1,116,"GC06"
2023-10-04,"Wed",183,11800,1,1,27,93,"GC06"
2023-10-05,"Thu",197,10900,9,1,6,94,"GC06"
2023-10-06,"Fri",228,10100,14,1,17,123,"GC06"
2023-10-07,"Sat",232,13700,9,1,42,157,"GC06"
2023-10-08,"Sun",225,14900,1,1,5,151,"GC06"
2023-10-09,"Mon",183,12200,1,1,23,84,"GC06"
2023-10-10,"Tue",195,9500,19,1,52,100,"GC06"
2023-10-11,"Wed",217,10900,9,1,11,100,"GC06"
2023-10-12,"Thu",153,11800,1,0,33,82,"GC06"
2023-10-13,"Fri",198,11000,11,1,19,96,"GC06"
2023-10-14,"Sat",229,15200,1,0,9,162,"GC06"
2023-10-15,"Sun",235,12550,14,1,25,155,"GC06"
2023-10-16,"Mon",162,11800,0,0,25,78,"GC06"
2023-10-17,"Tue",170,11800,1,0,5,85,"GC06"
2023-10-18,"Wed",216,11000,11,1,16,128,"GC06"
2023-10-19,"Thu",224,10600,9,1,11,115,"GC06"
2023-10-20,"Fri",201,11600,6,0,16,104,"GC06"
2023-10-21,"Sat",198,14800,0,0,49,142,"GC06"
2023-10-22,"Sun",252,13600,11,1,14,165,"GC06"
2023-10-23,"Mon",202,10600,9,1,15,91,"GC06"
2023-10-24,"Tue",186,11600,4,0,34,89,"GC06"
2023-10-25,"Wed",201,9700,20,1,27,110,"GC06"
2023-10-26,"Thu",180,11600,4,0,37,89,"GC06"
2023-10-27,"Fri",227,10400,16,1,25,107,"GC06"
2023-10-28,"Sat",237,13300,11,1,26,177,"GC06"
2023-10-29,"Sun",202,15200,1,0,17,128,"GC06"
2023-10-30,"Mon",155,11200,6,0,53,67,"GC06"
2023-10-31,"Tue",170,12100,1,0,21,86,"GC06"
2023-11-01,"Wed",151,12200,0,0,18,75,"GC06"
2023-11-02,"Thu",123,11900,1,0,48,73,"GC06"
2023-11-03,"Fri",212,10300,14,1,27,107,"GC06"
2023-11-04,"Sat",246,12650,16,1,7,168,"GC06"
2023-11-05,"Sun",212,14350,6,0,38,144,"GC06"
2023-11-06,"Mon",163,11000,9,1,42,79,"GC06"
2023-11-07,"Tue",199,11000,9,1,15,100,"GC06"
2023-11-08,"Wed",181,11000,11,0,41,90,"GC06"
2023-11-09,"Thu",146,11800,0,0,26,70,"GC06"
2023-11-10,"Fri",211,10300,14,1,22,106,"GC06"
2023-11-11,"Sat",193,14900,0,1,57,136,"GC06"
2023-11-12,"Sun",216,14450,6,0,20,153,"GC06"
2023-11-13,"Mon",200,11000,9,1,16,94,"GC06"
2023-11-14,"Tue",188,11300,6,1,23,96,"GC06"
2023-11-15,"Wed",209,11000,9,1,5,109,"GC06"
2023-11-16,"Thu",189,10900,11,1,25,82,"GC06"
2023-11-17,"Fri",224,10700,9,1,9,109,"GC06"
2023-11-18,"Sat",220,14900,1,0,11,154,"GC06"
2023-11-19,"Sun",179,15200,0,0,48,132,"GC06"
2023-11-20,"Mon",168,11000,11,1,53,87,"GC06"
2023-11-21,"Tue",180,11900,1,0,4,96,"GC06"
2023-11-22,"Wed",148,12100,0,0,34,80,"GC06"
2023-11-23,"Thu",174,11900,1,0,14,85,"GC06"
2023-11-24,"Fri",167,11900,0,0,23,82,"GC06"
2023-11-25,"Sat",197,15100,0,1,40,134,"GC06"
2023-11-26,"Sun",212,12650,14,1,50,144,"GC06"
2023-11-27,"Mon",179,12200,0,0,3,81,"GC06"
2023-11-28,"Tue",178,11600,4,0,8,97,"GC06"
2023-11-29,"Wed",162,11800,1,0,15,83,"GC06"
2023-11-30,"Thu",163,10700,11,1,46,80,"GC06"
2023-12-01,"Fri",129,12200,0,0,49,59,"GC06"
2023-12-02,"Sat",208,15100,1,0,12,148,"GC06"
2023-12-03,"Sun",197,14900,1,1,26,138,"GC06"
2023-12-04,"Mon",128,11600,4,0,48,54,"GC06"
2023-12-05,"Tue",149,11300,4,0,36,72,"GC06"
2023-12-06,"Wed",192,10300,14,1,24,88,"GC06"
2023-12-07,"Thu",175,10100,16,1,35,93,"GC06"
2023-12-08,"Fri",168,11900,1,0,15,86,"GC06"
2023-12-09,"Sat",199,14900,1,0,20,139,"GC06"
2023-12-10,"Sun",163,14900,0,0,40,114,"GC06"
2023-12-11,"Mon",155,11600,4,1,49,80,"GC06"
2023-12-12,"Tue",166,11500,4,0,5,94,"GC06"
2023-12-13,"Wed",182,9400,19,1,47,91,"GC06"
2023-12-14,"Thu",183,11300,4,0,11,91,"GC06"
2023-12-15,"Fri",189,10700,9,1,21,91,"GC06"
2023-12-16,"Sat",235,12650,16,1,25,168,"GC06"
2023-12-17,"Sun",187,14900,1,0,19,136,"GC06"
2023-12-18,"Mon",144,12200,1,0,35,66,"GC06"
2023-12-19,"Tue",174,12200,1,0,19,88,"GC06"
2023-12-20,"Wed",129,12200,1,0,58,62,"GC06"
2023-12-21,"Thu",211,10100,14,1,8,99,"GC06"
2023-12-22,"Fri",199,10700,9,1,7,100,"GC06"
2023-12-23,"Sat",211,15100,1,0,3,157,"GC06"
2023-12-24,"Sun",202,13600,9,1,48,142,"GC06"
2023-12-25,"Mon",131,11300,4,0,42,73,"GC06"
2023-12-26,"Tue",147,12200,1,0,27,65,"GC06"
2023-12-27,"Wed",122,11300,4,1,73,67,"GC06"
2023-12-28,"Thu",201,9700,19,1,15,100,"GC06"
2023-12-29,"Fri",150,11800,0,0,52,70,"GC06"
2023-12-30,"Sat",216,14050,4,1,3,151,"GC06"
2023-12-31,"Sun",210,14450,4,0,9,144,"GC06"
2024-01-01,"Mon",148,11500,4,0,38,68,"GC06"
2024-01-02,"Tue",132,11800,1,0,45,71,"GC06"
2024-01-03,"Wed",183,11000,11,1,20,86,"GC06"
2024-01-04,"Thu",169,9700,19,1,53,86,"GC06"
2024-01-05,"Fri",202,12200,0,0,2,104,"GC06"
2024-01-06,"Sat",223,13700,9,1,14,154,"GC06"
2024-01-07,"Sun",188,15100,0,1,43,133,"GC06"
2024-01-08,"Mon",168,11300,4,0,2,89,"GC06"
2024-01-09,"Tue",163,11600,6,0,24,82,"GC06"
2024-01-10,"Wed",141,12100,0,0,26,69,"GC06"
2024-01-11,"Thu",139,11800,0,0,31,64,"GC06"
2024-01-12,"Fri",180,12200,1,0,10,86,"GC06"
2024-01-13,"Sat",202,13300,11,1,28,135,"GC06"
2024-01-14,"Sun",207,14800,1,0,17,145,"GC06"
2024-01-15,"Mon",182,10900,9,1,7,92,"GC06"
2024-01-16,"Tue",180,10400,14,1,46,86,"GC06"
2024-01-17,"Wed",170,11900,0,0,13,84,"GC06"
2024-01-18,"Thu",127,12100,0,0,35,55,"GC06"
2024-01-19,"Fri",176,11000,11,1,48,95,"GC06"
2024-01-20,"Sat",201,14350,4,1,47,140,"GC06"
2024-01-21,"Sun",190,15100,1,0,14,134,"GC06"
2024-01-22,"Mon",189,10900,9,1,23,95,"GC06"
2024-01-23,"Tue",101,11900,0,0,70,53,"GC06"
2024-01-24,"Wed",150,11800,0,0,18,65,"GC06"
2024-01-25,"Thu",138,11500,4,0,23,66,"GC06"
2024-01-26,"Fri",188,11000,9,1,33,100,"GC06"
2024-01-27,"Sat",192,14450,4,0,35,136,"GC06"
2024-01-28,"Sun",250,12550,16,1,19,175,"GC06"
2024-01-29,"Mon",164,11300,6,0,35,67,"GC06"
2024-01-30,"Tue",169,11900,0,0,8,74,"GC06"
2024-01-31,"Wed",149,12100,1,1,27,73,"GC06"
2024-02-01,"Thu",173,10300,16,1,39,86,"GC06"
2024-02-02,"Fri",196,10600,11,1,44,91,"GC06"
2024-02-03,"Sat",200,14350,6,0,23,140,"GC06"
2024-02-04,"Sun",183,14150,4,1,48,131,"GC06"
2024-02-05,"Mon",182,10900,9,1,11,90,"GC06"
2024-02-06,"Tue",135,11900,0,0,36,68,"GC06"
2024-02-07,"Wed",123,11800,0,1,42,60,"GC06"
2024-02-08,"Thu",159,11800,1,0,16,68,"GC06"
2024-02-09,"Fri",168,11600,4,0,38,83,"GC06"
2024-02-10,"Sat",210,12550,14,1,48,143,"GC06"
2024-02-11,"Sun",200,14900,1,0,14,145,"GC06"
2024-02-12,"Mon",168,10600,11,1,46,87,"GC06"
2024-02-13,"Tue",153,11900,1,1,16,77,"GC06"
2024-02-14,"Wed",150,11900,0,0,18,81,"GC06"
2024-02-15,"Thu",173,11200,4,1,12,84,"GC06"
2024-02-16,"Fri",218,10000,14,1,7,113,"GC06"
2024-02-17,"Sat",183,14900,1,0,27,124,"GC06"
2024-02-18,"Sun",215,14150,6,0,14,152,"GC06"
2024-02-19,"Mon",194,11000,11,1,21,97,"GC06"
2024-02-20,"Tue",172,11800,0,0,7,84,"GC06"
2024-02-21,"Wed",187,11000,11,1,1,100,"GC06"
2024-02-22,"Thu",137,11200,6,0,42,71,"GC06"
2024-02-23,"Fri",131,11900,0,0,50,59,"GC06"
2024-02-24,"Sat",220,14350,4,0,7,151,"GC06"
2024-02-25,"Sun",231,13600,11,0,19,168,"GC06"
2024-02-26,"Mon",176,11300,4,0,2,83,"GC06"
2024-02-27,"Tue",191,10100,14,1,26,93,"GC06"
2024-02-28,"Wed",161,12100,1,1,10,84,"GC06"
2024-02-29,"Thu",160,10600,11,1,38,79,"GC06"
2024-03-01,"Fri",207,10900,11,1,8,101,"GC06"
2024-03-02,"Sat",213,14800,1,0,23,146,"GC06"
2024-03-03,"Sun",254,12100,19,1,1,175,"GC06"
2024-03-04,"Mon",176,11800,0,0,3,87,"GC06"
2024-03-05,"Tue",185,12200,0,0,13,98,"GC06"
2024-03-06,"Wed",157,11800,0,1,24,77,"GC06"
2024-03-07,"Thu",146,12100,1,0,40,56,"GC06"
2024-03-08,"Fri",220,9700,20,1,34,95,"GC06"
2024-03-09,"Sat",227,14150,6,0,14,162,"GC06"
2024-03-10,"Sun",254,13300,11,1,7,181,"GC06"
2024-03-11,"Mon",157,10900,9,1,40,83,"GC06"
2024-03-12,"Tue",132,12200,0,0,36,67,"GC06"
2024-03-13,"Wed",166,11600,4,0,30,80,"GC06"
2024-03-14,"Thu",197,9400,19,1,48,105,"GC06"
2024-03-15,"Fri",168,11900,1,0,50,85,"GC06"
2024-03-16,"Sat",216,14050,6,0,30,135,"GC06"
2024-03-17,"Sun",219,14900,0,1,2,151,"GC06"
2024-03-18,"Mon",155,11900,1,0,33,71,"GC06"
2024-03-19,"Tue",154,12100,0,0,24,82,"GC06"
2024-03-20,"Wed",206,9800,19,1,16,105,"GC06"
2024-03-21,"Thu",161,11800,0,0,35,78,"GC06"
2024-03-22,"Fri",181,10000,14,1,44,94,"GC06"
2024-03-23,"Sat",211,14150,4,0,30,136,"GC06"
2024-03-24,"Sun",193,15200,1,1,26,132,"GC06"
2024-03-25,"Mon",188,11200,6,0,3,91,"GC06"
2024-03-26,"Tue",160,12100,0,0,17,90,"GC06"
2024-03-27,"Wed",139,12100,1,0,48,71,"GC06"
2024-03-28,"Thu",211,10100,14,1,12,100,"GC06"
2024-03-29,"Fri",227,11000,9,1,14,108,"GC06"
2024-03-30,"Sat",220,14450,4,0,12,151,"GC06"
2024-03-31,"Sun",217,14900,1,1,6,142,"GC06"
2024-04-01,"Mon",165,11800,0,0,31,81,"GC06"
2024-04-02,"Tue",170,10700,11,1,58,83,"GC06"
2024-04-03,"Wed",177,11600,6,0,23,90,"GC06"
2024-04-04,"Thu",234,9800,19,1,11,110,"GC06"
2024-04-05,"Fri",217,12100,0,0,10,114,"GC06"
2024-04-06,"Sat",206,13700,9,0,64,144,"GC06"
2024-04-07,"Sun",214,14900,1,0,28,155,"GC06"
2024-04-08,"Mon",184,10700,9,1,27,88,"GC06"
2024-04-09,"Tue",173,11200,6,0,19,91,"GC06"
2024-04-10,"Wed",176,11800,0,0,10,79,"GC06"
2024-04-11,"Thu",156,11300,6,0,32,72,"GC06"
2024-04-12,"Fri",203,10400,16,1,52,106,"GC06"
2024-04-13,"Sat",217,13600,9,1,54,169,"GC06"
2024-04-14,"Sun",249,12650,16,1,27,174,"GC06"
2024-04-15,"Mon",172,12200,1,0,33,82,"GC06"
2024-04-16,"Tue",149,12100,0,0,39,66,"GC06"
2024-04-17,"Wed",178,11200,4,0,8,92,"GC06"
2024-04-18,"Thu",221,11600,4,1,2,112,"GC06"
2024-04-19,"Fri",211,10300,16,1,42,99,"GC06"
2024-04-20,"Sat",195,14900,1,0,34,135,"GC06"
2024-04-21,"Sun",224,14900,1,0,13,154,"GC06"
2024-04-22,"Mon",149,11800,1,0,25,67,"GC06"
2024-04-23,"Tue",206,10700,9,1,11,97,"GC06"
2024-04-24,"Wed",186,11600,4,1,21,93,"GC06"
2024-04-25,"Thu",160,11200,4,0,27,76,"GC06"
2024-04-26,"Fri",209,12200,0,0,18,112,"GC06"
2024-04-27,"Sat",251,12550,16,1,26,167,"GC06"
2024-04-28,"Sun",248,13400,9,1,32,170,"GC06"
2024-04-29,"Mon",168,11900,1,0,24,82,"GC06"
2024-04-30,"Tue",150,12100,1,0,22,76,"GC06"
2024-05-01,"Wed",184,11900,0,1,6,82,"GC06"
2024-05-02,"Thu",200,12200,1,1,14,93,"GC06"
2024-05-03,"Fri",227,10700,9,1,22,111,"GC06"
2024-05-04,"Sat",201,15100,0,0,30,144,"GC06"
2024-05-05,"Sun",218,13400,11,1,54,148,"GC06"
2024-05-06,"Mon",195,12200,1,1,10,100,"GC06"
2024-05-07,"Tue",182,12200,1,0,25,84,"GC06"
2024-05-08,"Wed",153,11900,0,0,27,77,"GC06"
2024-05-09,"Thu",180,11800,0,0,15,88,"GC06"
2024-05-10,"Fri",210,11300,4,1,9,105,"GC06"
2024-05-11,"Sat",221,14450,6,0,48,151,"GC06"
2024-05-12,"Sun",231,13600,11,1,33,164,"GC06"
2024-05-13,"Mon",206,10000,16,1,29,104,"GC06"
2024-05-14,"Tue",161,11500,4,0,48,68,"GC06"
2024-05-15,"Wed",173,11300,4,0,18,83,"GC06"
2024-05-16,"Thu",153,11200,4,0,44,77,"GC06"
2024-05-17,"Fri",199,10400,16,1,60,94,"GC06"
2024-05-18,"Sat",227,15100,0,0,20,155,"GC06"
2024-05-19,"Sun",211,14800,0,0,33,139,"GC06"
2024-05-20,"Mon",211,11000,9,1,7,105,"GC06"
2024-05-21,"Tue",191,10400,14,1,44,107,"GC06"
2024-05-22,"Wed",188,10600,9,1,29,91,"GC06"
2024-05-23,"Thu",170,11900,0,1,29,91,"GC06"
2024-05-24,"Fri",179,11900,0,0,46,91,"GC06"
2024-05-25,"Sat",245,12850,16,1,22,172,"GC06"
2024-05-26,"Sun",195,14050,6,0,60,142,"GC06"
2024-05-27,"Mon",158,11900,1,0,29,85,"GC06"
2024-05-28,"Tue",175,12200,0,0,27,85,"GC06"
2024-05-29,"Wed",185,11300,4,0,15,101,"GC06"
2024-05-30,"Thu",203,10300,16,0,39,112,"GC06"
2024-05-31,"Fri",238,10100,14,1,7,130,"GC06"
2024-06-01,"Sat",218,14350,6,0,10,130,"GC06"
2024-06-02,"Sun",176,14900,0,1,45,123,"GC06"
2024-06-03,"Mon",201,11000,9,1,13,96,"GC06"
2024-06-04,"Tue",141,11800,0,0,22,77,"GC06"
2024-06-05,"Wed",189,12100,1,1,8,96,"GC06"
2024-06-06,"Thu",142,12100,1,0,37,78,"GC06"
2024-06-07,"Fri",204,11500,4,0,3,105,"GC06"
2024-06-08,"Sat",203,14350,4,0,30,146,"GC06"
2024-06-09,"Sun",183,15200,1,1,33,116,"GC06"
2024-06-10,"Mon",211,9700,20,1,8,123,"GC06"
2024-06-11,"Tue",153,12100,1,0,22,76,"GC06"
2024-06-12,"Wed",159,10900,11,1,34,77,"GC06"
2024-06-13,"Thu",168,11500,6,0,10,80,"GC06"
2024-06-14,"Fri",220,10600,11,1,12,118,"GC06"
2024-06-15,"Sat",211,13600,11,1,34,152,"GC06"
2024-06-16,"Sun",216,14900,1,1,19,145,"GC06"
2024-06-17,"Mon",185,10900,9,1,12,92,"GC06"
2024-06-18,"Tue",160,10000,16,1,49,85,"GC06"
2024-06-19,"Wed",167,12100,1,1,13,83,"GC06"
2024-06-20,"Thu",152,10700,9,1,46,66,"GC06"
2024-06-21,"Fri",161,10300,14,1,71,77,"GC06"
2024-06-22,"Sat",212,14900,0,0,21,145,"GC06"
2024-06-23,"Sun",178,15100,1,0,37,139,"GC06"
2024-06-24,"Mon",127,11300,4,0,49,68,"GC06"
2024-06-25,"Tue",120,12100,1,1,45,60,"GC06"
2024-06-26,"Wed",146,11600,4,1,44,80,"GC06"
2024-06-27,"Thu",126,11800,1,0,47,56,"GC06"
2024-06-28,"Fri",163,11300,4,0,21,76,"GC06"
2024-06-29,"Sat",176,14800,1,0,46,122,"GC06"
2024-06-30,"Sun",209,14800,0,1,19,143,"GC06"
2024-07-01,"Mon",164,10600,11,1,30,80,"GC06"
2024-07-02,"Tue",139,11600,6,0,45,70,"GC06"
2024-07-03,"Wed",169,11300,4,0,41,88,"GC06"
2024-07-04,"Thu",156,12200,1,0,13,70,"GC06"
2024-07-05,"Fri",173,10100,16,1,26,94,"GC06"
2024-07-06,"Sat",195,14800,1,0,28,128,"GC06"
2024-07-07,"Sun",192,15200,1,0,18,135,"GC06"
2024-07-08,"Mon",210,9500,20,1,15,103,"GC06"
2024-07-09,"Tue",147,11200,4,0,30,72,"GC06"
2024-07-10,"Wed",198,10000,16,0,31,96,"GC06"
2024-07-11,"Thu",152,11900,0,0,36,77,"GC06"
2024-07-12,"Fri",176,11800,0,0,22,89,"GC06"
2024-07-13,"Sat",210,14450,4,0,25,144,"GC06"
2024-07-14,"Sun",186,15200,1,0,38,120,"GC06"
2024-07-15,"Mon",178,10100,16,1,45,86,"GC06"
2024-07-16,"Tue",134,11500,6,0,27,58,"GC06"
2024-07-17,"Wed",170,11000,11,1,25,87,"GC06"
2024-07-18,"Thu",165,10700,11,1,36,72,"GC06"
2024-07-19,"Fri",178,10300,16,1,65,88,"GC06"
2024-07-20,"Sat",200,14900,1,0,20,145,"GC06"
2024-07-21,"Sun",198,15200,1,0,26,137,"GC06"
2024-07-22,"Mon",187,10000,16,1,22,98,"GC06"
2024-07-23,"Tue",189,10000,16,1,34,94,"GC06"
2024-07-24,"Wed",164,12100,0,0,12,87,"GC06"
2024-07-25,"Thu",163,10700,11,1,30,77,"GC06"
2024-07-26,"Fri",170,12200,1,0,12,85,"GC06"
2024-07-27,"Sat",177,15100,1,0,39,121,"GC06"
2024-07-28,"Sun",209,15200,0,0,5,141,"GC06"
2024-07-29,"Mon",170,11300,4,0,28,82,"GC06"
2024-07-30,"Tue",150,11900,1,0,27,69,"GC06"
2024-07-31,"Wed",161,10900,11,1,26,77,"GC06"
2024-08-01,"Thu",151,11200,6,0,39,81,"GC06"
2024-08-02,"Fri",157,12200,0,0,19,84,"GC06"
2024-08-03,"Sat",193,15100,1,0,32,135,"GC06"
2024-08-04,"Sun",221,14900,0,0,9,149,"GC06"
2024-08-05,"Mon",111,11600,6,1,80,53,"GC06"
2024-08-06,"Tue",154,12200,0,0,5,77,"GC06"
2024-08-07,"Wed",176,10900,11,1,23,94,"GC06"
2024-08-08,"Thu",149,11500,6,0,29,70,"GC06"
2024-08-09,"Fri",201,12100,0,0,11,110,"GC06"
2024-08-10,"Sat",161,15200,0,0,63,120,"GC06"
2024-08-11,"Sun",190,13300,11,1,41,146,"GC06"
2024-08-12,"Mon",170,11200,4,0,16,88,"GC06"
2024-08-13,"Tue",162,12100,1,0,14,86,"GC06"
2024-08-14,"Wed",149,11300,4,0,32,73,"GC06"
2024-08-15,"Thu",186,11300,6,1,3,90,"GC06"
2024-08-16,"Fri",137,11800,0,0,53,60,"GC06"
2024-08-17,"Sat",225,13600,9,1,21,160,"GC06"
2024-08-18,"Sun",199,14900,0,0,27,138,"GC06"
2024-08-19,"Mon",143,12200,1,0,40,72,"GC06"
2024-08-20,"Tue",198,10300,16,1,17,112,"GC06"
2024-08-21,"Wed",143,11800,1,0,50,75,"GC06"
2024-08-22,"Thu",137,11800,1,0,26,64,"GC06"
2024-08-23,"Fri",176,11300,4,0,16,91,"GC06"
2024-08-24,"Sat",236,12650,16,1,24,175,"GC06"
2024-08-25,"Sun",197,15200,1,0,31,131,"GC06"
2024-08-26,"Mon",136,12200,1,0,36,65,"GC06"
2024-08-27,"Tue",172,11200,6,1,8,86,"GC06"
2024-08-28,"Wed",113,12200,0,0,43,53,"GC06"
2024-08-29,"Thu",200,10000,14,1,6,99,"GC06"
2024-08-30,"Fri",153,11900,1,0,27,79,"GC06"
2024-08-31,"Sat",156,14900,1,0,52,112,"GC06"
2024-09-01,"Sun",162,14800,0,0,58,125,"GC06"
2024-09-02,"Mon",171,11800,0,0,9,76,"GC06"
2024-09-03,"Tue",197,10900,9,1,9,104,"GC06"
2024-09-04,"Wed",153,11800,0,0,34,60,"GC06"
2024-09-05,"Thu",160,12200,0,0,11,75,"GC06"
2024-09-06,"Fri",154,12200,1,0,52,73,"GC06"
2024-09-07,"Sat",182,14800,1,0,28,125,"GC06"
2024-09-08,"Sun",221,12850,14,1,20,150,"GC06"
2024-09-09,"Mon",117,11800,1,0,41,61,"GC06"
2024-09-10,"Tue",186,10600,11,1,38,96,"GC06"
2024-09-11,"Wed",158,11600,4,0,37,85,"GC06"
2024-09-12,"Thu",178,11000,9,1,35,86,"GC06"
2024-09-13,"Fri",199,11300,6,0,20,87,"GC06"
2024-09-14,"Sat",244,13400,11,1,11,170,"GC06"
2024-09-15,"Sun",165,14900,0,0,32,121,"GC06"
2024-09-16,"Mon",158,11000,11,1,57,85,"GC06"
2024-09-17,"Tue",151,11900,0,0,24,71,"GC06"
2024-09-18,"Wed",125,12100,0,0,47,65,"GC06"
2024-09-19,"Thu",137,11800,0,0,24,71,"GC06"
2024-09-20,"Fri",170,12100,1,1,36,87,"GC06"
2024-09-21,"Sat",215,15100,1,0,3,156,"GC06"
2024-09-22,"Sun",204,14050,4,1,12,139,"GC06"
2024-09-23,"Mon",134,12200,1,0,41,68,"GC06"
2024-09-24,"Tue",164,11800,1,1,26,84,"GC06"
2024-09-25,"Wed",166,12200,0,0,13,92,"GC06"
2024-09-26,"Thu",186,11600,6,0,8,97,"GC06"
2024-09-27,"Fri",182,11200,4,0,18,89,"GC06"
2024-09-28,"Sat",199,13700,9,1,65,131,"GC06"
2024-09-29,"Sun",219,12950,16,1,37,151,"GC06"
2024-09-30,"Mon",156,12200,1,0,11,78,"GC06"
2024-10-01,"Tue",188,11600,4,0,4,96,"GC06"
2024-10-02,"Wed",185,10300,16,1,36,89,"GC06"
2024-10-03,"Thu",195,11000,9,1,41,93,"GC06"
2024-10-04,"Fri",216,11900,0,0,0,113,"GC06"
2024-10-05,"Sat",212,13300,9,1,55,145,"GC06"
2024-10-06,"Sun",181,15200,1,0,63,136,"GC06"
2024-10-07,"Mon",155,12100,1,0,27,64,"GC06"
2024-10-08,"Tue",164,11900,0,0,16,74,"GC06"
2024-10-09,"Wed",177,11300,6,0,23,83,"GC06"
2024-10-10,"Thu",162,12100,0,0,19,74,"GC06"
2024-10-11,"Fri",223,10300,16,1,32,119,"GC06"
2024-10-12,"Sat",236,14800,1,0,16,160,"GC06"
2024-10-13,"Sun",210,14350,6,0,19,140,"GC06"
2024-10-14,"Mon",228,9400,20,1,26,100,"GC06"
2024-10-15,"Tue",171,11800,0,0,8,96,"GC06"
2024-10-16,"Wed",226,10100,14,0,9,118,"GC06"
2024-10-17,"Thu",166,11900,1,0,26,76,"GC06"
2024-10-18,"Fri",197,10100,14,0,54,104,"GC06"
2024-10-19,"Sat",211,14800,1,0,21,139,"GC06"
2024-10-20,"Sun",216,13600,11,1,49,153,"GC06"
2024-10-21,"Mon",207,10900,9,0,23,96,"GC06"
2024-10-22,"Tue",202,10100,14,1,30,99,"GC06"
2024-10-23,"Wed",162,11900,0,0,22,74,"GC06"
2024-10-24,"Thu",177,11300,6,1,22,96,"GC06"
2024-10-25,"Fri",213,11600,4,1,28,107,"GC06"
2024-10-26,"Sat",224,14150,4,0,25,155,"GC06"
2024-10-27,"Sun",253,12550,14,1,22,173,"GC06"
2024-10-28,"Mon",202,10100,16,1,23,91,"GC06"
2024-10-29,"Tue",171,11900,0,0,28,77,"GC06"
2024-10-30,"Wed",183,11600,6,1,22,97,"GC06"
2024-10-31,"Thu",184,11300,4,1,31,89,"GC06"
2024-11-01,"Fri",220,10400,14,1,26,93,"GC06"
2024-11-02,"Sat",172,14900,0,0,57,111,"GC06"
2024-11-03,"Sun",219,14800,1,1,26,152,"GC06"
2024-11-04,"Mon",172,10600,9,1,34,97,"GC06"
2024-11-05,"Tue",190,11300,4,0,20,101,"GC06"
2024-11-06,"Wed",160,11200,6,0,56,83,"GC06"
2024-11-07,"Thu",231,10600,11,1,2,116,"GC06"
2024-11-08,"Fri",214,11000,11,1,18,112,"GC06"
2024-11-09,"Sat",220,14900,0,1,23,157,"GC06"
2024-11-10,"Sun",218,13600,11,1,35,155,"GC06"
2024-11-11,"Mon",198,10100,16,1,41,96,"GC06"
2024-11-12,"Tue",151,11300,4,0,37,69,"GC06"
2024-11-13,"Wed",150,11200,6,0,63,79,"GC06"
2024-11-14,"Thu",179,10000,14,1,59,94,"GC06"
2024-11-15,"Fri",182,11300,6,0,32,94,"GC06"
2024-11-16,"Sat",247,15200,0,0,11,162,"GC06"
2024-11-17,"Sun",231,13700,11,1,37,155,"GC06"
2024-11-18,"Mon",165,12100,1,0,19,82,"GC06"
2024-11-19,"Tue",112,11800,1,1,79,52,"GC06"
2024-11-20,"Wed",170,10100,14,0,56,85,"GC06"
2024-11-21,"Thu",159,12200,0,0,8,79,"GC06"
2024-11-22,"Fri",189,12200,1,0,12,110,"GC06"
2024-11-23,"Sat",211,14350,6,0,23,152,"GC06"
2024-11-24,"Sun",198,14900,1,0,29,128,"GC06"
2024-11-25,"Mon",149,11800,0,0,25,71,"GC06"
2024-11-26,"Tue",144,11500,6,1,35,68,"GC06"
2024-11-27,"Wed",195,10100,16,1,29,96,"GC06"
2024-11-28,"Thu",180,10900,11,1,53,99,"GC06"
2024-11-29,"Fri",177,11800,0,0,33,83,"GC06"
2024-11-30,"Sat",207,14800,1,0,15,143,"GC06"
2024-12-01,"Sun",188,15200,0,0,23,139,"GC06"
2024-12-02,"Mon",176,11000,9,1,22,83,"GC06"
2024-12-03,"Tue",150,11300,6,0,14,69,"GC06"
2024-12-04,"Wed",135,11200,4,0,37,73,"GC06"
2024-12-05,"Thu",142,11000,9,0,73,66,"GC06"
2024-12-06,"Fri",182,11800,1,0,14,93,"GC06"
2024-12-07,"Sat",179,13400,11,1,60,126,"GC06"
2024-12-08,"Sun",209,14900,1,0,20,148,"GC06"
2024-12-09,"Mon",148,11300,4,1,22,73,"GC06"
2024-12-10,"Tue",155,10600,9,1,57,75,"GC06"
2024-12-11,"Wed",178,11500,6,1,18,87,"GC06"
2024-12-12,"Thu",151,10600,9,1,64,71,"GC06"
2024-12-13,"Fri",137,12100,0,0,38,68,"GC06"
2024-12-14,"Sat",219,14450,6,1,10,155,"GC06"
2024-12-15,"Sun",221,14900,0,0,10,153,"GC06"
2024-12-16,"Mon",137,11800,1,0,44,66,"GC06"
2024-12-17,"Tue",181,10900,11,1,17,108,"GC06"
2024-12-18,"Wed",157,11900,0,1,34,89,"GC06"
2024-12-19,"Thu",127,12200,1,0,44,56,"GC06"
2024-12-20,"Fri",231,10900,11,0,17,107,"GC06"
2024-12-21,"Sat",207,15200,0,0,7,153,"GC06"
2024-12-22,"Sun",219,14150,4,0,8,147,"GC06"
2024-12-23,"Mon",144,11300,6,0,37,79,"GC06"
2024-12-24,"Tue",158,11500,6,1,26,82,"GC06"
2024-12-25,"Wed",191,9400,20,1,20,85,"GC06"
2024-12-26,"Thu",164,11600,4,1,22,87,"GC06"
2024-12-27,"Fri",168,11800,0,0,23,92,"GC06"
2024-12-28,"Sat",192,14800,0,0,24,130,"GC06"
2024-12-29,"Sun",219,13400,9,1,37,154,"GC06"
2024-12-30,"Mon",150,11900,0,0,20,78,"GC06"
2024-12-31,"Tue",167,11900,0,0,10,76,"GC06"
2025-01-01,"Wed",99,12200,0,0,66,45,"GC06"
2025-01-02,"Thu",121,11600,6,0,45,59,"GC06"
2025-01-03,"Fri",164,12200,1,0,19,75,"GC06"
2025-01-04,"Sat",186,15100,1,0,35,133,"GC06"
2025-01-05,"Sun",197,14800,0,1,18,141,"GC06"
2025-01-06,"Mon",163,11800,0,0,15,86,"GC06"
2025-01-07,"Tue",168,10700,9,1,28,84,"GC06"
2025-01-08,"Wed",156,12200,0,1,28,73,"GC06"
2025-01-09,"Thu",160,11900,0,1,24,76,"GC06"
2025-01-10,"Fri",221,9500,19,1,28,108,"GC06"
2025-01-11,"Sat",198,14050,4,0,21,151,"GC06"
2025-01-12,"Sun",228,12950,14,1,28,152,"GC06"
2025-01-13,"Mon",180,10900,11,0,14,79,"GC06"
2025-01-14,"Tue",218,9400,20,1,0,111,"GC06"
2025-01-15,"Wed",151,11500,4,0,31,66,"GC06"
2025-01-16,"Thu",132,11900,1,1,55,71,"GC06"
2025-01-17,"Fri",207,11000,11,1,25,107,"GC06"
2025-01-18,"Sat",244,12550,14,0,6,159,"GC06"
2025-01-19,"Sun",201,14900,0,0,23,133,"GC06"
2025-01-20,"Mon",155,11800,0,1,14,76,"GC06"
2025-01-21,"Tue",149,11200,6,1,46,75,"GC06"
2025-01-22,"Wed",182,9500,19,1,26,89,"GC06"
2025-01-23,"Thu",206,10300,14,1,3,106,"GC06"
2025-01-24,"Fri",184,11800,0,1,4,93,"GC06"
2025-01-25,"Sat",202,15200,1,1,29,134,"GC06"
2025-01-26,"Sun",226,12950,16,1,34,156,"GC06"
2025-01-27,"Mon",191,10100,14,1,2,97,"GC06"
2025-01-28,"Tue",164,10300,14,1,45,86,"GC06"
2025-01-29,"Wed",207,10600,11,1,14,98,"GC06"
2025-01-30,"Thu",145,11800,0,0,24,61,"GC06"
2025-01-31,"Fri",177,12100,1,0,19,78,"GC06"
2025-02-01,"Sat",214,14350,6,1,21,150,"GC06"
2025-02-02,"Sun",201,14900,0,0,45,138,"GC06"
2025-02-03,"Mon",204,9500,20,1,21,92,"GC06"
2025-02-04,"Tue",138,11900,0,0,33,63,"GC06"
2025-02-05,"Wed",183,10700,11,1,25,102,"GC06"
2025-02-06,"Thu",152,12100,0,0,9,81,"GC06"
2025-02-07,"Fri",164,11500,6,0,46,71,"GC06"
2025-02-08,"Sat",240,14050,6,1,0,162,"GC06"
2025-02-09,"Sun",192,14050,4,1,34,131,"GC06"
2025-02-10,"Mon",125,11900,0,0,32,53,"GC06"
2025-02-11,"Tue",200,10000,16,1,2,94,"GC06"
2025-02-12,"Wed",165,10400,16,0,50,73,"GC06"
2025-02-13,"Thu",154,10700,11,1,49,77,"GC06"
2025-02-14,"Fri",194,11000,9,1,19,112,"GC06"
2025-02-15,"Sat",191,14150,6,0,21,142,"GC06"
2025-02-16,"Sun",201,13600,9,1,50,139,"GC06"
2025-02-17,"Mon",133,12200,1,0,32,71,"GC06"
2025-02-18,"Tue",190,10600,9,1,10,91,"GC06"
2025-02-19,"Wed",134,12100,0,0,34,72,"GC06"
2025-02-20,"Thu",160,11800,0,1,26,77,"GC06"
2025-02-21,"Fri",142,10700,11,1,77,78,"GC06"
2025-02-22,"Sat",227,12950,16,1,41,166,"GC06"
2025-02-23,"Sun",183,15100,1,0,24,131,"GC06"
2025-02-24,"Mon",174,11800,0,1,4,85,"GC06"
2025-02-25,"Tue",198,10600,9,1,23,87,"GC06"
2025-02-26,"Wed",137,11900,0,1,45,61,"GC06"
2025-02-27,"Thu",156,11800,1,0,32,69,"GC06"
2025-02-28,"Fri",188,11300,6,0,1,102,"GC06"
2025-03-01,"Sat",217,14800,1,0,22,141,"GC06"
2025-03-02,"Sun",228,13300,9,1,21,176,"GC06"
2025-03-03,"Mon",119,11900,1,0,59,59,"GC06"
2025-03-04,"Tue",171,12200,1,0,21,83,"GC06"
2025-03-05,"Wed",217,10100,16,1,17,105,"GC06"
2025-03-06,"Thu",196,10400,16,0,19,91,"GC06"
2025-03-07,"Fri",216,10600,11,1,23,112,"GC06"
2025-03-08,"Sat",182,14800,0,0,44,124,"GC06"
2025-03-09,"Sun",181,14150,4,0,49,124,"GC06"
2025-03-10,"Mon",211,10000,14,1,24,100,"GC06"
2025-03-11,"Tue",168,11500,6,0,36,80,"GC06"
2025-03-12,"Wed",156,11900,1,0,31,80,"GC06"
2025-03-13,"Thu",183,11200,6,0,17,85,"GC06"
2025-03-14,"Fri",197,12100,0,1,20,96,"GC06"
2025-03-15,"Sat",217,13700,11,1,37,149,"GC06"
2025-03-16,"Sun",220,15200,1,1,17,152,"GC06"
2025-03-17,"Mon",165,11500,6,0,31,78,"GC06"
2025-03-18,"Tue",177,11800,1,1,5,88,"GC06"
2025-03-19,"Wed",177,10700,9,1,35,88,"GC06"
2025-03-20,"Thu",185,11500,4,0,2,99,"GC06"
2025-03-21,"Fri",180,11600,6,0,31,92,"GC06"
2025-03-22,"Sat",233,14050,6,0,5,155,"GC06"
2025-03-23,"Sun",247,12200,19,1,18,182,"GC06"
2025-03-24,"Mon",212,10000,14,1,7,118,"GC06"
2025-03-25,"Tue",157,11900,0,0,33,77,"GC06"
2025-03-26,"Wed",197,10000,14,1,21,109,"GC06"
2025-03-27,"Thu",167,11200,4,0,29,84,"GC06"
2025-03-28,"Fri",170,12200,0,0,21,92,"GC06"
2025-03-29,"Sat",215,12850,14,1,55,155,"GC06"
2025-03-30,"Sun",210,15100,0,1,30,144,"GC06"
2025-03-31,"Mon",162,12100,0,0,28,91,"GC06"
2025-04-01,"Tue",208,10600,11,1,10,90,"GC06"
2025-04-02,"Wed",159,12100,0,0,32,91,"GC06"
2025-04-03,"Thu",172,12200,0,0,36,91,"GC06"
2025-04-04,"Fri",247,9700,20,1,25,127,"GC06"
2025-04-05,"Sat",241,14350,4,0,18,161,"GC06"
2025-04-06,"Sun",209,15200,0,0,34,146,"GC06"
2025-04-07,"Mon",195,10900,11,1,34,104,"GC06"
2025-04-08,"Tue",181,11300,4,0,20,88,"GC06"
2025-04-09,"Wed",139,12100,0,0,40,66,"GC06"
2025-04-10,"Thu",174,12200,0,0,21,87,"GC06"
2025-04-11,"Fri",208,11000,9,0,21,103,"GC06"
2025-04-12,"Sat",228,14050,6,0,19,154,"GC06"
2025-04-13,"Sun",253,12100,19,1,16,175,"GC06"
2025-04-14,"Mon",174,11800,0,0,26,90,"GC06"
2025-04-15,"Tue",157,11800,0,0,36,65,"GC06"
2025-04-16,"Wed",147,11200,6,0,42,78,"GC06"
2025-04-17,"Thu",182,11000,9,1,42,96,"GC06"
2025-04-18,"Fri",242,11000,9,1,8,117,"GC06"
2025-04-19,"Sat",220,13600,9,1,38,144,"GC06"
2025-04-20,"Sun",227,14900,1,1,8,162,"GC06"
2025-04-21,"Mon",141,11900,0,0,66,69,"GC06"
2025-04-22,"Tue",210,9700,20,1,32,105,"GC06"
2025-04-23,"Wed",130,12200,0,0,40,66,"GC06"
2025-04-24,"Thu",147,12100,1,0,41,66,"GC06"
2025-04-25,"Fri",208,10900,11,1,21,106,"GC06"
2025-04-26,"Sat",255,11900,20,1,26,192,"GC06"
2025-04-27,"Sun",220,13400,9,1,50,145,"GC06"
2025-04-28,"Mon",187,10700,9,1,24,103,"GC06"
2025-04-29,"Tue",213,11000,9,1,11,109,"GC06"
2025-04-30,"Wed",180,11800,0,0,5,80,"GC06"
2025-05-01,"Thu",221,10700,11,1,30,103,"GC06"
2025-05-02,"Fri",200,11500,6,1,26,114,"GC06"
2025-05-03,"Sat",239,14350,6,0,2,175,"GC06"
2025-05-04,"Sun",230,13400,9,1,44,145,"GC06"
2025-05-05,"Mon",186,11200,4,0,25,101,"GC06"
2025-05-06,"Tue",156,11900,1,0,46,73,"GC06"
2025-05-07,"Wed",178,11600,4,0,7,93,"GC06"
2025-05-08,"Thu",200,11500,6,0,9,100,"GC06"
2025-05-09,"Fri",196,11600,6,0,20,91,"GC06"
2025-05-10,"Sat",219,14150,4,0,26,160,"GC06"
2025-05-11,"Sun",251,13300,11,1,26,177,"GC06"
2025-05-12,"Mon",178,12200,1,0,25,81,"GC06"
2025-05-13,"Tue",174,11600,4,0,26,88,"GC06"
2025-05-14,"Wed",158,11900,0,0,30,85,"GC06"
2025-05-15,"Thu",208,10700,11,1,19,115,"GC06"
2025-05-16,"Fri",218,10700,11,1,43,90,"GC06"
2025-05-17,"Sat",222,15100,0,0,14,156,"GC06"
2025-05-18,"Sun",241,13300,9,0,46,168,"GC06"
2025-05-19,"Mon",167,11800,0,1,47,81,"GC06"
2025-05-20,"Tue",151,12100,1,0,65,63,"GC06"
2025-05-21,"Wed",174,11200,4,0,36,91,"GC06"
2025-05-22,"Thu",201,11500,4,0,5,92,"GC06"
2025-05-23,"Fri",187,12100,1,0,22,99,"GC06"
2025-05-24,"Sat",218,14800,0,0,40,143,"GC06"
2025-05-25,"Sun",222,13400,9,1,58,161,"GC06"
2025-05-26,"Mon",178,11000,9,1,52,81,"GC06"
2025-05-27,"Tue",212,10400,16,1,25,102,"GC06"
2025-05-28,"Wed",167,11800,0,0,23,86,"GC06"
2025-05-29,"Thu",185,11900,1,1,29,86,"GC06"
2025-05-30,"Fri",234,10300,14,0,16,127,"GC06"
2025-05-31,"Sat",246,13700,9,1,16,178,"GC06"
2025-06-01,"Sun",206,15100,1,0,7,144,"GC06"
2025-06-02,"Mon",152,11900,1,1,20,81,"GC06"
2025-06-03,"Tue",156,11000,11,1,37,87,"GC06"
2025-06-04,"Wed",159,10000,16,1,49,84,"GC06"
2025-06-05,"Thu",159,10900,11,1,37,88,"GC06"
2025-06-06,"Fri",210,10300,16,1,29,116,"GC06"
2025-06-07,"Sat",198,14900,0,0,27,137,"GC06"
2025-06-08,"Sun",231,14350,6,1,4,156,"GC06"
2025-06-09,"Mon",158,12100,1,0,26,81,"GC06"
2025-06-10,"Tue",211,10400,14,1,0,113,"GC06"
2025-06-11,"Wed",141,11900,1,0,49,73,"GC06"
2025-06-12,"Thu",218,9700,20,1,16,103,"GC06"
2025-06-13,"Fri",175,11900,0,0,14,79,"GC06"
2025-06-14,"Sat",210,12950,16,1,51,148,"GC06"
2025-06-15,"Sun",202,15200,1,0,19,142,"GC06"
2025-06-16,"Mon",157,11200,4,0,5,74,"GC06"
2025-06-17,"Tue",127,11900,1,1,48,70,"GC06"
2025-06-18,"Wed",142,12200,1,0,15,80,"GC06"
2025-06-19,"Thu",157,12100,0,0,6,86,"GC06"
2025-06-20,"Fri",166,11900,0,0,36,80,"GC06"
2025-06-21,"Sat",188,15200,0,0,27,128,"GC06"
2025-06-22,"Sun",190,13300,11,0,60,132,"GC06"
2025-06-23,"Mon",149,11300,4,1,31,76,"GC06"
2025-06-24,"Tue",150,12100,1,0,33,74,"GC06"
2025-06-25,"Wed",152,12100,1,0,39,83,"GC06"
2025-06-26,"Thu",182,10100,16,1,27,94,"GC06"
2025-06-27,"Fri",168,11600,6,0,25,94,"GC06"
2025-06-28,"Sat",228,14050,6,1,13,161,"GC06"
2025-06-29,"Sun",186,14150,6,0,56,130,"GC06"
2025-06-30,"Mon",176,10900,11,1,25,100,"GC06"
2025-07-01,"Tue",155,11200,4,0,47,82,"GC06"
2025-07-02,"Wed",148,12200,1,0,35,70,"GC06"
2025-07-03,"Thu",116,12200,1,0,49,53,"GC06"
2025-07-04,"Fri",163,11000,9,1,46,77,"GC06"
2025-07-05,"Sat",196,13700,11,1,48,139,"GC06"
2025-07-06,"Sun",253,12850,16,1,10,175,"GC06"
2025-07-07,"Mon",141,11500,4,0,30,66,"GC06"
2025-07-08,"Tue",154,11900,1,0,15,88,"GC06"
2025-07-09,"Wed",154,11600,6,0,34,75,"GC06"
2025-07-10,"Thu",139,12100,0,0,23,77,"GC06"
2025-07-11,"Fri",163,11300,6,0,39,86,"GC06"
2025-07-12,"Sat",203,14900,0,0,5,131,"GC06"
2025-07-13,"Sun",241,13400,11,1,11,159,"GC06"
2025-07-14,"Mon",166,11200,6,0,20,74,"GC06"
2025-07-15,"Tue",169,11000,9,1,22,86,"GC06"
2025-07-16,"Wed",134,11800,1,1,50,69,"GC06"
2025-07-17,"Thu",193,10000,16,1,16,87,"GC06"
2025-07-18,"Fri",179,11800,1,0,11,85,"GC06"
2025-07-19,"Sat",235,13300,11,1,5,168,"GC06"
2025-07-20,"Sun",206,14150,4,0,18,150,"GC06"
2025-07-21,"Mon",212,10100,16,1,9,103,"GC06"
2025-07-22,"Tue",115,12200,1,0,53,52,"GC06"
2025-07-23,"Wed",160,11200,4,0,10,78,"GC06"
2025-07-24,"Thu",183,12200,1,0,10,88,"GC06"
2025-07-25,"Fri",135,11900,0,0,64,66,"GC06"
2025-07-26,"Sat",177,14800,1,0,53,125,"GC06"
2025-07-27,"Sun",197,14800,0,0,22,124,"GC06"
2025-07-28,"Mon",132,10100,14,1,65,69,"GC06"
2025-07-29,"Tue",150,9800,20,1,58,79,"GC06"
2025-07-30,"Wed",149,10100,16,0,66,67,"GC06"
2025-07-31,"Thu",141,12200,0,0,25,71,"GC06"
2025-08-01,"Fri",191,11200,6,1,13,94,"GC06"
2025-08-02,"Sat",207,14900,1,0,14,141,"GC06"
2025-08-03,"Sun",231,13300,9,0,9,166,"GC06"
2025-08-04,"Mon",149,12100,0,0,25,63,"GC06"
2025-08-05,"Tue",162,10300,16,1,48,82,"GC06"
2025-08-06,"Wed",150,10700,9,1,52,70,"GC06"
2025-08-07,"Thu",132,11800,0,0,31,68,"GC06"
2025-08-08,"Fri",185,11900,0,1,16,95,"GC06"
2025-08-09,"Sat",210,15100,0,0,21,147,"GC06"
2025-08-10,"Sun",180,13600,11,1,55,135,"GC06"
2025-08-11,"Mon",187,11000,11,1,8,98,"GC06"
2025-08-12,"Tue",171,11900,1,0,12,82,"GC06"
2025-08-13,"Wed",156,11900,0,0,29,84,"GC06"
2025-08-14,"Thu",157,11900,1,1,29,76,"GC06"
2025-08-15,"Fri",192,11000,11,1,24,85,"GC06"
2025-08-16,"Sat",235,13600,9,1,2,165,"GC06"
2025-08-17,"Sun",164,14900,1,0,50,114,"GC06"
2025-08-18,"Mon",150,11500,4,0,47,89,"GC06"
2025-08-19,"Tue",152,11800,0,0,13,78,"GC06"
2025-08-20,"Wed",172,11300,4,1,15,80,"GC06"
2025-08-21,"Thu",156,11500,4,0,28,83,"GC06"
2025-08-22,"Fri",173,11200,4,1,36,79,"GC06"
2025-08-23,"Sat",245,12200,19,1,17,173,"GC06"
2025-08-24,"Sun",159,15100,1,0,53,121,"GC06"
2025-08-25,"Mon",151,12200,0,0,18,63,"GC06"
2025-08-26,"Tue",192,10300,16,1,26,91,"GC06"
2025-08-27,"Wed",156,11900,0,1,13,68,"GC06"
2025-08-28,"Thu",141,11900,1,0,36,63,"GC06"
2025-08-29,"Fri",228,10100,16,0,9,112,"GC06"
2025-08-30,"Sat",254,11800,20,1,5,185,"GC06"
2025-08-31,"Sun",179,14800,0,0,20,123,"GC06"
2025-09-01,"Mon",156,10600,11,1,48,76,"GC06"
2025-09-02,"Tue",181,10600,9,1,26,83,"GC06"
2025-09-03,"Wed",157,11600,4,0,32,70,"GC06"
2025-09-04,"Thu",214,10300,14,1,13,114,"GC06"
2025-09-05,"Fri",218,10400,14,1,16,109,"GC06"
2025-09-06,"Sat",181,15100,1,0,28,130,"GC06"
2025-09-07,"Sun",203,14900,0,0,12,142,"GC06"
2025-09-08,"Mon",181,10700,9,1,10,93,"GC06"
2025-09-09,"Tue",190,11000,11,1,6,104,"GC06"
2025-09-10,"Wed",149,11900,1,1,20,73,"GC06"
2025-09-11,"Thu",199,9400,20,1,22,105,"GC06"
2025-09-12,"Fri",142,12200,1,0,69,63,"GC06"
2025-09-13,"Sat",194,15200,1,0,26,128,"GC06"
2025-09-14,"Sun",208,14900,0,0,13,139,"GC06"
2025-09-15,"Mon",159,12100,0,1,14,75,"GC06"
2025-09-16,"Tue",177,12100,1,0,15,88,"GC06"
2025-09-17,"Wed",161,12200,1,1,17,84,"GC06"
2025-09-18,"Thu",108,12200,1,1,63,48,"GC06"
2025-09-19,"Fri",154,11300,4,0,34,85,"GC06"
2025-09-20,"Sat",199,14450,6,0,30,145,"GC06"
2025-09-21,"Sun",246,13300,9,1,7,190,"GC06"
2025-09-22,"Mon",153,11600,6,0,26,76,"GC06"
2025-09-23,"Tue",144,12100,0,1,22,73,"GC06"
2025-09-24,"Wed",179,11000,11,1,26,87,"GC06"
2025-09-25,"Thu",110,11300,4,0,60,60,"GC06"
2025-09-26,"Fri",184,11900,1,0,14,91,"GC06"
2025-09-27,"Sat",188,15100,1,0,29,128,"GC06"
2025-09-28,"Sun",221,11900,19,1,46,154,"GC06"
2025-09-29,"Mon",136,11200,4,0,32,75,"GC06"
2025-09-30,"Tue",133,12100,1,0,27,67,"GC06"
2025-10-01,"Wed",222,9800,20,0,6,110,"GC06"
2025-10-02,"Thu",175,12100,1,0,7,96,"GC06"
2025-10-03,"Fri",194,11200,4,1,29,95,"GC06"
2025-10-04,"Sat",190,14350,4,0,58,139,"GC06"
2025-10-05,"Sun",233,14800,0,1,4,156,"GC06"
2025-10-06,"Mon",190,11000,11,1,17,102,"GC06"
2025-10-07,"Tue",198,10100,16,1,32,97,"GC06"
2025-10-08,"Wed",190,12100,0,0,2,88,"GC06"
2025-10-09,"Thu",195,10900,11,1,15,103,"GC06"
2025-10-10,"Fri",226,11000,11,1,11,111,"GC06"
2025-10-11,"Sat",173,14900,0,0,78,120,"GC06"
2025-10-12,"Sun",239,13700,9,1,25,165,"GC06"
2025-10-13,"Mon",150,11600,6,0,32,70,"GC06"
2025-10-14,"Tue",185,10700,11,1,42,88,"GC06"
2025-10-15,"Wed",177,11200,4,1,31,92,"GC06"
2025-10-16,"Thu",177,11000,11,1,50,90,"GC06"
2025-10-17,"Fri",219,11000,11,1,26,99,"GC06"
2025-10-18,"Sat",217,14800,1,0,24,145,"GC06"
2025-10-19,"Sun",220,15200,0,1,23,144,"GC06"
2025-10-20,"Mon",177,10600,11,1,42,89,"GC06"
2025-10-21,"Tue",184,11600,6,1,27,100,"GC06"
2025-10-22,"Wed",174,12200,1,1,6,83,"GC06"
2025-10-23,"Thu",207,10100,14,1,39,91,"GC06"
2025-10-24,"Fri",171,11800,1,0,19,89,"GC06"
2025-10-25,"Sat",235,13700,9,1,20,169,"GC06"
2025-10-26,"Sun",230,13600,11,1,27,152,"GC06"
2025-10-27,"Mon",189,10900,9,1,23,96,"GC06"
2025-10-28,"Tue",179,10700,11,1,22,85,"GC06"
2025-10-29,"Wed",188,9700,19,1,36,98,"GC06"
2025-10-30,"Thu",215,10400,16,1,27,103,"GC06"
2025-10-31,"Fri",199,10900,11,1,32,105,"GC06"
2025-11-01,"Sat",217,13300,9,1,44,132,"GC06"
2025-11-02,"Sun",205,15100,1,0,29,152,"GC06"
2025-11-03,"Mon",144,11200,4,0,30,76,"GC06"
2025-11-04,"Tue",102,12200,1,0,86,44,"GC06"
2025-11-05,"Wed",193,10900,9,1,21,92,"GC06"
2025-11-06,"Thu",197,10900,9,1,28,99,"GC06"
2025-11-07,"Fri",204,10300,16,1,33,95,"GC06"
2025-11-08,"Sat",206,12650,16,1,79,130,"GC06"
2025-11-09,"Sun",202,15100,1,0,24,135,"GC06"
2025-11-10,"Mon",156,12200,1,0,40,73,"GC06"
2025-11-11,"Tue",222,10900,11,1,9,112,"GC06"
2025-11-12,"Wed",176,11600,4,0,20,93,"GC06"
2025-11-13,"Thu",158,12100,1,0,18,89,"GC06"
2025-11-14,"Fri",182,10700,11,1,59,99,"GC06"
2025-11-15,"Sat",246,12650,14,1,12,176,"GC06"
2025-11-16,"Sun",206,14350,4,0,36,144,"GC06"
2025-11-17,"Mon",174,11500,6,0,18,88,"GC06"
2025-11-18,"Tue",149,11800,0,0,34,84,"GC06"
2025-11-19,"Wed",189,10900,11,1,18,94,"GC06"
2025-11-20,"Thu",169,11500,4,0,32,86,"GC06"
2025-11-21,"Fri",164,11900,1,0,42,72,"GC06"
2025-11-22,"Sat",227,13300,11,1,11,166,"GC06"
2025-11-23,"Sun",233,14150,4,0,14,155,"GC06"
2025-11-24,"Mon",216,9800,20,1,23,102,"GC06"
2025-11-25,"Tue",220,9500,19,1,8,114,"GC06"
2025-11-26,"Wed",189,11200,4,0,8,92,"GC06"
2025-11-27,"Thu",149,11500,4,0,47,71,"GC06"
2025-11-28,"Fri",189,12200,0,0,7,94,"GC06"
2025-11-29,"Sat",249,12650,16,1,10,170,"GC06"
2025-11-30,"Sun",153,15100,0,0,69,105,"GC06"
2025-12-01,"Mon",147,11800,0,0,14,82,"GC06"
2025-12-02,"Tue",219,9500,20,0,14,94,"GC06"
2025-12-03,"Wed",167,11900,0,0,18,86,"GC06"
2025-12-04,"Thu",165,11900,0,0,9,86,"GC06"
2025-12-05,"Fri",169,11000,11,1,44,91,"GC06"
2025-12-06,"Sat",232,12950,16,1,30,160,"GC06"
2025-12-07,"Sun",251,13700,9,0,13,165,"GC06"
2025-12-08,"Mon",161,11500,4,0,19,72,"GC06"
2025-12-09,"Tue",134,12200,1,0,52,73,"GC06"
2025-12-10,"Wed",157,12200,1,0,19,80,"GC06"
2025-12-11,"Thu",151,11800,1,0,35,67,"GC06"
2025-12-12,"Fri",217,9800,20,1,33,101,"GC06"
2025-12-13,"Sat",213,14350,6,1,19,151,"GC06"
2025-12-14,"Sun",217,14050,6,0,10,158,"GC06"
2025-12-15,"Mon",156,11500,4,0,14,79,"GC06"
2025-12-16,"Tue",174,10700,11,1,18,91,"GC06"
2025-12-17,"Wed",157,10100,14,1,49,79,"GC06"
2025-12-18,"Thu",150,11900,0,0,23,69,"GC06"
2025-12-19,"Fri",199,10700,11,1,25,104,"GC06"
2025-12-20,"Sat",213,15200,0,0,8,131,"GC06"
2025-12-21,"Sun",237,12950,14,1,17,177,"GC06"
2025-12-22,"Mon",113,11600,6,0,61,62,"GC06"
2025-12-23,"Tue",193,10100,16,1,18,96,"GC06"
2025-12-24,"Wed",205,10900,11,1,2,101,"GC06"
2025-12-25,"Thu",144,12100,1,1,23,73,"GC06"
2025-12-26,"Fri",167,12200,1,0,17,82,"GC06"
2025-12-27,"Sat",222,13400,9,1,25,170,"GC06"
2025-12-28,"Sun",200,14800,0,1,16,145,"GC06"
2025-12-29,"Mon",151,11500,6,0,36,73,"GC06"
2025-12-30,"Tue",144,11800,0,0,21,73,"GC06"
2025-12-31,"Wed",139,11900,0,0,31,62,"GC06"
2026-01-01,"Thu",159,12100,1,1,29,81,"GC06"
2026-01-02,"Fri",167,11500,6,0,29,85,"GC06"
2026-01-03,"Sat",209,14900,0,0,11,151,"GC06"
2026-01-04,"Sun",230,13300,9,1,21,162,"GC06"
2026-01-05,"Mon",142,10400,16,1,53,76,"GC06"
2026-01-06,"Tue",180,10400,16,1,19,90,"GC06"
2026-01-07,"Wed",169,10300,16,1,52,91,"GC06"
2026-01-08,"Thu",211,10400,16,1,9,106,"GC06"
2026-01-09,"Fri",188,11300,4,0,6,99,"GC06"
2026-01-10,"Sat",198,14350,6,0,26,131,"GC06"
2026-01-11,"Sun",191,14150,6,0,29,144,"GC06"
2026-01-12,"Mon",134,12200,1,0,51,67,"GC06"
2026-01-13,"Tue",163,12100,1,0,8,88,"GC06"
2026-01-14,"Wed",153,11900,0,0,10,75,"GC06"
2026-01-15,"Thu",149,12100,0,0,19,77,"GC06"
2026-01-16,"Fri",180,10700,9,1,39,91,"GC06"
2026-01-17,"Sat",237,13300,11,1,16,162,"GC06"
2026-01-18,"Sun",177,15100,1,0,47,123,"GC06"
2026-01-19,"Mon",181,10700,9,1,15,89,"GC06"
2026-01-20,"Tue",165,11900,0,1,29,74,"GC06"
2026-01-21,"Wed",212,10000,16,1,15,105,"GC06"
2026-01-22,"Thu",176,11500,6,0,24,86,"GC06"
2026-01-23,"Fri",192,11300,4,0,9,100,"GC06"
2026-01-24,"Sat",184,14800,1,0,42,134,"GC06"
2026-01-25,"Sun",201,15200,0,0,24,143,"GC06"
2026-01-26,"Mon",170,10700,9,1,16,99,"GC06"
2026-01-27,"Tue",190,10700,11,1,14,98,"GC06"
2026-01-28,"Wed",157,12100,1,0,19,86,"GC06"
2026-01-29,"Thu",138,12200,0,0,44,71,"GC06"
2026-01-30,"Fri",200,10100,14,1,42,91,"GC06"
2026-01-31,"Sat",215,13700,9,1,35,147,"GC06"
2026-02-01,"Sun",207,15200,0,0,15,136,"GC06"
2026-02-02,"Mon",156,12200,0,0,0,77,"GC06"
2026-02-03,"Tue",151,11900,0,1,29,74,"GC06"
2026-02-04,"Wed",193,10400,16,1,21,92,"GC06"
2026-02-05,"Thu",177,10700,11,1,19,93,"GC06"
2026-02-06,"Fri",174,11000,9,1,35,73,"GC06"
2026-02-07,"Sat",225,14350,4,1,13,159,"GC06"
2026-02-08,"Sun",216,14450,4,1,20,153,"GC06"
2026-02-09,"Mon",203,10900,9,1,11,100,"GC06"
2026-02-10,"Tue",194,10600,9,1,10,93,"GC06"
2026-02-11,"Wed",145,11800,1,0,10,69,"GC06"
2026-02-12,"Thu",154,11600,6,1,34,85,"GC06"
2026-02-13,"Fri",178,11900,0,0,8,86,"GC06"
2026-02-14,"Sat",192,15200,0,0,26,135,"GC06"
2026-02-15,"Sun",161,15200,1,0,49,110,"GC06"
2026-02-16,"Mon",145,12200,0,0,33,71,"GC06"
2026-02-17,"Tue",137,12100,0,0,23,64,"GC06"
2026-02-18,"Wed",164,11900,1,0,11,79,"GC06"
2026-02-19,"Thu",156,11500,6,0,14,68,"GC06"
2026-02-20,"Fri",135,11900,0,0,64,68,"GC06"
2026-02-21,"Sat",235,12850,14,1,28,161,"GC06"
2026-02-22,"Sun",201,15100,0,1,6,153,"GC06"
2026-02-23,"Mon",142,11800,0,0,11,72,"GC06"
2026-02-24,"Tue",161,12200,0,0,19,78,"GC06"
2026-02-25,"Wed",168,11300,6,1,16,78,"GC06"
2026-02-26,"Thu",139,11500,4,0,55,71,"GC06"
2026-02-27,"Fri",171,12100,1,0,14,86,"GC06"
2026-02-28,"Sat",189,14800,0,0,34,134,"GC06"
2026-03-01,"Sun",197,15200,1,0,32,133,"GC06"
2026-03-02,"Mon",150,11300,4,0,41,69,"GC06"
2026-03-03,"Tue",152,11800,0,1,24,77,"GC06"
2026-03-04,"Wed",185,11000,11,1,19,75,"GC06"
2026-03-05,"Thu",173,11200,6,0,17,83,"GC06"
2026-03-06,"Fri",161,11600,6,0,39,82,"GC06"
2026-03-07,"Sat",184,14800,0,0,60,127,"GC06"
2026-03-08,"Sun",251,13300,11,1,11,169,"GC06"
2026-03-09,"Mon",166,10900,11,1,41,79,"GC06"
2026-03-10,"Tue",131,12200,1,0,54,70,"GC06"
2026-03-11,"Wed",164,12200,1,1,20,89,"GC06"
2026-03-12,"Thu",172,11600,4,1,22,93,"GC06"
2026-03-13,"Fri",188,12200,0,0,34,98,"GC06"
2026-03-14,"Sat",236,12850,14,1,32,174,"GC06"
2026-03-15,"Sun",213,14800,0,0,18,145,"GC06"
2026-03-16,"Mon",185,11600,4,1,44,101,"GC06"
2026-03-17,"Tue",197,10300,16,1,35,91,"GC06"
2026-03-18,"Wed",158,12100,0,0,13,82,"GC06"
2026-03-19,"Thu",174,11600,6,0,21,95,"GC06"
2026-03-20,"Fri",216,10600,11,1,23,108,"GC06"
2026-03-21,"Sat",203,14350,4,0,36,136,"GC06"
2026-03-22,"Sun",224,14800,0,1,16,150,"GC06"
2026-03-23,"Mon",183,11900,0,0,14,99,"GC06"
2026-03-24,"Tue",160,11800,0,0,19,75,"GC06"
2026-03-25,"Wed",154,11900,1,0,27,83,"GC06"
2026-03-26,"Thu",188,10600,11,1,31,96,"GC06"
2026-03-27,"Fri",185,11900,0,0,15,89,"GC06"
2026-03-28,"Sat",222,15200,0,0,10,153,"GC06"
2026-03-29,"Sun",180,15200,1,0,34,129,"GC06"
2026-03-30,"Mon",158,12200,0,1,32,79,"GC06"
2026-03-31,"Tue",192,10700,9,1,36,95,"GC06"
2026-04-01,"Wed",186,10100,16,1,57,98,"GC06"
2026-04-02,"Thu",204,10600,9,1,24,92,"GC06"
2026-04-03,"Fri",171,12200,0,0,56,85,"GC06"
2026-04-04,"Sat",230,15100,0,1,5,157,"GC06"
2026-04-05,"Sun",231,14150,4,1,9,165,"GC06"
2026-04-06,"Mon",161,11900,0,0,17,76,"GC06"
2026-04-07,"Tue",152,12200,1,0,62,73,"GC06"
2026-04-08,"Wed",168,11800,1,1,15,78,"GC06"
2026-04-09,"Thu",176,11800,1,0,4,88,"GC06"
2026-04-10,"Fri",202,10900,11,1,37,99,"GC06"
2026-04-11,"Sat",220,15200,0,0,12,154,"GC06"
2026-04-12,"Sun",175,15100,1,0,49,120,"GC06"
2026-04-13,"Mon",219,10100,16,1,10,114,"GC06"
2026-04-14,"Tue",183,12100,0,0,15,98,"GC06"
2026-04-15,"Wed",168,11500,4,0,57,91,"GC06"
2026-04-16,"Thu",219,10900,9,1,0,116,"GC06"
2026-04-17,"Fri",210,12200,1,0,11,107,"GC06"
2026-04-18,"Sat",252,12550,14,1,4,183,"GC06"
2026-04-19,"Sun",253,12850,16,1,15,175,"GC06"
2026-04-20,"Mon",176,11600,6,1,29,88,"GC06"
2026-04-21,"Tue",184,10100,16,1,30,87,"GC06"
2026-04-22,"Wed",165,11600,6,1,35,91,"GC06"
2026-04-23,"Thu",147,11200,4,0,36,65,"GC06"
2026-04-24,"Fri",217,10000,14,1,39,110,"GC06"
2026-04-25,"Sat",229,14800,1,0,4,166,"GC06"
2026-04-26,"Sun",203,15200,0,0,22,146,"GC06"
2026-04-27,"Mon",172,12200,0,0,14,95,"GC06"
2026-04-28,"Tue",200,10700,11,1,6,107,"GC06"
2026-04-29,"Wed",166,12100,0,0,39,89,"GC06"
2026-04-30,"Thu",173,11800,1,1,11,85,"GC06"
2026-05-01,"Fri",198,11200,6,0,27,97,"GC06"
2026-05-02,"Sat",229,15200,0,1,7,164,"GC06"
2026-05-03,"Sun",195,14800,0,0,46,140,"GC06"
2026-05-04,"Mon",170,11900,0,0,26,85,"GC06"
2026-05-05,"Tue",178,12200,1,0,27,91,"GC06"
2026-05-06,"Wed",135,12200,0,0,38,65,"GC06"
2026-05-07,"Thu",186,12200,1,0,13,88,"GC06"
2026-05-08,"Fri",205,10400,16,1,55,95,"GC06"
2026-05-09,"Sat",233,15200,1,0,11,170,"GC06"
2026-05-10,"Sun",229,14150,4,0,18,173,"GC06"
2026-05-11,"Mon",197,10700,9,1,21,96,"GC06"
2026-05-12,"Tue",205,10700,11,1,13,103,"GC06"
2026-05-13,"Wed",231,10100,14,1,12,102,"GC06"
2026-05-14,"Thu",168,12100,0,0,24,84,"GC06"
2026-05-15,"Fri",208,11300,4,0,21,112,"GC06"
2026-05-16,"Sat",253,13300,9,1,6,166,"GC06"
2026-05-17,"Sun",218,13600,11,0,41,159,"GC06"
2026-05-18,"Mon",165,11500,4,0,40,86,"GC06"
2026-05-19,"Tue",186,11500,4,0,26,85,"GC06"
2026-05-20,"Wed",199,10400,14,1,24,89,"GC06"
2026-05-21,"Thu",224,9500,20,1,8,93,"GC06"
2026-05-22,"Fri",198,12100,0,0,31,103,"GC06"
2026-05-23,"Sat",194,15100,1,0,46,122,"GC06"
2026-05-24,"Sun",252,12550,14,1,28,163,"GC06"
2026-05-25,"Mon",209,9400,20,1,29,95,"GC06"
2026-05-26,"Tue",164,11800,0,1,44,75,"GC06"
2026-05-27,"Wed",163,11600,6,0,50,91,"GC06"
2026-05-28,"Thu",215,11000,9,1,10,95,"GC06"
2026-05-29,"Fri",162,12200,1,0,53,77,"GC06"
2026-05-30,"Sat",227,15100,0,0,21,163,"GC06"
2026-05-31,"Sun",199,15100,1,0,33,141,"GC06"
2026-06-01,"Mon",145,12200,1,0,10,82,"GC06"
2026-06-02,"Tue",174,11000,11,1,35,84,"GC06"
2026-06-03,"Wed",150,12200,0,0,39,72,"GC06"
2026-06-04,"Thu",166,10600,9,1,34,76,"GC06"
2026-06-05,"Fri",180,10000,16,1,42,91,"GC06"
2026-06-06,"Sat",167,14450,4,0,35,110,"GC06"
2026-06-07,"Sun",208,15200,1,0,10,144,"GC06"
2026-06-08,"Mon",190,10300,14,1,21,110,"GC06"
2026-06-09,"Tue",143,12200,0,1,28,80,"GC06"
2026-06-10,"Wed",159,10700,11,1,38,90,"GC06"
2026-06-11,"Thu",139,11200,4,0,22,72,"GC06"
2026-06-12,"Fri",167,11800,1,0,23,80,"GC06"
2026-06-13,"Sat",189,14450,4,1,41,136,"GC06"
2026-06-14,"Sun",244,12650,16,1,16,172,"GC06"
2026-06-15,"Mon",155,12100,0,0,18,76,"GC06"
2026-06-16,"Tue",175,10600,11,1,6,83,"GC06"
2026-06-17,"Wed",159,11500,4,0,29,78,"GC06"
2026-06-18,"Thu",183,12200,1,0,2,96,"GC06"
2026-06-19,"Fri",175,12200,1,0,7,79,"GC06"
2026-06-20,"Sat",222,12550,14,1,41,160,"GC06"
2026-06-21,"Sun",216,14150,4,0,26,144,"GC06"
2026-06-22,"Mon",175,11800,1,0,9,80,"GC06"
2026-06-23,"Tue",183,11300,6,0,4,90,"GC06"
2026-06-24,"Wed",127,12200,0,0,50,67,"GC06"
2026-06-25,"Thu",173,10400,14,1,31,92,"GC06"
2026-06-26,"Fri",197,11000,11,1,18,95,"GC06"
2026-06-27,"Sat",178,15200,1,0,22,137,"GC06"
2026-06-28,"Sun",242,12650,14,1,2,173,"GC06"
2026-06-29,"Mon",156,11900,0,0,32,75,"GC06"
2026-06-30,"Tue",169,10100,14,1,40,87,"GC06"
2026-07-01,"Wed",162,11800,0,0,25,76,"GC06"
2026-07-02,"Thu",128,11900,1,0,49,62,"GC06"
2026-07-03,"Fri",177,11800,1,0,17,89,"GC06"
2026-07-04,"Sat",249,12100,20,1,6,170,"GC06"
2026-07-05,"Sun",234,13600,9,1,22,162,"GC06"
2026-07-06,"Mon",145,11300,4,1,39,67,"GC06"
2026-07-07,"Tue",168,10600,9,1,34,72,"GC06"
2026-07-08,"Wed",121,11800,1,1,59,62,"GC06"
2026-07-09,"Thu",159,11900,1,1,19,82,"GC06"
2026-07-10,"Fri",202,11600,4,1,12,105,"GC06"
2026-07-11,"Sat",198,15200,0,0,27,142,"GC06"
2026-07-12,"Sun",188,15200,0,0,23,139,"GC06"
2026-07-13,"Mon",161,12100,0,0,0,78,"GC06"
2026-07-14,"Tue",121,12100,0,0,38,64,"GC06"
2026-07-15,"Wed",174,11800,0,0,10,85,"GC06"
2026-07-16,"Thu",167,12200,1,0,9,82,"GC06"
2026-07-17,"Fri",191,12100,0,0,5,100,"GC06"
2026-07-18,"Sat",184,15200,1,1,31,141,"GC06"
2026-07-19,"Sun",186,12650,14,1,64,132,"GC06"
2026-07-20,"Mon",172,10600,11,1,32,77,"GC06"
2026-07-21,"Tue",114,11900,0,0,50,58,"GC06"
2026-07-22,"Wed",168,9400,20,1,47,87,"GC06"
2026-07-23,"Thu",177,10400,14,1,19,90,"GC06"
2026-07-24,"Fri",198,11300,4,0,0,93,"GC06"
2026-07-25,"Sat",251,13300,11,1,8,181,"GC06"
2026-07-26,"Sun",209,13600,11,0,35,144,"GC06"
2026-07-27,"Mon",137,11900,0,0,50,71,"GC06"
2026-07-28,"Tue",133,12100,0,0,22,63,"GC06"
2026-07-29,"Wed",168,10400,16,1,45,85,"GC06"
2026-07-30,"Thu",188,9500,19,1,31,92,"GC06"
2026-07-31,"Fri",182,11600,6,0,31,87,"GC06"
2026-08-01,"Sat",167,15200,1,0,54,124,"GC06"
2026-08-02,"Sun",160,15200,1,0,54,107,"GC06"
2026-08-03,"Mon",136,12200,0,0,27,72,"GC06"
2026-08-04,"Tue",153,11300,6,0,17,72,"GC06"
2026-08-05,"Wed",157,11800,0,0,14,85,"GC06"
2026-08-06,"Thu",126,12100,0,0,26,63,"GC06"
2026-08-07,"Fri",218,10700,11,1,8,107,"GC06"
2026-08-08,"Sat",193,15100,1,0,27,131,"GC06"
2026-08-09,"Sun",201,13700,9,1,37,124,"GC06"
2026-08-10,"Mon",146,11300,6,1,36,77,"GC06"
2026-08-11,"Tue",146,12200,0,0,22,81,"GC06"
2026-08-12,"Wed",141,11900,1,1,24,67,"GC06"
2026-08-13,"Thu",117,12100,1,0,52,56,"GC06"
2026-08-14,"Fri",154,11800,1,0,53,71,"GC06"
2026-08-15,"Sat",194,15100,1,0,27,139,"GC06"
2026-08-16,"Sun",204,15200,0,1,9,145,"GC06"
2026-08-17,"Mon",141,12100,0,0,36,77,"GC06"
2026-08-18,"Tue",141,11900,0,0,24,79,"GC06"
2026-08-19,"Wed",116,12200,1,0,46,61,"GC06"
2026-08-20,"Thu",171,11800,0,0,3,91,"GC06"
2026-08-21,"Fri",246,10100,14,1,4,108,"GC06"
2026-08-22,"Sat",202,14800,0,0,17,140,"GC06"
2026-08-23,"Sun",153,14900,0,0,64,107,"GC06"
2026-08-24,"Mon",158,11900,0,0,24,72,"GC06"
2026-08-25,"Tue",124,12100,0,0,34,55,"GC06"
2026-08-26,"Wed",146,11900,1,1,20,76,"GC06"
2026-08-27,"Thu",136,11800,1,1,45,62,"GC06"
2026-08-28,"Fri",197,11000,9,1,20,105,"GC06"
2026-08-29,"Sat",185,15200,1,0,15,124,"GC06"
2026-08-30,"Sun",185,14900,0,0,33,125,"GC06"
2026-08-31,"Mon",124,11800,1,0,45,70,"GC06"
2026-09-01,"Tue",,10600,11,1,15,93,"GC06"
2026-09-02,"Wed",,10600,11,1,28,73,"GC06"
2026-09-03,"Thu",,10700,11,1,17,99,"GC06"
2026-09-04,"Fri",,12100,1,1,46,75,"GC06"
2026-09-05,"Sat",,15200,1,1,18,131,"GC06"
2026-09-06,"Sun",,14800,1,1,57,119,"GC06"
2026-09-07,"Mon",,10400,14,1,51,81,"GC06"
2026-09-08,"Tue",,10300,14,1,35,71,"GC06"
2026-09-09,"Wed",,12200,0,0,29,75,"GC06"
2026-09-10,"Thu",,12100,0,0,54,63,"GC06"
2026-09-11,"Fri",,11900,1,0,50,77,"GC06"
2026-09-12,"Sat",,12200,20,1,17,163,"GC06"
2026-09-13,"Sun",,12650,16,0,11,181,"GC06"
2026-09-14,"Mon",,11200,6,1,4,91,"GC06"
2026-09-15,"Tue",,12100,1,1,15,73,"GC06"
2026-09-16,"Wed",,11500,4,1,55,77,"GC06"
2026-09-17,"Thu",,12200,1,0,37,78,"GC06"
2026-09-18,"Fri",,11200,6,0,9,89,"GC06"
2026-09-19,"Sat",,14800,0,0,47,114,"GC06"
2026-09-20,"Sun",,12650,16,1,9,172,"GC06"
2026-09-21,"Mon",,10900,9,1,21,77,"GC06"
2026-09-22,"Tue",,11900,0,0,34,78,"GC06"
2026-09-23,"Wed",,12100,1,0,70,52,"GC06"
2026-09-24,"Thu",,11900,0,0,24,72,"GC06"
2026-09-25,"Fri",,11000,11,1,19,99,"GC06"
2026-09-26,"Sat",,15100,0,0,25,134,"GC06"
2026-09-27,"Sun",,12100,20,1,10,175,"GC06"
2026-09-28,"Mon",,10300,14,0,55,79,"GC06"
2026-09-29,"Tue",,9700,19,1,10,115,"GC06"
2026-09-30,"Wed",,11000,9,1,0,95,"GC06"
2023-09-01,"Fri",205,9700,19,1,29,116,"GC07"
2023-09-02,"Sat",202,15100,0,0,14,146,"GC07"
2023-09-03,"Sun",207,14350,4,0,24,150,"GC07"
2023-09-04,"Mon",223,10100,16,1,3,111,"GC07"
2023-09-05,"Tue",161,11600,6,0,20,84,"GC07"
2023-09-06,"Wed",200,9700,20,0,33,105,"GC07"
2023-09-07,"Thu",180,10700,9,1,26,94,"GC07"
2023-09-08,"Fri",186,11600,4,1,9,101,"GC07"
2023-09-09,"Sat",206,15200,1,0,5,145,"GC07"
2023-09-10,"Sun",193,15100,0,0,14,142,"GC07"
2023-09-11,"Mon",166,12100,0,0,5,91,"GC07"
2023-09-12,"Tue",128,11300,4,1,65,64,"GC07"
2023-09-13,"Wed",180,11000,11,1,13,99,"GC07"
2023-09-14,"Thu",173,10400,14,1,49,89,"GC07"
2023-09-15,"Fri",152,12100,0,0,37,82,"GC07"
2023-09-16,"Sat",183,14350,6,0,46,126,"GC07"
2023-09-17,"Sun",205,13600,9,1,42,137,"GC07"
2023-09-18,"Mon",149,12100,1,1,35,66,"GC07"
2023-09-19,"Tue",154,11900,1,1,3,81,"GC07"
2023-09-20,"Wed",142,11800,0,0,9,63,"GC07"
2023-09-21,"Thu",157,12100,0,0,20,71,"GC07"
2023-09-22,"Fri",219,9700,20,1,22,111,"GC07"
2023-09-23,"Sat",217,12550,16,1,40,151,"GC07"
2023-09-24,"Sun",184,14350,4,0,43,133,"GC07"
2023-09-25,"Mon",160,10000,16,1,47,80,"GC07"
2023-09-26,"Tue",143,11900,0,0,23,79,"GC07"
2023-09-27,"Wed",165,12200,0,0,5,98,"GC07"
2023-09-28,"Thu",143,11900,0,1,44,73,"GC07"
2023-09-29,"Fri",185,11500,4,1,26,96,"GC07"
2023-09-30,"Sat",203,14900,1,0,11,148,"GC07"
2023-10-01,"Sun",252,12650,14,1,34,187,"GC07"
2023-10-02,"Mon",141,11800,0,0,46,73,"GC07"
2023-10-03,"Tue",227,10100,14,1,3,117,"GC07"
2023-10-04,"Wed",173,11900,1,1,31,95,"GC07"
2023-10-05,"Thu",204,10900,9,1,6,94,"GC07"
2023-10-06,"Fri",228,10300,16,1,16,121,"GC07"
2023-10-07,"Sat",232,13400,9,0,38,159,"GC07"
2023-10-08,"Sun",225,14900,0,1,7,157,"GC07"
2023-10-09,"Mon",175,11800,0,1,22,89,"GC07"
2023-10-10,"Tue",193,9800,19,1,50,99,"GC07"
2023-10-11,"Wed",221,10700,11,0,6,104,"GC07"
2023-10-12,"Thu",154,11800,1,0,29,79,"GC07"
2023-10-13,"Fri",200,11000,11,1,24,91,"GC07"
2023-10-14,"Sat",227,15200,1,0,15,165,"GC07"
2023-10-15,"Sun",242,12950,16,1,25,158,"GC07"
2023-10-16,"Mon",163,11800,0,1,21,85,"GC07"
2023-10-17,"Tue",167,12100,0,0,11,92,"GC07"
2023-10-18,"Wed",222,10700,11,1,14,122,"GC07"
2023-10-19,"Thu",230,10600,11,1,11,115,"GC07"
2023-10-20,"Fri",208,11600,4,1,16,106,"GC07"
2023-10-21,"Sat",199,15100,1,0,52,143,"GC07"
2023-10-22,"Sun",247,13400,11,1,13,167,"GC07"
2023-10-23,"Mon",203,10600,9,1,13,90,"GC07"
2023-10-24,"Tue",194,11300,4,1,32,91,"GC07"
2023-10-25,"Wed",202,9400,19,1,25,106,"GC07"
2023-10-26,"Thu",178,11500,4,0,33,82,"GC07"
2023-10-27,"Fri",226,10400,16,1,28,102,"GC07"
2023-10-28,"Sat",236,13300,11,1,29,175,"GC07"
2023-10-29,"Sun",196,15200,1,0,22,135,"GC07"
2023-10-30,"Mon",151,11200,4,0,54,66,"GC07"
2023-10-31,"Tue",169,11800,1,1,24,85,"GC07"
2023-11-01,"Wed",161,12200,1,0,20,72,"GC07"
2023-11-02,"Thu",127,11800,0,0,48,67,"GC07"
2023-11-03,"Fri",213,10300,16,1,23,103,"GC07"
2023-11-04,"Sat",247,12950,14,1,9,162,"GC07"
2023-11-05,"Sun",209,14050,6,0,38,152,"GC07"
2023-11-06,"Mon",168,10600,9,1,44,86,"GC07"
2023-11-07,"Tue",205,11000,9,1,12,102,"GC07"
2023-11-08,"Wed",185,11000,11,1,40,97,"GC07"
2023-11-09,"Thu",152,11800,1,0,26,76,"GC07"
2023-11-10,"Fri",219,10300,16,1,25,106,"GC07"
2023-11-11,"Sat",192,14900,0,1,62,144,"GC07"
2023-11-12,"Sun",220,14450,4,0,22,150,"GC07"
2023-11-13,"Mon",199,10600,9,1,16,95,"GC07"
2023-11-14,"Tue",186,11300,4,1,17,92,"GC07"
2023-11-15,"Wed",210,11000,9,1,6,109,"GC07"
2023-11-16,"Thu",194,10900,9,1,24,81,"GC07"
2023-11-17,"Fri",226,11000,11,1,4,107,"GC07"
2023-11-18,"Sat",220,14800,0,0,10,154,"GC07"
2023-11-19,"Sun",181,15100,1,0,47,129,"GC07"
2023-11-20,"Mon",167,10700,11,1,54,91,"GC07"
2023-11-21,"Tue",187,12100,1,1,1,93,"GC07"
2023-11-22,"Wed",155,11800,0,0,30,80,"GC07"
2023-11-23,"Thu",181,12100,1,0,16,85,"GC07"
2023-11-24,"Fri",166,12200,1,0,26,79,"GC07"
2023-11-25,"Sat",202,14800,1,0,36,142,"GC07"
2023-11-26,"Sun",205,12950,14,1,51,141,"GC07"
2023-11-27,"Mon",171,12100,0,0,8,82,"GC07"
2023-11-28,"Tue",181,11500,6,0,11,90,"GC07"
2023-11-29,"Wed",157,12100,0,0,18,89,"GC07"
2023-11-30,"Thu",155,11000,11,1,49,83,"GC07"
2023-12-01,"Fri",131,12100,0,0,43,60,"GC07"
2023-12-02,"Sat",206,15100,0,0,10,142,"GC07"
2023-12-03,"Sun",204,14800,1,0,26,139,"GC07"
2023-12-04,"Mon",130,11200,4,0,53,61,"GC07"
2023-12-05,"Tue",157,11600,4,0,36,75,"GC07"
2023-12-06,"Wed",187,10100,16,1,20,94,"GC07"
2023-12-07,"Thu",170,10000,16,1,32,93,"GC07"
2023-12-08,"Fri",168,11900,0,0,16,85,"GC07"
2023-12-09,"Sat",205,15200,1,1,19,142,"GC07"
2023-12-10,"Sun",167,14900,1,0,44,116,"GC07"
2023-12-11,"Mon",149,11500,4,1,49,74,"GC07"
2023-12-12,"Tue",173,11500,6,0,6,97,"GC07"
2023-12-13,"Wed",186,9700,20,1,47,97,"GC07"
2023-12-14,"Thu",186,11500,6,0,10,96,"GC07"
2023-12-15,"Fri",195,10600,9,0,18,94,"GC07"
2023-12-16,"Sat",235,12850,16,1,23,160,"GC07"
2023-12-17,"Sun",193,15100,1,0,17,133,"GC07"
2023-12-18,"Mon",142,11900,1,0,37,71,"GC07"
2023-12-19,"Tue",167,12100,0,0,13,93,"GC07"
2023-12-20,"Wed",127,12100,1,0,53,63,"GC07"
2023-12-21,"Thu",210,10100,14,1,3,100,"GC07"
2023-12-22,"Fri",200,10900,11,1,8,94,"GC07"
2023-12-23,"Sat",209,15200,1,0,5,151,"GC07"
2023-12-24,"Sun",199,13600,11,1,50,142,"GC07"
2023-12-25,"Mon",131,11200,4,0,47,72,"GC07"
2023-12-26,"Tue",152,11900,1,1,22,63,"GC07"
2023-12-27,"Wed",122,11600,4,1,71,72,"GC07"
2023-12-28,"Thu",201,9400,19,1,15,99,"GC07"
2023-12-29,"Fri",153,11800,0,0,52,71,"GC07"
2023-12-30,"Sat",215,14150,6,0,7,156,"GC07"
2023-12-31,"Sun",216,14050,6,0,15,150,"GC07"
2024-01-01,"Mon",144,11300,6,0,34,66,"GC07"
2024-01-02,"Tue",140,11900,1,0,42,76,"GC07"
2024-01-03,"Wed",189,10900,9,1,21,91,"GC07"
2024-01-04,"Thu",178,9700,19,1,49,89,"GC07"
2024-01-05,"Fri",195,11800,0,0,2,96,"GC07"
2024-01-06,"Sat",220,13600,11,1,15,154,"GC07"
2024-01-07,"Sun",186,14800,1,0,44,126,"GC07"
2024-01-08,"Mon",173,11600,6,0,2,90,"GC07"
2024-01-09,"Tue",154,11600,6,0,27,76,"GC07"
2024-01-10,"Wed",145,12100,0,0,30,68,"GC07"
2024-01-11,"Thu",138,11800,0,0,34,70,"GC07"
2024-01-12,"Fri",171,11900,0,0,10,80,"GC07"
2024-01-13,"Sat",201,13700,9,1,26,137,"GC07"
2024-01-14,"Sun",203,14800,0,0,16,142,"GC07"
2024-01-15,"Mon",185,10600,9,1,2,92,"GC07"
2024-01-16,"Tue",181,10300,16,1,45,85,"GC07"
2024-01-17,"Wed",169,12100,1,0,9,85,"GC07"
2024-01-18,"Thu",128,11800,0,0,35,61,"GC07"
2024-01-19,"Fri",184,10600,11,1,44,93,"GC07"
2024-01-20,"Sat",206,14450,6,1,48,145,"GC07"
2024-01-21,"Sun",183,14900,1,0,17,134,"GC07"
2024-01-22,"Mon",189,11000,9,0,21,95,"GC07"
2024-01-23,"Tue",106,11900,1,0,64,54,"GC07"
2024-01-24,"Wed",150,11900,0,0,24,68,"GC07"
2024-01-25,"Thu",137,11600,6,0,22,58,"GC07"
2024-01-26,"Fri",182,10900,9,1,32,97,"GC07"
2024-01-27,"Sat",190,14050,4,0,31,136,"GC07"
2024-01-28,"Sun",241,12550,16,0,22,174,"GC07"
2024-01-29,"Mon",165,11200,6,0,35,72,"GC07"
2024-01-30,"Tue",164,11800,1,0,9,74,"GC07"
2024-01-31,"Wed",157,12200,0,1,27,70,"GC07"
2024-02-01,"Thu",178,10100,14,1,41,84,"GC07"
2024-02-02,"Fri",191,10700,9,1,39,88,"GC07"
2024-02-03,"Sat",198,14150,6,0,28,135,"GC07"
2024-02-04,"Sun",182,14450,6,1,48,132,"GC07"
2024-02-05,"Mon",184,10600,11,1,14,95,"GC07"
2024-02-06,"Tue",130,11900,1,0,32,62,"GC07"
2024-02-07,"Wed",123,11800,1,1,43,56,"GC07"
2024-02-08,"Thu",153,11900,1,0,22,68,"GC07"
2024-02-09,"Fri",168,11300,4,1,34,84,"GC07"
2024-02-10,"Sat",208,12850,16,0,50,145,"GC07"
2024-02-11,"Sun",197,14900,0,0,19,144,"GC07"
2024-02-12,"Mon",164,10600,11,1,46,87,"GC07"
2024-02-13,"Tue",154,11900,0,0,14,71,"GC07"
2024-02-14,"Wed",153,12100,0,1,20,79,"GC07"
2024-02-15,"Thu",166,11500,6,0,10,82,"GC07"
2024-02-16,"Fri",221,10100,16,1,9,113,"GC07"
2024-02-17,"Sat",190,15200,0,0,28,122,"GC07"
2024-02-18,"Sun",208,14350,4,0,14,147,"GC07"
2024-02-19,"Mon",202,10700,9,1,26,102,"GC07"
2024-02-20,"Tue",166,11800,1,0,12,89,"GC07"
2024-02-21,"Wed",187,11000,9,1,0,94,"GC07"
2024-02-22,"Thu",131,11500,4,0,42,73,"GC07"
2024-02-23,"Fri",131,12200,1,0,51,53,"GC07"
2024-02-24,"Sat",215,14050,6,0,11,150,"GC07"
2024-02-25,"Sun",229,13700,11,1,19,161,"GC07"
2024-02-26,"Mon",175,11600,6,0,4,89,"GC07"
2024-02-27,"Tue",192,10300,14,1,22,98,"GC07"
2024-02-28,"Wed",160,12100,1,1,12,83,"GC07"
2024-02-29,"Thu",158,10600,9,1,39,85,"GC07"
2024-03-01,"Fri",210,11000,9,1,5,102,"GC07"
2024-03-02,"Sat",207,14900,0,0,23,152,"GC07"
2024-03-03,"Sun",248,12200,19,0,0,175,"GC07"
2024-03-04,"Mon",168,11900,0,0,8,81,"GC07"
2024-03-05,"Tue",186,12200,0,0,12,99,"GC07"
2024-03-06,"Wed",154,12100,1,1,24,79,"GC07"
2024-03-07,"Thu",141,11900,0,0,46,57,"GC07"
2024-03-08,"Fri",222,9800,19,1,30,103,"GC07"
2024-03-09,"Sat",229,14450,4,0,18,162,"GC07"
2024-03-10,"Sun",250,13700,9,1,5,179,"GC07"
2024-03-11,"Mon",164,11000,11,1,41,76,"GC07"
2024-03-12,"Tue",134,12200,0,0,34,65,"GC07"
2024-03-13,"Wed",166,11600,6,0,33,77,"GC07"
2024-03-14,"Thu",194,9700,19,0,50,109,"GC07"
2024-03-15,"Fri",175,11800,0,0,51,84,"GC07"
2024-03-16,"Sat",216,14350,6,0,29,138,"GC07"
2024-03-17,"Sun",227,15200,0,0,3,155,"GC07"
2024-03-18,"Mon",155,11800,0,0,38,72,"GC07"
2024-03-19,"Tue",162,11800,1,0,30,77,"GC07"
2024-03-20,"Wed",202,9400,20,1,16,99,"GC07"
2024-03-21,"Thu",160,11800,1,0,40,77,"GC07"
2024-03-22,"Fri",175,10100,16,1,48,89,"GC07"
2024-03-23,"Sat",209,14350,6,0,30,144,"GC07"
2024-03-24,"Sun",195,15200,0,1,26,131,"GC07"
2024-03-25,"Mon",186,11500,4,0,5,97,"GC07"
2024-03-26,"Tue",162,11800,0,1,16,83,"GC07"
2024-03-27,"Wed",132,12100,0,0,52,66,"GC07"
2024-03-28,"Thu",203,10300,16,1,16,106,"GC07"
2024-03-29,"Fri",227,10700,11,1,9,113,"GC07"
2024-03-30,"Sat",224,14150,4,1,11,154,"GC07"
2024-03-31,"Sun",216,15200,1,1,7,145,"GC07"
2024-04-01,"Mon",170,11900,0,0,31,81,"GC07"
2024-04-02,"Tue",168,11000,11,1,54,81,"GC07"
2024-04-03,"Wed",172,11500,4,0,25,87,"GC07"
2024-04-04,"Thu",241,9800,20,1,6,106,"GC07"
2024-04-05,"Fri",211,11900,1,0,6,114,"GC07"
2024-04-06,"Sat",211,13300,11,0,64,142,"GC07"
2024-04-07,"Sun",220,14900,0,1,23,150,"GC07"
2024-04-08,"Mon",188,10900,11,1,26,95,"GC07"
2024-04-09,"Tue",179,11500,4,0,20,95,"GC07"
2024-04-10,"Wed",176,12100,1,0,14,78,"GC07"
2024-04-11,"Thu",161,11600,6,0,28,79,"GC07"
2024-04-12,"Fri",203,10300,14,1,53,103,"GC07"
2024-04-13,"Sat",225,13300,9,1,54,163,"GC07"
2024-04-14,"Sun",247,12950,16,1,29,175,"GC07"
2024-04-15,"Mon",164,12100,1,0,30,82,"GC07"
2024-04-16,"Tue",142,11900,1,0,45,68,"GC07"
2024-04-17,"Wed",182,11500,6,0,13,93,"GC07"
2024-04-18,"Thu",222,11500,6,1,2,113,"GC07"
2024-04-19,"Fri",207,10300,16,1,43,106,"GC07"
2024-04-20,"Sat",200,15200,1,0,37,136,"GC07"
2024-04-21,"Sun",227,14900,0,0,11,159,"GC07"
2024-04-22,"Mon",146,12100,1,0,25,73,"GC07"
2024-04-23,"Tue",210,11000,11,1,7,96,"GC07"
2024-04-24,"Wed",193,11200,4,1,25,91,"GC07"
2024-04-25,"Thu",168,11500,6,0,31,71,"GC07"
2024-04-26,"Fri",214,12200,0,1,18,108,"GC07"
2024-04-27,"Sat",247,12650,14,1,26,170,"GC07"
2024-04-28,"Sun",254,13300,11,1,32,168,"GC07"
2024-04-29,"Mon",177,12200,1,1,27,80,"GC07"
2024-04-30,"Tue",147,12200,1,0,24,80,"GC07"
2024-05-01,"Wed",176,11900,0,0,10,81,"GC07"
2024-05-02,"Thu",191,11800,1,1,10,94,"GC07"
2024-05-03,"Fri",228,10600,11,1,25,104,"GC07"
2024-05-04,"Sat",202,14900,0,0,34,138,"GC07"
2024-05-05,"Sun",218,13700,11,1,55,150,"GC07"
2024-05-06,"Mon",197,11800,1,1,11,96,"GC07"
2024-05-07,"Tue",172,11900,1,0,24,88,"GC07"
2024-05-08,"Wed",149,12200,1,0,31,73,"GC07"
2024-05-09,"Thu",178,11800,1,0,15,84,"GC07"
2024-05-10,"Fri",208,11200,6,0,14,99,"GC07"
2024-05-11,"Sat",219,14050,4,0,49,153,"GC07"
2024-05-12,"Sun",233,13400,9,0,33,162,"GC07"
2024-05-13,"Mon",198,10100,14,1,25,99,"GC07"
2024-05-14,"Tue",154,11500,4,1,52,65,"GC07"
2024-05-15,"Wed",180,11200,6,0,13,81,"GC07"
2024-05-16,"Thu",148,11600,4,1,44,77,"GC07"
2024-05-17,"Fri",191,10000,14,1,58,98,"GC07"
2024-05-18,"Sat",226,14900,0,0,21,149,"GC07"
2024-05-19,"Sun",215,15200,1,0,34,140,"GC07"
2024-05-20,"Mon",203,10700,11,1,11,98,"GC07"
2024-05-21,"Tue",194,10000,16,1,40,108,"GC07"
2024-05-22,"Wed",195,10700,11,0,33,89,"GC07"
2024-05-23,"Thu",169,12200,0,1,29,83,"GC07"
2024-05-24,"Fri",183,12100,0,1,46,89,"GC07"
2024-05-25,"Sat",255,12550,16,1,17,180,"GC07"
2024-05-26,"Sun",194,14450,4,0,59,144,"GC07"
2024-05-27,"Mon",159,11900,1,0,28,84,"GC07"
2024-05-28,"Tue",168,11800,0,0,33,87,"GC07"
2024-05-29,"Wed",177,11200,4,0,17,95,"GC07"
2024-05-30,"Thu",203,10400,16,1,39,111,"GC07"
2024-05-31,"Fri",244,10300,14,1,8,132,"GC07"
2024-06-01,"Sat",220,14350,6,0,10,135,"GC07"
2024-06-02,"Sun",186,15100,1,1,41,118,"GC07"
2024-06-03,"Mon",201,10700,11,0,13,91,"GC07"
2024-06-04,"Tue",148,11900,1,0,25,71,"GC07"
2024-06-05,"Wed",187,12100,0,1,10,99,"GC07"
2024-06-06,"Thu",145,11900,1,0,42,82,"GC07"
2024-06-07,"Fri",211,11300,4,0,4,104,"GC07"
2024-06-08,"Sat",202,14450,6,1,34,141,"GC07"
2024-06-09,"Sun",181,14800,1,0,32,119,"GC07"
2024-06-10,"Mon",209,9700,20,1,7,126,"GC07"
2024-06-11,"Tue",146,11900,0,0,26,76,"GC07"
2024-06-12,"Wed",160,10700,9,1,29,77,"GC07"
2024-06-13,"Thu",174,11600,4,1,11,75,"GC07"
2024-06-14,"Fri",225,10600,9,1,8,116,"GC07"
2024-06-15,"Sat",214,13600,9,0,39,157,"GC07"
2024-06-16,"Sun",208,14800,1,1,22,148,"GC07"
2024-06-17,"Mon",193,10600,9,0,14,100,"GC07"
2024-06-18,"Tue",162,10400,14,1,45,86,"GC07"
2024-06-19,"Wed",161,12200,1,0,13,80,"GC07"
2024-06-20,"Thu",146,10700,9,1,45,66,"GC07"
2024-06-21,"Fri",161,10100,14,1,69,82,"GC07"
2024-06-22,"Sat",206,15100,1,0,17,145,"GC07"
2024-06-23,"Sun",175,14900,0,0,34,131,"GC07"
2024-06-24,"Mon",128,11300,4,0,53,66,"GC07"
2024-06-25,"Tue",128,12200,0,0,46,62,"GC07"
2024-06-26,"Wed",153,11600,6,1,43,82,"GC07"
2024-06-27,"Thu",124,11800,1,0,48,60,"GC07"
2024-06-28,"Fri",169,11500,6,0,25,76,"GC07"
2024-06-29,"Sat",175,15100,1,0,40,122,"GC07"
2024-06-30,"Sun",218,14800,1,1,14,139,"GC07"
2024-07-01,"Mon",164,11000,11,1,34,76,"GC07"
2024-07-02,"Tue",137,11500,6,0,43,71,"GC07"
2024-07-03,"Wed",166,11300,6,0,35,81,"GC07"
2024-07-04,"Thu",148,11800,0,0,11,73,"GC07"
2024-07-05,"Fri",175,10100,16,1,25,93,"GC07"
2024-07-06,"Sat",201,15200,1,0,27,128,"GC07"
2024-07-07,"Sun",199,14800,1,1,22,138,"GC07"
2024-07-08,"Mon",219,9500,19,1,14,103,"GC07"
2024-07-09,"Tue",145,11300,6,0,29,67,"GC07"
2024-07-10,"Wed",195,10000,14,1,32,90,"GC07"
2024-07-11,"Thu",155,12100,1,1,34,77,"GC07"
2024-07-12,"Fri",184,12100,0,0,22,82,"GC07"
2024-07-13,"Sat",214,14450,4,0,27,144,"GC07"
2024-07-14,"Sun",190,14800,1,0,35,121,"GC07"
2024-07-15,"Mon",179,10000,14,0,48,83,"GC07"
2024-07-16,"Tue",135,11300,4,0,30,66,"GC07"
2024-07-17,"Wed",177,11000,11,0,25,86,"GC07"
2024-07-18,"Thu",163,11000,11,1,35,78,"GC07"
2024-07-19,"Fri",185,10400,14,1,65,88,"GC07"
2024-07-20,"Sat",192,14800,0,0,22,142,"GC07"
2024-07-21,"Sun",192,14800,1,0,27,136,"GC07"
2024-07-22,"Mon",194,10100,16,0,26,91,"GC07"
2024-07-23,"Tue",180,10300,16,1,29,87,"GC07"
2024-07-24,"Wed",171,12100,1,0,12,82,"GC07"
2024-07-25,"Thu",166,10600,11,1,32,82,"GC07"
2024-07-26,"Fri",166,11900,0,0,8,82,"GC07"
2024-07-27,"Sat",184,14900,1,0,36,122,"GC07"
2024-07-28,"Sun",203,14900,1,0,4,143,"GC07"
2024-07-29,"Mon",170,11300,4,0,29,82,"GC07"
2024-07-30,"Tue",147,12100,0,0,24,74,"GC07"
2024-07-31,"Wed",160,11000,11,1,24,81,"GC07"
2024-08-01,"Thu",154,11300,4,0,33,83,"GC07"
2024-08-02,"Fri",163,11900,0,0,22,78,"GC07"
2024-08-03,"Sat",196,15100,1,0,36,138,"GC07"
2024-08-04,"Sun",212,14800,1,0,4,150,"GC07"
2024-08-05,"Mon",121,11300,4,1,79,54,"GC07"
2024-08-06,"Tue",153,11900,1,1,11,78,"GC07"
2024-08-07,"Wed",174,10900,9,1,24,92,"GC07"
2024-08-08,"Thu",150,11300,6,0,31,68,"GC07"
2024-08-09,"Fri",200,12100,0,0,12,105,"GC07"
2024-08-10,"Sat",158,15100,0,0,62,121,"GC07"
2024-08-11,"Sun",200,13400,9,0,42,148,"GC07"
2024-08-12,"Mon",172,11600,6,0,16,87,"GC07"
2024-08-13,"Tue",162,11800,1,0,16,84,"GC07"
2024-08-14,"Wed",143,11600,4,0,32,70,"GC07"
2024-08-15,"Thu",184,11200,6,1,7,92,"GC07"
2024-08-16,"Fri",142,11900,1,0,57,63,"GC07"
2024-08-17,"Sat",221,13400,9,1,20,160,"GC07"
2024-08-18,"Sun",205,14900,1,0,23,134,"GC07"
2024-08-19,"Mon",145,11900,0,0,39,67,"GC07"
2024-08-20,"Tue",196,10000,14,1,20,111,"GC07"
2024-08-21,"Wed",144,11900,0,0,49,69,"GC07"
2024-08-22,"Thu",133,12200,1,0,26,66,"GC07"
2024-08-23,"Fri",184,11500,6,0,18,89,"GC07"
2024-08-24,"Sat",237,12650,16,1,20,175,"GC07"
2024-08-25,"Sun",192,14900,1,0,32,136,"GC07"
2024-08-26,"Mon",141,12200,0,0,35,70,"GC07"
2024-08-27,"Tue",170,11600,6,0,9,81,"GC07"
2024-08-28,"Wed",115,11900,1,0,43,56,"GC07"
2024-08-29,"Thu",200,10000,14,1,12,98,"GC07"
2024-08-30,"Fri",144,11800,1,0,27,76,"GC07"
2024-08-31,"Sat",164,15100,1,0,48,113,"GC07"
2024-09-01,"Sun",164,15100,0,0,58,120,"GC07"
2024-09-02,"Mon",163,12100,1,0,7,81,"GC07"
2024-09-03,"Tue",199,10900,9,1,8,104,"GC07"
2024-09-04,"Wed",147,12100,1,1,35,57,"GC07"
2024-09-05,"Thu",153,12100,1,0,6,75,"GC07"
2024-09-06,"Fri",147,12100,1,0,50,70,"GC07"
2024-09-07,"Sat",187,14900,0,0,27,121,"GC07"
2024-09-08,"Sun",223,12650,16,1,23,152,"GC07"
2024-09-09,"Mon",119,11900,0,0,42,59,"GC07"
2024-09-10,"Tue",179,10900,11,0,36,92,"GC07"
2024-09-11,"Wed",155,11200,4,0,38,85,"GC07"
2024-09-12,"Thu",180,10900,9,1,30,86,"GC07"
2024-09-13,"Fri",197,11300,6,0,18,89,"GC07"
2024-09-14,"Sat",247,13400,11,1,11,164,"GC07"
2024-09-15,"Sun",169,15200,1,0,32,118,"GC07"
2024-09-16,"Mon",155,10700,9,0,57,77,"GC07"
2024-09-17,"Tue",143,12100,0,0,20,75,"GC07"
2024-09-18,"Wed",120,11800,0,0,49,64,"GC07"
2024-09-19,"Thu",137,11900,1,0,25,76,"GC07"
2024-09-20,"Fri",164,11900,1,1,34,89,"GC07"
2024-09-21,"Sat",214,14800,1,0,7,155,"GC07"
2024-09-22,"Sun",210,14450,6,0,8,139,"GC07"
2024-09-23,"Mon",131,12100,0,1,36,68,"GC07"
2024-09-24,"Tue",168,12200,1,1,22,79,"GC07"
2024-09-25,"Wed",168,12200,0,0,9,95,"GC07"
2024-09-26,"Thu",186,11600,4,0,12,93,"GC07"
2024-09-27,"Fri",190,11200,4,0,19,91,"GC07"
2024-09-28,"Sat",198,13300,9,1,69,137,"GC07"
2024-09-29,"Sun",226,12550,14,1,37,150,"GC07"
2024-09-30,"Mon",153,12100,1,0,11,83,"GC07"
2024-10-01,"Tue",194,11200,6,0,3,91,"GC07"
2024-10-02,"Wed",193,10300,16,1,36,94,"GC07"
2024-10-03,"Thu",191,10700,11,1,44,96,"GC07"
2024-10-04,"Fri",211,11900,0,0,4,108,"GC07"
2024-10-05,"Sat",208,13400,11,1,61,143,"GC07"
2024-10-06,"Sun",182,15200,1,0,59,141,"GC07"
2024-10-07,"Mon",165,12100,1,0,30,69,"GC07"
2024-10-08,"Tue",169,12200,0,0,18,73,"GC07"
2024-10-09,"Wed",177,11300,4,1,25,88,"GC07"
2024-10-10,"Thu",156,11900,1,0,15,69,"GC07"
2024-10-11,"Fri",218,10400,16,1,32,121,"GC07"
2024-10-12,"Sat",234,15100,0,0,14,158,"GC07"
2024-10-13,"Sun",204,14350,6,0,24,138,"GC07"
2024-10-14,"Mon",219,9500,19,1,22,100,"GC07"
2024-10-15,"Tue",170,12200,1,0,8,96,"GC07"
2024-10-16,"Wed",224,10300,14,1,9,115,"GC07"
2024-10-17,"Thu",166,12200,0,0,28,78,"GC07"
2024-10-18,"Fri",187,10400,14,1,59,99,"GC07"
2024-10-19,"Sat",215,15200,1,0,24,136,"GC07"
2024-10-20,"Sun",214,13700,9,1,48,148,"GC07"
2024-10-21,"Mon",205,11000,11,1,18,93,"GC07"
2024-10-22,"Tue",204,10100,14,1,35,94,"GC07"
2024-10-23,"Wed",161,12100,0,0,26,76,"GC07"
2024-10-24,"Thu",182,11300,6,1,18,103,"GC07"
2024-10-25,"Fri",220,11500,6,1,24,104,"GC07"
2024-10-26,"Sat",223,14150,4,0,27,156,"GC07"
2024-10-27,"Sun",255,12550,16,1,26,181,"GC07"
2024-10-28,"Mon",208,10300,16,1,18,91,"GC07"
2024-10-29,"Tue",162,12100,0,1,33,82,"GC07"
2024-10-30,"Wed",181,11200,6,0,23,91,"GC07"
2024-10-31,"Thu",183,11600,6,1,31,87,"GC07"
2024-11-01,"Fri",230,10300,14,1,31,88,"GC07"
2024-11-02,"Sat",172,14800,0,0,52,106,"GC07"
2024-11-03,"Sun",209,15200,0,1,24,148,"GC07"
2024-11-04,"Mon",175,10900,9,1,38,89,"GC07"
2024-11-05,"Tue",181,11500,4,0,21,103,"GC07"
2024-11-06,"Wed",153,11200,4,0,56,76,"GC07"
2024-11-07,"Thu",229,10700,9,1,3,122,"GC07"
2024-11-08,"Fri",216,10700,11,0,18,111,"GC07"
2024-11-09,"Sat",227,14900,1,0,20,160,"GC07"
2024-11-10,"Sun",217,13400,9,1,37,156,"GC07"
2024-11-11,"Mon",190,10400,16,1,42,100,"GC07"
2024-11-12,"Tue",149,11200,4,0,35,69,"GC07"
2024-11-13,"Wed",152,11300,4,0,63,82,"GC07"
2024-11-14,"Thu",181,10100,14,1,55,86,"GC07"
2024-11-15,"Fri",186,11300,6,0,31,96,"GC07"
2024-11-16,"Sat",247,14900,0,1,14,158,"GC07"
2024-11-17,"Sun",238,13600,9,1,38,156,"GC07"
2024-11-18,"Mon",169,11800,1,0,20,78,"GC07"
2024-11-19,"Tue",113,11900,0,0,74,56,"GC07"
2024-11-20,"Wed",170,10100,14,1,55,77,"GC07"
2024-11-21,"Thu",161,12200,0,0,8,76,"GC07"
2024-11-22,"Fri",197,12100,1,0,15,112,"GC07"
2024-11-23,"Sat",211,14450,6,0,24,147,"GC07"
2024-11-24,"Sun",197,15200,0,0,25,132,"GC07"
2024-11-25,"Mon",156,11800,1,0,25,68,"GC07"
2024-11-26,"Tue",141,11500,4,0,35,71,"GC07"
2024-11-27,"Wed",195,10000,14,1,28,99,"GC07"
2024-11-28,"Thu",188,10700,9,1,53,100,"GC07"
2024-11-29,"Fri",175,11900,0,0,33,91,"GC07"
2024-11-30,"Sat",214,14900,1,0,14,141,"GC07"
2024-12-01,"Sun",191,14900,1,0,20,134,"GC07"
2024-12-02,"Mon",168,10700,11,1,20,78,"GC07"
2024-12-03,"Tue",154,11500,6,0,18,68,"GC07"
2024-12-04,"Wed",137,11600,6,0,37,71,"GC07"
2024-12-05,"Thu",136,10600,9,1,72,63,"GC07"
2024-12-06,"Fri",180,11800,0,0,18,87,"GC07"
2024-12-07,"Sat",184,13400,11,1,58,123,"GC07"
2024-12-08,"Sun",201,15200,0,0,16,147,"GC07"
2024-12-09,"Mon",149,11200,6,0,26,69,"GC07"
2024-12-10,"Tue",155,11000,9,1,52,67,"GC07"
2024-12-11,"Wed",183,11600,6,1,18,85,"GC07"
2024-12-12,"Thu",145,10900,9,1,61,69,"GC07"
2024-12-13,"Fri",134,12100,0,1,41,63,"GC07"
2024-12-14,"Sat",213,14150,4,1,5,155,"GC07"
2024-12-15,"Sun",219,14900,1,0,12,153,"GC07"
2024-12-16,"Mon",135,12100,1,0,48,67,"GC07"
2024-12-17,"Tue",177,10600,9,1,17,108,"GC07"
2024-12-18,"Wed",152,11800,1,1,30,83,"GC07"
2024-12-19,"Thu",125,12100,0,1,44,57,"GC07"
2024-12-20,"Fri",226,10700,9,1,11,107,"GC07"
2024-12-21,"Sat",198,14800,0,0,11,155,"GC07"
2024-12-22,"Sun",219,14350,4,0,13,151,"GC07"
2024-12-23,"Mon",152,11300,4,0,37,76,"GC07"
2024-12-24,"Tue",154,11200,4,0,30,86,"GC07"
2024-12-25,"Wed",198,9700,19,1,18,91,"GC07"
2024-12-26,"Thu",173,11500,6,1,23,83,"GC07"
2024-12-27,"Fri",175,12200,0,0,17,89,"GC07"
2024-12-28,"Sat",184,15100,0,0,22,126,"GC07"
2024-12-29,"Sun",224,13600,11,1,35,149,"GC07"
2024-12-30,"Mon",144,12100,1,0,19,74,"GC07"
2024-12-31,"Tue",169,12100,1,1,5,80,"GC07"
2025-01-01,"Wed",99,11800,1,0,67,50,"GC07"
2025-01-02,"Thu",122,11200,6,0,51,63,"GC07"
2025-01-03,"Fri",163,12100,1,0,17,80,"GC07"
2025-01-04,"Sat",188,14900,0,1,33,129,"GC07"
2025-01-05,"Sun",197,14900,1,0,13,141,"GC07"
2025-01-06,"Mon",166,11900,1,0,15,87,"GC07"
2025-01-07,"Tue",172,10900,11,1,26,88,"GC07"
2025-01-08,"Wed",154,11800,1,1,29,72,"GC07"
2025-01-09,"Thu",156,11900,0,1,22,82,"GC07"
2025-01-10,"Fri",219,9500,19,1,25,104,"GC07"
2025-01-11,"Sat",206,14350,6,0,15,152,"GC07"
2025-01-12,"Sun",230,12650,14,1,31,156,"GC07"
2025-01-13,"Mon",182,10600,11,1,11,85,"GC07"
2025-01-14,"Tue",226,9800,20,0,0,119,"GC07"
2025-01-15,"Wed",150,11500,6,0,33,63,"GC07"
2025-01-16,"Thu",135,11800,1,0,55,66,"GC07"
2025-01-17,"Fri",205,11000,11,1,24,114,"GC07"
2025-01-18,"Sat",246,12650,14,1,4,161,"GC07"
2025-01-19,"Sun",197,15100,1,0,22,134,"GC07"
2025-01-20,"Mon",158,12200,0,1,19,72,"GC07"
2025-01-21,"Tue",154,11600,4,1,50,73,"GC07"
2025-01-22,"Wed",188,9500,20,1,24,95,"GC07"
2025-01-23,"Thu",202,10300,16,1,5,110,"GC07"
2025-01-24,"Fri",183,11900,1,0,4,93,"GC07"
2025-01-25,"Sat",198,14900,1,1,23,135,"GC07"
2025-01-26,"Sun",224,12550,16,1,39,148,"GC07"
2025-01-27,"Mon",198,10000,14,1,7,92,"GC07"
2025-01-28,"Tue",164,10100,14,1,44,84,"GC07"
2025-01-29,"Wed",201,11000,9,1,8,99,"GC07"
2025-01-30,"Thu",144,12200,1,0,25,58,"GC07"
2025-01-31,"Fri",172,11900,0,0,20,76,"GC07"
2025-02-01,"Sat",216,14350,6,1,24,149,"GC07"
2025-02-02,"Sun",201,15100,1,1,46,140,"GC07"
2025-02-03,"Mon",206,9400,20,1,18,87,"GC07"
2025-02-04,"Tue",138,11800,1,0,27,66,"GC07"
2025-02-05,"Wed",181,11000,9,1,22,97,"GC07"
2025-02-06,"Thu",150,11900,1,0,7,78,"GC07"
2025-02-07,"Fri",159,11200,6,0,48,76,"GC07"
2025-02-08,"Sat",240,14350,6,0,0,166,"GC07"
2025-02-09,"Sun",198,14350,4,0,33,137,"GC07"
2025-02-10,"Mon",130,12100,0,0,37,61,"GC07"
2025-02-11,"Tue",201,10400,14,1,4,94,"GC07"
2025-02-12,"Wed",162,10100,14,1,50,78,"GC07"
2025-02-13,"Thu",161,10700,9,1,49,72,"GC07"
2025-02-14,"Fri",193,10900,9,1,20,108,"GC07"
2025-02-15,"Sat",194,14050,6,0,24,145,"GC07"
2025-02-16,"Sun",201,13400,11,1,48,138,"GC07"
2025-02-17,"Mon",135,12100,1,0,31,77,"GC07"
2025-02-18,"Tue",188,11000,11,1,16,98,"GC07"
2025-02-19,"Wed",133,12200,0,1,37,73,"GC07"
2025-02-20,"Thu",163,11800,1,1,25,79,"GC07"
2025-02-21,"Fri",148,10900,9,1,76,72,"GC07"
2025-02-22,"Sat",225,12650,16,1,38,166,"GC07"
2025-02-23,"Sun",182,14900,0,0,20,131,"GC07"
2025-02-24,"Mon",169,12100,1,1,2,82,"GC07"
2025-02-25,"Tue",195,10900,11,0,19,89,"GC07"
2025-02-26,"Wed",136,12200,0,1,43,63,"GC07"
2025-02-27,"Thu",152,11800,1,1,33,64,"GC07"
2025-02-28,"Fri",182,11300,4,1,4,99,"GC07"
2025-03-01,"Sat",210,15100,1,0,22,140,"GC07"
2025-03-02,"Sun",234,13600,9,1,18,180,"GC07"
2025-03-03,"Mon",125,11800,0,0,55,61,"GC07"
2025-03-04,"Tue",171,12100,1,0,16,83,"GC07"
2025-03-05,"Wed",210,10400,16,1,16,104,"GC07"
2025-03-06,"Thu",187,10300,14,1,17,90,"GC07"
2025-03-07,"Fri",221,11000,9,1,21,111,"GC07"
2025-03-08,"Sat",177,15200,1,0,49,120,"GC07"
2025-03-09,"Sun",181,14450,4,0,54,126,"GC07"
2025-03-10,"Mon",215,10100,14,1,19,98,"GC07"
2025-03-11,"Tue",167,11600,6,0,38,75,"GC07"
2025-03-12,"Wed",148,12100,1,0,30,76,"GC07"
2025-03-13,"Thu",184,11600,6,0,22,90,"GC07"
2025-03-14,"Fri",196,12200,1,1,21,90,"GC07"
2025-03-15,"Sat",211,13300,9,1,42,150,"GC07"
2025-03-16,"Sun",219,14800,1,0,13,153,"GC07"
2025-03-17,"Mon",163,11600,6,0,31,83,"GC07"
2025-03-18,"Tue",182,11800,0,1,8,88,"GC07"
2025-03-19,"Wed",177,10900,9,1,34,87,"GC07"
2025-03-20,"Thu",183,11300,6,0,6,97,"GC07"
2025-03-21,"Fri",172,11200,4,0,32,97,"GC07"
2025-03-22,"Sat",232,14150,6,0,2,160,"GC07"
2025-03-23,"Sun",246,11900,20,1,20,185,"GC07"
2025-03-24,"Mon",219,10000,14,1,10,120,"GC07"
2025-03-25,"Tue",154,12100,1,0,36,80,"GC07"
2025-03-26,"Wed",202,10300,14,1,17,110,"GC07"
2025-03-27,"Thu",166,11500,6,0,29,79,"GC07"
2025-03-28,"Fri",168,11900,1,0,25,85,"GC07"
2025-03-29,"Sat",219,12550,14,0,52,160,"GC07"
2025-03-30,"Sun",213,15100,0,1,34,142,"GC07"
2025-03-31,"Mon",160,11900,0,0,28,90,"GC07"
2025-04-01,"Tue",215,10700,11,1,15,96,"GC07"
2025-04-02,"Wed",161,12200,0,0,33,90,"GC07"
2025-04-03,"Thu",169,12100,1,0,36,91,"GC07"
2025-04-04,"Fri",247,9800,19,1,22,128,"GC07"
2025-04-05,"Sat",240,14450,4,0,20,163,"GC07"
2025-04-06,"Sun",205,14800,1,0,30,145,"GC07"
2025-04-07,"Mon",199,10700,9,1,38,100,"GC07"
2025-04-08,"Tue",173,11300,4,0,22,85,"GC07"
2025-04-09,"Wed",143,11800,0,0,41,69,"GC07"
2025-04-10,"Thu",171,12200,1,0,23,88,"GC07"
2025-04-11,"Fri",210,11000,11,1,24,107,"GC07"
2025-04-12,"Sat",229,14350,4,0,20,159,"GC07"
2025-04-13,"Sun",247,12100,20,1,18,176,"GC07"
2025-04-14,"Mon",175,12200,0,0,31,84,"GC07"
2025-04-15,"Tue",165,12100,0,0,35,72,"GC07"
2025-04-16,"Wed",149,11300,4,0,38,74,"GC07"
2025-04-17,"Thu",184,10600,9,1,42,94,"GC07"
2025-04-18,"Fri",238,11000,9,1,7,117,"GC07"
2025-04-19,"Sat",220,13600,11,1,42,143,"GC07"
2025-04-20,"Sun",234,14900,1,1,10,168,"GC07"
2025-04-21,"Mon",143,11900,0,0,68,72,"GC07"
2025-04-22,"Tue",210,9800,19,1,34,102,"GC07"
2025-04-23,"Wed",130,12200,0,0,42,61,"GC07"
2025-04-24,"Thu",148,11800,0,0,36,71,"GC07"
2025-04-25,"Fri",215,10600,9,1,21,103,"GC07"
2025-04-26,"Sat",245,12200,19,1,23,195,"GC07"
2025-04-27,"Sun",224,13400,9,1,48,151,"GC07"
2025-04-28,"Mon",191,10700,11,1,24,101,"GC07"
2025-04-29,"Tue",213,10700,11,1,10,108,"GC07"
2025-04-30,"Wed",182,12200,1,0,8,86,"GC07"
2025-05-01,"Thu",214,11000,9,1,27,102,"GC07"
2025-05-02,"Fri",200,11600,6,1,28,106,"GC07"
2025-05-03,"Sat",244,14050,4,0,6,181,"GC07"
2025-05-04,"Sun",227,13600,11,1,47,151,"GC07"
2025-05-05,"Mon",191,11600,6,0,22,94,"GC07"
2025-05-06,"Tue",160,12100,1,0,41,74,"GC07"
2025-05-07,"Wed",186,11600,4,0,7,94,"GC07"
2025-05-08,"Thu",198,11500,4,0,7,100,"GC07"
2025-05-09,"Fri",194,11200,4,1,20,97,"GC07"
2025-05-10,"Sat",218,14150,6,0,31,160,"GC07"
2025-05-11,"Sun",243,13600,11,1,21,173,"GC07"
2025-05-12,"Mon",171,12100,1,0,26,85,"GC07"
2025-05-13,"Tue",173,11500,4,0,23,88,"GC07"
2025-05-14,"Wed",161,12100,0,0,26,84,"GC07"
2025-05-15,"Thu",212,10900,11,1,24,108,"GC07"
2025-05-16,"Fri",217,10900,9,1,42,96,"GC07"
2025-05-17,"Sat",222,14800,0,0,15,156,"GC07"
2025-05-18,"Sun",241,13700,9,1,46,163,"GC07"
2025-05-19,"Mon",166,11800,0,0,47,78,"GC07"
2025-05-20,"Tue",152,12200,1,0,59,64,"GC07"
2025-05-21,"Wed",182,11600,4,0,36,90,"GC07"
2025-05-22,"Thu",203,11300,6,0,5,92,"GC07"
2025-05-23,"Fri",180,12200,1,1,21,91,"GC07"
2025-05-24,"Sat",213,15100,0,0,40,150,"GC07"
2025-05-25,"Sun",230,13600,9,1,60,154,"GC07"
2025-05-26,"Mon",173,10700,11,1,46,82,"GC07"
2025-05-27,"Tue",218,10100,14,1,30,102,"GC07"
2025-05-28,"Wed",164,12200,0,0,24,80,"GC07"
2025-05-29,"Thu",177,12200,0,1,28,89,"GC07"
2025-05-30,"Fri",233,10400,16,1,19,120,"GC07"
2025-05-31,"Sat",244,13400,11,1,14,177,"GC07"
2025-06-01,"Sun",206,15100,1,0,3,144,"GC07"
2025-06-02,"Mon",152,12200,1,1,20,82,"GC07"
2025-06-03,"Tue",152,11000,11,1,34,89,"GC07"
2025-06-04,"Wed",149,10000,14,1,54,82,"GC07"
2025-06-05,"Thu",155,11000,9,1,32,85,"GC07"
2025-06-06,"Fri",205,10000,16,1,30,112,"GC07"
2025-06-07,"Sat",195,15200,0,0,26,130,"GC07"
2025-06-08,"Sun",232,14050,6,1,9,163,"GC07"
2025-06-09,"Mon",156,12100,0,0,25,77,"GC07"
2025-06-10,"Tue",205,10400,14,1,5,113,"GC07"
2025-06-11,"Wed",132,11800,0,0,47,72,"GC07"
2025-06-12,"Thu",217,9800,20,1,12,107,"GC07"
2025-06-13,"Fri",184,11800,0,0,11,81,"GC07"
2025-06-14,"Sat",213,12950,14,1,54,146,"GC07"
2025-06-15,"Sun",195,15200,1,0,21,145,"GC07"
2025-06-16,"Mon",163,11200,6,0,10,74,"GC07"
2025-06-17,"Tue",127,12100,0,1,48,71,"GC07"
2025-06-18,"Wed",141,12200,0,0,20,80,"GC07"
2025-06-19,"Thu",163,11900,1,0,6,82,"GC07"
2025-06-20,"Fri",166,11900,0,0,33,82,"GC07"
2025-06-21,"Sat",193,15100,0,0,29,130,"GC07"
2025-06-22,"Sun",187,13300,11,1,60,132,"GC07"
2025-06-23,"Mon",146,11500,6,0,33,78,"GC07"
2025-06-24,"Tue",143,11900,1,1,33,80,"GC07"
2025-06-25,"Wed",154,11900,1,0,40,82,"GC07"
2025-06-26,"Thu",179,10400,14,1,26,92,"GC07"
2025-06-27,"Fri",166,11500,4,0,27,88,"GC07"
2025-06-28,"Sat",227,14050,6,1,14,155,"GC07"
2025-06-29,"Sun",184,14350,6,0,56,130,"GC07"
2025-06-30,"Mon",179,10900,9,0,26,101,"GC07"
2025-07-01,"Tue",154,11300,6,0,43,78,"GC07"
2025-07-02,"Wed",153,12100,1,0,35,72,"GC07"
2025-07-03,"Thu",112,12100,1,1,48,54,"GC07"
2025-07-04,"Fri",170,10900,11,0,49,74,"GC07"
2025-07-05,"Sat",197,13300,11,1,49,138,"GC07"
2025-07-06,"Sun",245,12550,16,1,9,167,"GC07"
2025-07-07,"Mon",141,11600,4,0,28,65,"GC07"
2025-07-08,"Tue",154,11800,0,0,17,86,"GC07"
2025-07-09,"Wed",157,11300,4,0,39,68,"GC07"
2025-07-10,"Thu",140,12100,0,0,24,74,"GC07"
2025-07-11,"Fri",161,11200,6,0,39,84,"GC07"
2025-07-12,"Sat",206,14900,1,0,4,136,"GC07"
2025-07-13,"Sun",231,13400,11,1,7,166,"GC07"
2025-07-14,"Mon",166,11500,4,0,18,76,"GC07"
2025-07-15,"Tue",169,10600,11,1,26,83,"GC07"
2025-07-16,"Wed",134,11800,1,1,50,68,"GC07"
2025-07-17,"Thu",184,10100,16,1,14,90,"GC07"
2025-07-18,"Fri",182,12100,1,0,10,85,"GC07"
2025-07-19,"Sat",237,13400,11,1,9,169,"GC07"
2025-07-20,"Sun",211,14450,6,0,18,151,"GC07"
2025-07-21,"Mon",205,10100,14,1,8,101,"GC07"
2025-07-22,"Tue",117,11900,0,0,58,49,"GC07"
2025-07-23,"Wed",152,11600,6,0,7,83,"GC07"
2025-07-24,"Thu",188,11800,0,0,7,90,"GC07"
2025-07-25,"Fri",141,11800,0,0,67,71,"GC07"
2025-07-26,"Sat",174,15100,1,0,48,130,"GC07"
2025-07-27,"Sun",197,15200,1,1,27,125,"GC07"
2025-07-28,"Mon",142,10400,14,1,66,68,"GC07"
2025-07-29,"Tue",152,9400,20,1,57,74,"GC07"
2025-07-30,"Wed",152,10100,16,1,69,70,"GC07"
2025-07-31,"Thu",151,12100,0,0,30,75,"GC07"
2025-08-01,"Fri",183,11600,6,1,14,94,"GC07"
2025-08-02,"Sat",216,15200,0,0,20,146,"GC07"
2025-08-03,"Sun",240,13300,9,1,9,166,"GC07"
2025-08-04,"Mon",152,12200,0,0,22,68,"GC07"
2025-08-05,"Tue",161,10400,14,1,47,74,"GC07"
2025-08-06,"Wed",148,10700,9,1,50,67,"GC07"
2025-08-07,"Thu",140,12100,0,0,29,73,"GC07"
2025-08-08,"Fri",187,12200,0,1,20,99,"GC07"
2025-08-09,"Sat",216,14900,0,0,21,151,"GC07"
2025-08-10,"Sun",180,13700,9,1,60,134,"GC07"
2025-08-11,"Mon",178,10600,11,1,14,98,"GC07"
2025-08-12,"Tue",173,12100,0,0,13,76,"GC07"
2025-08-13,"Wed",160,11900,0,0,33,84,"GC07"
2025-08-14,"Thu",150,12200,1,1,27,75,"GC07"
2025-08-15,"Fri",190,10700,9,1,25,86,"GC07"
2025-08-16,"Sat",232,13300,9,1,6,159,"GC07"
2025-08-17,"Sun",165,15100,0,0,50,116,"GC07"
2025-08-18,"Mon",148,11300,4,0,44,86,"GC07"
2025-08-19,"Tue",158,12100,1,0,13,73,"GC07"
2025-08-20,"Wed",173,11600,4,1,16,84,"GC07"
2025-08-21,"Thu",150,11600,4,0,31,75,"GC07"
2025-08-22,"Fri",172,11500,6,1,38,76,"GC07"
2025-08-23,"Sat",251,12100,20,1,13,173,"GC07"
2025-08-24,"Sun",164,14800,1,0,57,120,"GC07"
2025-08-25,"Mon",150,12100,0,0,21,70,"GC07"
2025-08-26,"Tue",195,10100,14,1,24,88,"GC07"
2025-08-27,"Wed",155,12100,0,1,12,65,"GC07"
2025-08-28,"Thu",139,12100,0,0,32,70,"GC07"
2025-08-29,"Fri",228,10400,16,1,5,112,"GC07"
2025-08-30,"Sat",247,12200,20,1,5,184,"GC07"
2025-08-31,"Sun",183,14800,0,0,21,129,"GC07"
2025-09-01,"Mon",152,11000,9,1,48,71,"GC07"
2025-09-02,"Tue",182,10600,9,1,29,81,"GC07"
2025-09-03,"Wed",150,11600,6,0,37,76,"GC07"
2025-09-04,"Thu",205,10300,16,0,14,107,"GC07"
2025-09-05,"Fri",218,10100,16,1,13,114,"GC07"
2025-09-06,"Sat",181,14800,0,0,26,135,"GC07"
2025-09-07,"Sun",208,14900,1,0,14,139,"GC07"
2025-09-08,"Mon",180,10900,11,1,11,92,"GC07"
2025-09-09,"Tue",190,10900,11,1,10,102,"GC07"
2025-09-10,"Wed",149,11800,0,1,23,72,"GC07"
2025-09-11,"Thu",195,9400,19,1,24,105,"GC07"
2025-09-12,"Fri",140,11800,0,0,68,61,"GC07"
2025-09-13,"Sat",202,15100,0,0,27,134,"GC07"
2025-09-14,"Sun",206,15200,0,0,11,138,"GC07"
2025-09-15,"Mon",151,11900,1,0,18,76,"GC07"
2025-09-16,"Tue",172,12100,0,0,18,91,"GC07"
2025-09-17,"Wed",168,12100,1,1,14,85,"GC07"
2025-09-18,"Thu",113,11800,0,1,68,49,"GC07"
2025-09-19,"Fri",155,11500,6,0,31,83,"GC07"
2025-09-20,"Sat",199,14450,4,0,28,145,"GC07"
2025-09-21,"Sun",252,13600,11,1,3,189,"GC07"
2025-09-22,"Mon",163,11200,6,0,26,82,"GC07"
2025-09-23,"Tue",147,12200,1,0,21,75,"GC07"
2025-09-24,"Wed",179,11000,9,0,21,89,"GC07"
2025-09-25,"Thu",113,11500,6,1,64,59,"GC07"
2025-09-26,"Fri",176,12100,1,0,16,95,"GC07"
2025-09-27,"Sat",186,14800,0,0,27,131,"GC07"
2025-09-28,"Sun",220,11800,20,1,50,148,"GC07"
2025-09-29,"Mon",143,11600,6,0,34,76,"GC07"
2025-09-30,"Tue",137,11900,1,0,21,68,"GC07"
2025-10-01,"Wed",230,9400,20,1,4,113,"GC07"
2025-10-02,"Thu",179,11800,0,0,13,93,"GC07"
2025-10-03,"Fri",186,11300,6,0,30,89,"GC07"
2025-10-04,"Sat",190,14150,6,0,60,134,"GC07"
2025-10-05,"Sun",226,15100,1,0,8,155,"GC07"
2025-10-06,"Mon",198,10700,11,1,21,103,"GC07"
2025-10-07,"Tue",201,10000,14,1,31,97,"GC07"
2025-10-08,"Wed",186,11900,0,0,2,85,"GC07"
2025-10-09,"Thu",197,11000,11,1,19,101,"GC07"
2025-10-10,"Fri",228,10600,9,1,10,118,"GC07"
2025-10-11,"Sat",176,14800,0,0,78,121,"GC07"
2025-10-12,"Sun",232,13400,11,1,24,158,"GC07"
2025-10-13,"Mon",148,11600,4,0,36,74,"GC07"
2025-10-14,"Tue",187,10600,11,0,37,95,"GC07"
2025-10-15,"Wed",177,11200,4,0,28,90,"GC07"
2025-10-16,"Thu",177,10700,9,1,49,89,"GC07"
2025-10-17,"Fri",212,10900,11,1,22,100,"GC07"
2025-10-18,"Sat",212,14900,1,0,23,152,"GC07"
2025-10-19,"Sun",219,14900,1,1,18,148,"GC07"
2025-10-20,"Mon",167,10900,11,1,41,86,"GC07"
2025-10-21,"Tue",183,11500,6,1,23,97,"GC07"
2025-10-22,"Wed",178,12200,0,0,4,79,"GC07"
2025-10-23,"Thu",205,10100,16,1,36,92,"GC07"
2025-10-24,"Fri",170,11900,0,0,23,88,"GC07"
2025-10-25,"Sat",233,13600,9,1,17,171,"GC07"
2025-10-26,"Sun",221,13700,11,1,31,145,"GC07"
2025-10-27,"Mon",195,10700,11,1,18,102,"GC07"
2025-10-28,"Tue",188,10600,9,1,22,91,"GC07"
2025-10-29,"Wed",193,9700,19,1,33,98,"GC07"
2025-10-30,"Thu",219,10100,16,1,30,106,"GC07"
2025-10-31,"Fri",205,11000,9,1,31,109,"GC07"
2025-11-01,"Sat",214,13400,11,1,47,131,"GC07"
2025-11-02,"Sun",205,14900,0,0,33,159,"GC07"
2025-11-03,"Mon",153,11500,6,0,35,76,"GC07"
2025-11-04,"Tue",102,12200,0,0,90,44,"GC07"
2025-11-05,"Wed",184,10900,9,1,23,91,"GC07"
2025-11-06,"Thu",204,10600,11,1,28,101,"GC07"
2025-11-07,"Fri",204,10300,16,1,33,99,"GC07"
2025-11-08,"Sat",200,12950,14,1,77,133,"GC07"
2025-11-09,"Sun",200,14800,0,0,29,140,"GC07"
2025-11-10,"Mon",153,12100,0,0,40,81,"GC07"
2025-11-11,"Tue",215,10600,9,1,3,112,"GC07"
2025-11-12,"Wed",178,11200,4,0,18,99,"GC07"
2025-11-13,"Thu",164,12200,0,0,20,88,"GC07"
2025-11-14,"Fri",190,10600,9,1,63,101,"GC07"
2025-11-15,"Sat",253,12550,14,0,17,172,"GC07"
2025-11-16,"Sun",209,14350,4,0,36,141,"GC07"
2025-11-17,"Mon",174,11500,6,0,16,84,"GC07"
2025-11-18,"Tue",144,12200,0,0,35,77,"GC07"
2025-11-19,"Wed",184,11000,11,1,22,95,"GC07"
2025-11-20,"Thu",178,11600,6,0,32,85,"GC07"
2025-11-21,"Fri",157,11800,0,0,43,66,"GC07"
2025-11-22,"Sat",231,13300,11,1,16,162,"GC07"
2025-11-23,"Sun",232,14350,4,0,8,155,"GC07"
2025-11-24,"Mon",212,9800,19,1,19,98,"GC07"
2025-11-25,"Tue",218,9700,20,1,7,115,"GC07"
2025-11-26,"Wed",187,11300,4,0,6,87,"GC07"
2025-11-27,"Thu",144,11500,6,1,46,73,"GC07"
2025-11-28,"Fri",191,12200,1,0,7,92,"GC07"
2025-11-29,"Sat",245,12850,16,0,14,170,"GC07"
2025-11-30,"Sun",154,15100,0,0,71,105,"GC07"
2025-12-01,"Mon",143,12200,1,0,17,78,"GC07"
2025-12-02,"Tue",212,9800,20,1,18,97,"GC07"
2025-12-03,"Wed",157,12100,1,1,18,83,"GC07"
2025-12-04,"Thu",169,11900,0,1,9,80,"GC07"
2025-12-05,"Fri",170,10700,9,1,48,85,"GC07"
2025-12-06,"Sat",233,12550,16,1,36,152,"GC07"
2025-12-07,"Sun",246,13400,11,1,7,165,"GC07"
2025-12-08,"Mon",155,11600,6,0,25,66,"GC07"
2025-12-09,"Tue",135,11800,1,0,49,73,"GC07"
2025-12-10,"Wed",157,12200,0,0,18,82,"GC07"
2025-12-11,"Thu",151,12100,1,0,31,72,"GC07"
2025-12-12,"Fri",214,9800,19,1,27,106,"GC07"
2025-12-13,"Sat",215,14350,6,1,14,151,"GC07"
2025-12-14,"Sun",213,14450,6,0,7,158,"GC07"
2025-12-15,"Mon",149,11500,4,0,10,75,"GC07"
2025-12-16,"Tue",181,10600,11,1,16,87,"GC07"
2025-12-17,"Wed",153,10300,14,1,48,73,"GC07"
2025-12-18,"Thu",140,12200,0,0,22,75,"GC07"
2025-12-19,"Fri",197,10700,11,0,22,101,"GC07"
2025-12-20,"Sat",210,14900,0,0,11,135,"GC07"
2025-12-21,"Sun",243,12850,14,1,22,177,"GC07"
2025-12-22,"Mon",113,11200,4,0,65,59,"GC07"
2025-12-23,"Tue",192,10300,16,1,22,96,"GC07"
2025-12-24,"Wed",202,10600,11,1,2,103,"GC07"
2025-12-25,"Thu",148,11800,1,0,22,78,"GC07"
2025-12-26,"Fri",174,11800,0,0,16,87,"GC07"
2025-12-27,"Sat",218,13700,9,1,20,172,"GC07"
2025-12-28,"Sun",200,14800,1,1,15,144,"GC07"
2025-12-29,"Mon",149,11500,6,0,34,81,"GC07"
2025-12-30,"Tue",140,12200,0,0,20,71,"GC07"
2025-12-31,"Wed",141,12200,0,1,32,63,"GC07"
2026-01-01,"Thu",162,12100,1,1,27,75,"GC07"
2026-01-02,"Fri",174,11600,6,0,33,83,"GC07"
2026-01-03,"Sat",209,15100,0,0,13,155,"GC07"
2026-01-04,"Sun",232,13300,11,1,18,159,"GC07"
2026-01-05,"Mon",150,10300,16,1,58,71,"GC07"
2026-01-06,"Tue",178,10400,14,1,23,97,"GC07"
2026-01-07,"Wed",172,10100,14,1,50,92,"GC07"
2026-01-08,"Thu",201,10300,14,1,5,111,"GC07"
2026-01-09,"Fri",186,11200,6,0,7,95,"GC07"
2026-01-10,"Sat",195,14350,4,0,26,139,"GC07"
2026-01-11,"Sun",187,14450,4,1,31,137,"GC07"
2026-01-12,"Mon",132,11900,1,0,47,67,"GC07"
2026-01-13,"Tue",168,12100,0,0,8,88,"GC07"
2026-01-14,"Wed",160,12100,0,0,9,81,"GC07"
2026-01-15,"Thu",150,11800,1,0,17,76,"GC07"
2026-01-16,"Fri",187,10700,11,1,40,92,"GC07"
2026-01-17,"Sat",239,13700,11,0,15,166,"GC07"
2026-01-18,"Sun",174,14800,1,1,47,118,"GC07"
2026-01-19,"Mon",188,10600,9,1,14,89,"GC07"
2026-01-20,"Tue",164,11800,1,0,25,81,"GC07"
2026-01-21,"Wed",211,10400,14,1,19,103,"GC07"
2026-01-22,"Thu",174,11500,6,1,25,87,"GC07"
2026-01-23,"Fri",193,11200,6,0,8,95,"GC07"
2026-01-24,"Sat",183,15200,0,0,44,132,"GC07"
2026-01-25,"Sun",207,15100,0,0,28,138,"GC07"
2026-01-26,"Mon",170,11000,9,1,16,96,"GC07"
2026-01-27,"Tue",194,10900,9,1,17,98,"GC07"
2026-01-28,"Wed",158,11900,0,0,21,84,"GC07"
2026-01-29,"Thu",138,11800,1,0,41,72,"GC07"
2026-01-30,"Fri",197,10400,16,1,40,96,"GC07"
2026-01-31,"Sat",209,13400,11,1,39,150,"GC07"
2026-02-01,"Sun",199,14900,1,0,15,144,"GC07"
2026-02-02,"Mon",160,12100,1,0,1,77,"GC07"
2026-02-03,"Tue",142,12200,1,1,30,69,"GC07"
2026-02-04,"Wed",197,10300,14,1,24,88,"GC07"
2026-02-05,"Thu",184,10600,11,0,25,92,"GC07"
2026-02-06,"Fri",180,11000,11,1,39,78,"GC07"
2026-02-07,"Sat",221,14050,6,0,7,157,"GC07"
2026-02-08,"Sun",215,14050,4,1,20,157,"GC07"
2026-02-09,"Mon",201,10600,9,1,5,100,"GC07"
2026-02-10,"Tue",188,11000,11,1,11,96,"GC07"
2026-02-11,"Wed",148,11800,0,0,11,70,"GC07"
2026-02-12,"Thu",164,11200,6,1,34,80,"GC07"
2026-02-13,"Fri",177,11900,1,0,12,86,"GC07"
2026-02-14,"Sat",191,14800,1,0,21,135,"GC07"
2026-02-15,"Sun",162,14800,0,0,44,115,"GC07"
2026-02-16,"Mon",148,11900,0,0,37,65,"GC07"
2026-02-17,"Tue",145,11900,1,0,20,64,"GC07"
2026-02-18,"Wed",155,12100,0,0,7,79,"GC07"
2026-02-19,"Thu",159,11300,6,0,16,71,"GC07"
2026-02-20,"Fri",127,11900,0,0,63,63,"GC07"
2026-02-21,"Sat",232,12950,14,1,29,162,"GC07"
2026-02-22,"Sun",207,15200,0,0,8,156,"GC07"
2026-02-23,"Mon",146,11800,0,0,10,77,"GC07"
2026-02-24,"Tue",160,11800,0,0,16,76,"GC07"
2026-02-25,"Wed",171,11500,4,0,20,77,"GC07"
2026-02-26,"Thu",138,11300,4,0,57,63,"GC07"
2026-02-27,"Fri",163,12200,0,1,9,82,"GC07"
2026-02-28,"Sat",194,14800,0,1,29,138,"GC07"
2026-03-01,"Sun",205,14800,1,0,33,138,"GC07"
2026-03-02,"Mon",147,11500,6,0,44,70,"GC07"
2026-03-03,"Tue",149,12100,1,0,19,79,"GC07"
2026-03-04,"Wed",182,10600,11,1,23,74,"GC07"
2026-03-05,"Thu",174,11200,4,0,16,85,"GC07"
2026-03-06,"Fri",162,11200,6,0,41,78,"GC07"
2026-03-07,"Sat",177,14800,0,0,63,128,"GC07"
2026-03-08,"Sun",250,13600,11,1,7,169,"GC07"
2026-03-09,"Mon",170,10600,9,1,44,82,"GC07"
2026-03-10,"Tue",132,12200,0,0,55,67,"GC07"
2026-03-11,"Wed",164,12200,1,0,18,84,"GC07"
2026-03-12,"Thu",171,11600,6,0,20,90,"GC07"
2026-03-13,"Fri",190,11900,0,0,36,92,"GC07"
2026-03-14,"Sat",231,12550,14,1,32,174,"GC07"
2026-03-15,"Sun",219,15100,1,0,18,145,"GC07"
2026-03-16,"Mon",190,11300,4,1,48,96,"GC07"
2026-03-17,"Tue",190,10100,14,1,31,83,"GC07"
2026-03-18,"Wed",160,11900,1,0,9,90,"GC07"
2026-03-19,"Thu",172,11600,6,0,19,93,"GC07"
2026-03-20,"Fri",210,10700,9,0,22,108,"GC07"
2026-03-21,"Sat",208,14350,4,0,41,137,"GC07"
2026-03-22,"Sun",227,15200,1,1,13,154,"GC07"
2026-03-23,"Mon",185,12100,1,0,14,100,"GC07"
2026-03-24,"Tue",155,12200,0,0,18,75,"GC07"
2026-03-25,"Wed",150,11900,1,0,25,82,"GC07"
2026-03-26,"Thu",190,10600,9,1,34,96,"GC07"
2026-03-27,"Fri",179,11800,0,0,18,86,"GC07"
2026-03-28,"Sat",219,14900,1,0,12,156,"GC07"
2026-03-29,"Sun",178,14800,1,0,35,131,"GC07"
2026-03-30,"Mon",158,11900,1,1,30,74,"GC07"
2026-03-31,"Tue",195,10700,9,1,37,97,"GC07"
2026-04-01,"Wed",184,10300,14,1,52,93,"GC07"
2026-04-02,"Thu",200,10700,11,1,20,93,"GC07"
2026-04-03,"Fri",163,12200,0,0,56,88,"GC07"
2026-04-04,"Sat",228,15100,1,1,6,153,"GC07"
2026-04-05,"Sun",235,14050,4,0,8,168,"GC07"
2026-04-06,"Mon",166,12100,1,0,14,78,"GC07"
2026-04-07,"Tue",142,11800,0,0,58,76,"GC07"
2026-04-08,"Wed",174,12200,1,0,15,75,"GC07"
2026-04-09,"Thu",182,11900,0,0,3,86,"GC07"
2026-04-10,"Fri",196,10600,9,1,32,93,"GC07"
2026-04-11,"Sat",217,14800,0,0,14,152,"GC07"
2026-04-12,"Sun",183,14800,0,0,44,125,"GC07"
2026-04-13,"Mon",209,10100,14,1,10,115,"GC07"
2026-04-14,"Tue",186,11900,1,0,15,100,"GC07"
2026-04-15,"Wed",164,11300,6,0,61,86,"GC07"
2026-04-16,"Thu",224,11000,9,1,2,122,"GC07"
2026-04-17,"Fri",206,11900,0,0,15,107,"GC07"
2026-04-18,"Sat",249,12950,14,0,7,184,"GC07"
2026-04-19,"Sun",245,12850,16,1,12,181,"GC07"
2026-04-20,"Mon",176,11200,4,1,33,87,"GC07"
2026-04-21,"Tue",187,10000,14,1,31,92,"GC07"
2026-04-22,"Wed",168,11500,6,1,32,87,"GC07"
2026-04-23,"Thu",148,11300,4,0,38,63,"GC07"
2026-04-24,"Fri",218,10400,16,1,40,113,"GC07"
2026-04-25,"Sat",231,15200,1,0,8,168,"GC07"
2026-04-26,"Sun",206,14800,0,0,25,150,"GC07"
2026-04-27,"Mon",178,11900,0,0,20,96,"GC07"
2026-04-28,"Tue",206,10900,9,1,6,102,"GC07"
2026-04-29,"Wed",162,11900,1,0,35,87,"GC07"
2026-04-30,"Thu",170,11900,0,0,15,87,"GC07"
2026-05-01,"Fri",200,11500,4,0,26,100,"GC07"
2026-05-02,"Sat",233,15100,0,1,9,158,"GC07"
2026-05-03,"Sun",199,15200,0,0,45,136,"GC07"
2026-05-04,"Mon",172,11900,1,0,25,93,"GC07"
2026-05-05,"Tue",178,12100,1,0,28,95,"GC07"
2026-05-06,"Wed",135,11900,0,0,35,63,"GC07"
2026-05-07,"Thu",178,11800,1,0,10,83,"GC07"
2026-05-08,"Fri",206,10400,16,1,49,95,"GC07"
2026-05-09,"Sat",227,14900,1,0,11,173,"GC07"
2026-05-10,"Sun",228,14450,6,0,14,169,"GC07"
2026-05-11,"Mon",202,11000,9,1,25,98,"GC07"
2026-05-12,"Tue",196,11000,9,1,18,105,"GC07"
2026-05-13,"Wed",232,10000,16,1,13,105,"GC07"
2026-05-14,"Thu",174,12100,1,1,29,82,"GC07"
2026-05-15,"Fri",199,11200,4,1,18,109,"GC07"
2026-05-16,"Sat",248,13600,11,1,9,169,"GC07"
2026-05-17,"Sun",215,13400,11,1,43,156,"GC07"
2026-05-18,"Mon",167,11600,6,0,39,91,"GC07"
2026-05-19,"Tue",180,11500,4,0,21,85,"GC07"
2026-05-20,"Wed",203,10400,14,1,23,97,"GC07"
2026-05-21,"Thu",223,9400,19,1,9,101,"GC07"
2026-05-22,"Fri",194,12200,1,0,37,99,"GC07"
2026-05-23,"Sat",195,14800,0,0,48,119,"GC07"
2026-05-24,"Sun",253,12650,14,1,24,168,"GC07"
2026-05-25,"Mon",210,9400,20,1,28,94,"GC07"
2026-05-26,"Tue",161,12100,1,0,39,82,"GC07"
2026-05-27,"Wed",163,11600,6,0,52,84,"GC07"
2026-05-28,"Thu",214,11000,11,1,12,97,"GC07"
2026-05-29,"Fri",169,11800,0,1,57,72,"GC07"
2026-05-30,"Sat",225,15200,1,0,21,163,"GC07"
2026-05-31,"Sun",201,15100,1,0,39,134,"GC07"
2026-06-01,"Mon",144,12100,0,1,10,77,"GC07"
2026-06-02,"Tue",171,10600,11,1,31,77,"GC07"
2026-06-03,"Wed",143,12200,1,0,38,80,"GC07"
2026-06-04,"Thu",163,11000,9,1,34,77,"GC07"
2026-06-05,"Fri",181,10100,16,1,44,96,"GC07"
2026-06-06,"Sat",173,14150,4,0,41,111,"GC07"
2026-06-07,"Sun",201,14800,1,0,12,144,"GC07"
2026-06-08,"Mon",194,10300,16,1,22,110,"GC07"
2026-06-09,"Tue",139,12200,0,1,28,79,"GC07"
2026-06-10,"Wed",158,11000,11,0,40,89,"GC07"
2026-06-11,"Thu",147,11600,4,1,24,69,"GC07"
2026-06-12,"Fri",159,11800,1,0,22,72,"GC07"
2026-06-13,"Sat",191,14150,6,0,45,141,"GC07"
2026-06-14,"Sun",243,12950,14,1,16,172,"GC07"
2026-06-15,"Mon",161,11900,1,0,20,80,"GC07"
2026-06-16,"Tue",180,10600,11,0,3,85,"GC07"
2026-06-17,"Wed",159,11300,4,0,30,83,"GC07"
2026-06-18,"Thu",176,11800,1,0,2,90,"GC07"
2026-06-19,"Fri",170,11800,1,0,11,72,"GC07"
2026-06-20,"Sat",223,12850,16,1,40,159,"GC07"
2026-06-21,"Sun",208,14350,4,1,26,150,"GC07"
2026-06-22,"Mon",171,11900,1,0,4,78,"GC07"
2026-06-23,"Tue",182,11500,6,0,5,97,"GC07"
2026-06-24,"Wed",129,11900,1,0,48,63,"GC07"
2026-06-25,"Thu",174,10300,14,1,26,90,"GC07"
2026-06-26,"Fri",204,11000,9,1,13,90,"GC07"
2026-06-27,"Sat",184,14800,1,0,24,136,"GC07"
2026-06-28,"Sun",236,12950,14,1,0,178,"GC07"
2026-06-29,"Mon",152,11800,1,0,28,73,"GC07"
2026-06-30,"Tue",165,10400,14,1,40,89,"GC07"
2026-07-01,"Wed",153,12200,1,0,25,76,"GC07"
2026-07-02,"Thu",126,11900,0,0,45,61,"GC07"
2026-07-03,"Fri",184,12200,1,0,19,92,"GC07"
2026-07-04,"Sat",248,12100,19,0,5,176,"GC07"
2026-07-05,"Sun",234,13300,11,1,22,155,"GC07"
2026-07-06,"Mon",138,11600,6,1,34,70,"GC07"
2026-07-07,"Tue",165,10900,11,1,29,72,"GC07"
2026-07-08,"Wed",115,11900,1,0,61,61,"GC07"
2026-07-09,"Thu",155,11800,1,0,25,78,"GC07"
2026-07-10,"Fri",201,11600,4,1,11,110,"GC07"
2026-07-11,"Sat",200,15200,0,0,23,140,"GC07"
2026-07-12,"Sun",198,14900,0,1,26,141,"GC07"
2026-07-13,"Mon",167,12100,0,0,1,84,"GC07"
2026-07-14,"Tue",127,11900,0,0,34,70,"GC07"
2026-07-15,"Wed",173,11900,1,1,6,89,"GC07"
2026-07-16,"Thu",166,12200,1,0,15,77,"GC07"
2026-07-17,"Fri",185,12200,1,0,3,99,"GC07"
2026-07-18,"Sat",187,15200,0,1,35,138,"GC07"
2026-07-19,"Sun",195,12850,16,1,67,128,"GC07"
2026-07-20,"Mon",163,10600,9,1,27,81,"GC07"
2026-07-21,"Tue",121,11900,0,0,48,57,"GC07"
2026-07-22,"Wed",162,9500,19,1,47,83,"GC07"
2026-07-23,"Thu",170,10400,14,1,22,89,"GC07"
2026-07-24,"Fri",192,11300,4,0,4,88,"GC07"
2026-07-25,"Sat",251,13300,9,1,5,182,"GC07"
2026-07-26,"Sun",214,13300,9,1,35,142,"GC07"
2026-07-27,"Mon",138,12100,0,0,44,78,"GC07"
2026-07-28,"Tue",135,12200,0,0,18,65,"GC07"
2026-07-29,"Wed",161,10000,16,1,48,86,"GC07"
2026-07-30,"Thu",188,9500,19,1,31,92,"GC07"
2026-07-31,"Fri",176,11500,6,0,31,88,"GC07"
2026-08-01,"Sat",173,14900,1,0,55,123,"GC07"
2026-08-02,"Sun",160,14800,0,0,58,108,"GC07"
2026-08-03,"Mon",137,12100,0,0,32,68,"GC07"
2026-08-04,"Tue",152,11200,4,0,23,79,"GC07"
2026-08-05,"Wed",159,11900,1,0,12,81,"GC07"
2026-08-06,"Thu",133,12200,0,0,31,66,"GC07"
2026-08-07,"Fri",212,11000,9,1,11,113,"GC07"
2026-08-08,"Sat",183,14800,0,0,23,128,"GC07"
2026-08-09,"Sun",202,13400,11,1,32,122,"GC07"
2026-08-10,"Mon",148,11600,6,0,40,72,"GC07"
2026-08-11,"Tue",155,12200,1,1,19,84,"GC07"
2026-08-12,"Wed",134,11800,1,0,23,69,"GC07"
2026-08-13,"Thu",112,12200,0,0,46,61,"GC07"
2026-08-14,"Fri",155,12200,1,0,51,78,"GC07"
2026-08-15,"Sat",195,15100,0,0,27,132,"GC07"
2026-08-16,"Sun",208,15100,1,1,13,153,"GC07"
2026-08-17,"Mon",146,12100,0,0,36,78,"GC07"
2026-08-18,"Tue",149,12100,1,0,20,77,"GC07"
2026-08-19,"Wed",120,12100,1,0,46,61,"GC07"
2026-08-20,"Thu",173,12100,1,0,2,92,"GC07"
2026-08-21,"Fri",241,10300,14,1,9,107,"GC07"
2026-08-22,"Sat",204,14900,0,0,23,142,"GC07"
2026-08-23,"Sun",147,14800,0,0,62,106,"GC07"
2026-08-24,"Mon",148,12200,0,0,27,76,"GC07"
2026-08-25,"Tue",128,11900,0,0,38,57,"GC07"
2026-08-26,"Wed",146,11800,1,0,19,81,"GC07"
2026-08-27,"Thu",139,11900,1,1,45,68,"GC07"
2026-08-28,"Fri",203,11000,9,1,20,108,"GC07"
2026-08-29,"Sat",183,14900,1,1,16,125,"GC07"
2026-08-30,"Sun",183,15100,1,0,34,117,"GC07"
2026-08-31,"Mon",131,12200,0,0,45,71,"GC07"
2026-09-01,"Tue",,10600,11,1,17,97,"GC07"
2026-09-02,"Wed",,11000,11,1,27,79,"GC07"
2026-09-03,"Thu",,10700,9,1,22,97,"GC07"
2026-09-04,"Fri",,12200,0,1,45,72,"GC07"
2026-09-05,"Sat",,14900,1,0,14,131,"GC07"
2026-09-06,"Sun",,15200,1,1,56,123,"GC07"
2026-09-07,"Mon",,10300,14,1,50,84,"GC07"
2026-09-08,"Tue",,10000,14,1,35,76,"GC07"
2026-09-09,"Wed",,12200,0,0,25,77,"GC07"
2026-09-10,"Thu",,12100,0,0,53,60,"GC07"
2026-09-11,"Fri",,12200,0,0,51,76,"GC07"
2026-09-12,"Sat",,11800,20,1,13,167,"GC07"
2026-09-13,"Sun",,12950,16,1,12,181,"GC07"
2026-09-14,"Mon",,11200,6,0,0,97,"GC07"
2026-09-15,"Tue",,12100,1,0,10,74,"GC07"
2026-09-16,"Wed",,11300,4,1,54,72,"GC07"
2026-09-17,"Thu",,11900,0,0,43,79,"GC07"
2026-09-18,"Fri",,11300,4,0,15,84,"GC07"
2026-09-19,"Sat",,14900,0,0,48,119,"GC07"
2026-09-20,"Sun",,12850,16,1,10,172,"GC07"
2026-09-21,"Mon",,11000,11,1,20,78,"GC07"
2026-09-22,"Tue",,12100,1,0,30,72,"GC07"
2026-09-23,"Wed",,11800,1,0,65,48,"GC07"
2026-09-24,"Thu",,11800,0,0,18,70,"GC07"
2026-09-25,"Fri",,10600,11,1,22,99,"GC07"
2026-09-26,"Sat",,15200,0,0,27,140,"GC07"
2026-09-27,"Sun",,11800,20,1,15,176,"GC07"
2026-09-28,"Mon",,10100,14,1,50,79,"GC07"
2026-09-29,"Tue",,9400,19,1,10,117,"GC07"
2026-09-30,"Wed",,10600,9,1,0,95,"GC07"
2023-09-01,"Fri",214,9700,19,1,23,112,"GC08"
2023-09-02,"Sat",205,15200,1,0,14,149,"GC08"
2023-09-03,"Sun",209,14050,6,0,25,153,"GC08"
2023-09-04,"Mon",223,10300,16,0,5,106,"GC08"
2023-09-05,"Tue",165,11300,6,1,21,82,"GC08"
2023-09-06,"Wed",201,9500,19,1,34,106,"GC08"
2023-09-07,"Thu",174,10700,11,1,27,96,"GC08"
2023-09-08,"Fri",185,11200,6,1,10,101,"GC08"
2023-09-09,"Sat",209,14900,1,0,6,148,"GC08"
2023-09-10,"Sun",196,14900,1,0,10,146,"GC08"
2023-09-11,"Mon",161,12100,0,0,5,93,"GC08"
2023-09-12,"Tue",124,11500,6,1,69,66,"GC08"
2023-09-13,"Wed",185,10900,9,1,11,95,"GC08"
2023-09-14,"Thu",180,10300,16,1,44,91,"GC08"
2023-09-15,"Fri",160,12100,0,0,37,79,"GC08"
2023-09-16,"Sat",183,14450,4,0,47,125,"GC08"
2023-09-17,"Sun",202,13300,9,1,43,132,"GC08"
2023-09-18,"Mon",143,12100,1,0,31,60,"GC08"
2023-09-19,"Tue",151,12200,1,0,4,80,"GC08"
2023-09-20,"Wed",139,11900,0,0,9,66,"GC08"
2023-09-21,"Thu",156,12100,1,0,21,72,"GC08"
2023-09-22,"Fri",224,9700,19,1,17,113,"GC08"
2023-09-23,"Sat",217,12850,14,1,40,153,"GC08"
2023-09-24,"Sun",183,14350,4,0,47,139,"GC08"
2023-09-25,"Mon",158,10000,16,1,46,87,"GC08"
2023-09-26,"Tue",146,11800,1,0,27,74,"GC08"
2023-09-27,"Wed",175,12100,1,0,5,98,"GC08"
2023-09-28,"Thu",138,11900,1,1,46,71,"GC08"
2023-09-29,"Fri",187,11300,6,1,21,95,"GC08"
2023-09-30,"Sat",203,15100,1,0,11,146,"GC08"
2023-10-01,"Sun",245,12550,16,1,33,180,"GC08"
2023-10-02,"Mon",134,11900,0,0,45,76,"GC08"
2023-10-03,"Tue",228,10400,14,1,0,113,"GC08"
2023-10-04,"Wed",183,11900,1,1,25,89,"GC08"
2023-10-05,"Thu",196,10700,9,1,4,91,"GC08"
2023-10-06,"Fri",234,10100,16,1,16,121,"GC08"
2023-10-07,"Sat",225,13700,11,1,39,159,"GC08"
2023-10-08,"Sun",225,14900,0,1,9,150,"GC08"
2023-10-09,"Mon",177,12100,1,0,22,85,"GC08"
2023-10-10,"Tue",193,9800,19,1,52,107,"GC08"
2023-10-11,"Wed",225,10700,9,0,7,102,"GC08"
2023-10-12,"Thu",154,12200,0,0,30,74,"GC08"
2023-10-13,"Fri",205,10900,11,1,23,93,"GC08"
2023-10-14,"Sat",231,15100,1,0,15,165,"GC08"
2023-10-15,"Sun",235,12550,14,1,21,156,"GC08"
2023-10-16,"Mon",167,12100,1,0,21,82,"GC08"
2023-10-17,"Tue",177,11900,1,1,6,88,"GC08"
2023-10-18,"Wed",222,11000,11,1,14,127,"GC08"
2023-10-19,"Thu",231,10900,11,1,10,114,"GC08"
2023-10-20,"Fri",210,11500,4,1,12,105,"GC08"
2023-10-21,"Sat",193,14800,1,0,53,144,"GC08"
2023-10-22,"Sun",254,13300,11,1,13,160,"GC08"
2023-10-23,"Mon",208,10900,9,0,13,89,"GC08"
2023-10-24,"Tue",195,11500,6,0,32,89,"GC08"
2023-10-25,"Wed",200,9700,19,1,27,105,"GC08"
2023-10-26,"Thu",176,11300,6,0,36,89,"GC08"
2023-10-27,"Fri",233,10300,14,0,28,109,"GC08"
2023-10-28,"Sat",242,13700,9,1,30,172,"GC08"
2023-10-29,"Sun",193,14800,1,0,16,130,"GC08"
2023-10-30,"Mon",155,11300,4,0,48,65,"GC08"
2023-10-31,"Tue",163,12100,0,0,25,81,"GC08"
2023-11-01,"Wed",161,11900,0,0,16,79,"GC08"
2023-11-02,"Thu",125,12200,1,0,46,74,"GC08"
2023-11-03,"Fri",215,10000,14,1,24,102,"GC08"
2023-11-04,"Sat",249,12650,16,1,13,162,"GC08"
2023-11-05,"Sun",214,14150,6,0,38,151,"GC08"
2023-11-06,"Mon",164,10900,9,1,46,78,"GC08"
2023-11-07,"Tue",199,10700,9,1,15,95,"GC08"
2023-11-08,"Wed",181,11000,11,1,40,96,"GC08"
2023-11-09,"Thu",152,12100,1,0,25,75,"GC08"
2023-11-10,"Fri",214,10000,16,1,25,107,"GC08"
2023-11-11,"Sat",195,15200,1,1,60,144,"GC08"
2023-11-12,"Sun",219,14450,4,0,24,148,"GC08"
2023-11-13,"Mon",198,10900,11,1,10,99,"GC08"
2023-11-14,"Tue",183,11200,6,1,18,99,"GC08"
2023-11-15,"Wed",208,10900,11,1,4,103,"GC08"
2023-11-16,"Thu",189,10900,9,1,21,76,"GC08"
2023-11-17,"Fri",225,10900,11,1,4,102,"GC08"
2023-11-18,"Sat",215,15100,0,1,11,147,"GC08"
2023-11-19,"Sun",180,15100,1,0,42,124,"GC08"
2023-11-20,"Mon",168,10700,11,1,49,87,"GC08"
2023-11-21,"Tue",187,12100,0,0,6,92,"GC08"
2023-11-22,"Wed",148,11900,1,0,35,78,"GC08"
2023-11-23,"Thu",178,12100,1,1,20,86,"GC08"
2023-11-24,"Fri",171,12100,0,0,27,85,"GC08"
2023-11-25,"Sat",197,15200,1,0,38,140,"GC08"
2023-11-26,"Sun",211,12850,14,1,54,144,"GC08"
2023-11-27,"Mon",176,12200,1,0,9,84,"GC08"
2023-11-28,"Tue",181,11200,4,0,8,98,"GC08"
2023-11-29,"Wed",164,11800,0,0,14,83,"GC08"
2023-11-30,"Thu",157,10600,11,1,49,83,"GC08"
2023-12-01,"Fri",129,11800,1,0,47,55,"GC08"
2023-12-02,"Sat",203,15100,1,0,7,145,"GC08"
2023-12-03,"Sun",202,15200,1,0,26,137,"GC08"
2023-12-04,"Mon",130,11500,6,0,47,56,"GC08"
2023-12-05,"Tue",147,11600,6,0,36,72,"GC08"
2023-12-06,"Wed",187,10100,16,1,19,96,"GC08"
2023-12-07,"Thu",168,10300,14,1,35,97,"GC08"
2023-12-08,"Fri",163,12200,0,0,16,92,"GC08"
2023-12-09,"Sat",202,15200,0,0,16,147,"GC08"
2023-12-10,"Sun",163,14800,0,0,40,113,"GC08"
2023-12-11,"Mon",155,11300,6,1,51,79,"GC08"
2023-12-12,"Tue",171,11600,4,0,5,92,"GC08"
2023-12-13,"Wed",182,9400,20,1,50,91,"GC08"
2023-12-14,"Thu",182,11200,6,0,16,96,"GC08"
2023-12-15,"Fri",196,11000,11,1,17,92,"GC08"
2023-12-16,"Sat",235,12550,14,1,23,166,"GC08"
2023-12-17,"Sun",188,14800,0,0,17,135,"GC08"
2023-12-18,"Mon",148,12100,1,0,37,66,"GC08"
2023-12-19,"Tue",174,12200,1,0,15,88,"GC08"
2023-12-20,"Wed",129,12200,0,0,58,63,"GC08"
2023-12-21,"Thu",211,10000,16,1,8,98,"GC08"
2023-12-22,"Fri",200,10600,9,1,12,99,"GC08"
2023-12-23,"Sat",210,14900,1,1,3,156,"GC08"
2023-12-24,"Sun",209,13300,9,1,48,141,"GC08"
2023-12-25,"Mon",132,11300,6,0,47,73,"GC08"
2023-12-26,"Tue",153,12100,0,0,27,63,"GC08"
2023-12-27,"Wed",126,11500,6,1,73,66,"GC08"
2023-12-28,"Thu",209,9500,20,1,21,95,"GC08"
2023-12-29,"Fri",152,12200,0,1,54,71,"GC08"
2023-12-30,"Sat",217,14050,6,0,8,151,"GC08"
2023-12-31,"Sun",210,14350,6,0,13,149,"GC08"
2024-01-01,"Mon",143,11300,4,0,34,69,"GC08"
2024-01-02,"Tue",134,12200,1,0,40,76,"GC08"
2024-01-03,"Wed",187,10700,9,1,15,89,"GC08"
2024-01-04,"Thu",175,9400,19,1,52,92,"GC08"
2024-01-05,"Fri",204,11800,1,0,3,101,"GC08"
2024-01-06,"Sat",218,13400,11,1,15,159,"GC08"
2024-01-07,"Sun",191,15100,0,0,47,127,"GC08"
2024-01-08,"Mon",168,11300,4,1,5,90,"GC08"
2024-01-09,"Tue",156,11500,4,0,26,82,"GC08"
2024-01-10,"Wed",147,12200,0,0,30,69,"GC08"
2024-01-11,"Thu",135,11800,0,0,29,66,"GC08"
2024-01-12,"Fri",181,11800,0,0,10,79,"GC08"
2024-01-13,"Sat",200,13700,9,1,28,138,"GC08"
2024-01-14,"Sun",201,15200,1,0,17,147,"GC08"
2024-01-15,"Mon",191,10600,9,1,2,93,"GC08"
2024-01-16,"Tue",178,10000,16,1,47,91,"GC08"
2024-01-17,"Wed",174,11900,1,0,12,84,"GC08"
2024-01-18,"Thu",134,11800,1,0,39,61,"GC08"
2024-01-19,"Fri",183,11000,9,1,47,89,"GC08"
2024-01-20,"Sat",203,14150,6,1,48,143,"GC08"
2024-01-21,"Sun",185,15100,1,1,15,130,"GC08"
2024-01-22,"Mon",191,10600,9,1,22,92,"GC08"
2024-01-23,"Tue",108,12200,0,0,65,53,"GC08"
2024-01-24,"Wed",152,11900,1,0,19,70,"GC08"
2024-01-25,"Thu",133,11200,4,0,19,64,"GC08"
2024-01-26,"Fri",189,11000,9,1,34,100,"GC08"
2024-01-27,"Sat",188,14450,6,0,32,131,"GC08"
2024-01-28,"Sun",249,12850,14,1,18,179,"GC08"
2024-01-29,"Mon",155,11500,4,0,32,69,"GC08"
2024-01-30,"Tue",161,11800,1,0,9,79,"GC08"
2024-01-31,"Wed",158,11800,0,1,33,67,"GC08"
2024-02-01,"Thu",180,10000,14,1,43,89,"GC08"
2024-02-02,"Fri",197,10600,9,0,39,93,"GC08"
2024-02-03,"Sat",195,14450,4,0,23,133,"GC08"
2024-02-04,"Sun",174,14350,6,0,47,132,"GC08"
2024-02-05,"Mon",178,10600,9,1,15,90,"GC08"
2024-02-06,"Tue",135,11900,1,0,37,67,"GC08"
2024-02-07,"Wed",130,11900,0,1,46,61,"GC08"
2024-02-08,"Thu",152,11900,1,0,17,72,"GC08"
2024-02-09,"Fri",165,11200,4,0,36,84,"GC08"
2024-02-10,"Sat",207,12650,16,1,48,139,"GC08"
2024-02-11,"Sun",199,15200,0,0,13,144,"GC08"
2024-02-12,"Mon",166,10900,9,1,47,82,"GC08"
2024-02-13,"Tue",147,11900,0,0,18,71,"GC08"
2024-02-14,"Wed",151,11900,0,0,16,73,"GC08"
2024-02-15,"Thu",168,11600,4,0,6,84,"GC08"
2024-02-16,"Fri",216,10300,14,1,13,118,"GC08"
2024-02-17,"Sat",191,14900,0,0,27,125,"GC08"
2024-02-18,"Sun",210,14350,6,0,10,155,"GC08"
2024-02-19,"Mon",203,10600,9,1,20,101,"GC08"
2024-02-20,"Tue",162,11900,1,0,13,91,"GC08"
2024-02-21,"Wed",185,10900,9,1,2,99,"GC08"
2024-02-22,"Thu",128,11200,6,0,44,75,"GC08"
2024-02-23,"Fri",121,11900,0,0,45,56,"GC08"
2024-02-24,"Sat",219,14050,6,0,10,157,"GC08"
2024-02-25,"Sun",226,13300,9,1,15,161,"GC08"
2024-02-26,"Mon",175,11600,6,0,3,91,"GC08"
2024-02-27,"Tue",201,10000,16,1,22,95,"GC08"
2024-02-28,"Wed",153,12200,0,1,12,81,"GC08"
2024-02-29,"Thu",157,10600,11,1,39,79,"GC08"
2024-03-01,"Fri",207,10600,9,1,5,99,"GC08"
2024-03-02,"Sat",212,15100,1,0,25,152,"GC08"
2024-03-03,"Sun",251,12100,19,1,0,175,"GC08"
2024-03-04,"Mon",170,12200,0,0,3,81,"GC08"
2024-03-05,"Tue",181,11900,0,0,11,99,"GC08"
2024-03-06,"Wed",156,12200,1,1,26,81,"GC08"
2024-03-07,"Thu",148,12100,1,0,46,62,"GC08"
2024-03-08,"Fri",222,9400,20,1,33,97,"GC08"
2024-03-09,"Sat",221,14350,6,0,17,154,"GC08"
2024-03-10,"Sun",244,13400,9,1,7,181,"GC08"
2024-03-11,"Mon",159,10900,9,1,45,84,"GC08"
2024-03-12,"Tue",131,12200,0,0,35,67,"GC08"
2024-03-13,"Wed",168,11300,6,0,31,77,"GC08"
2024-03-14,"Thu",199,9700,19,1,49,111,"GC08"
2024-03-15,"Fri",175,11900,1,0,47,79,"GC08"
2024-03-16,"Sat",212,14050,6,0,34,141,"GC08"
2024-03-17,"Sun",220,14900,0,0,3,151,"GC08"
2024-03-18,"Mon",158,12200,1,0,35,72,"GC08"
2024-03-19,"Tue",161,12200,0,1,25,77,"GC08"
2024-03-20,"Wed",205,9700,19,1,16,101,"GC08"
2024-03-21,"Thu",151,12100,0,0,35,77,"GC08"
2024-03-22,"Fri",181,10000,16,1,43,90,"GC08"
2024-03-23,"Sat",209,14150,4,0,30,137,"GC08"
2024-03-24,"Sun",193,15200,0,1,26,124,"GC08"
2024-03-25,"Mon",186,11200,4,0,8,97,"GC08"
2024-03-26,"Tue",161,11900,1,0,22,89,"GC08"
2024-03-27,"Wed",136,11900,0,0,52,69,"GC08"
2024-03-28,"Thu",206,10100,14,1,16,107,"GC08"
2024-03-29,"Fri",223,10600,9,1,9,112,"GC08"
2024-03-30,"Sat",228,14150,4,0,12,149,"GC08"
2024-03-31,"Sun",219,15100,0,1,1,147,"GC08"
2024-04-01,"Mon",162,12100,0,0,32,78,"GC08"
2024-04-02,"Tue",176,10600,11,0,54,81,"GC08"
2024-04-03,"Wed",170,11200,4,0,25,84,"GC08"
2024-04-04,"Thu",232,9800,20,1,8,104,"GC08"
2024-04-05,"Fri",219,11900,1,0,7,111,"GC08"
2024-04-06,"Sat",211,13700,9,1,59,144,"GC08"
2024-04-07,"Sun",220,14900,1,0,23,151,"GC08"
2024-04-08,"Mon",192,10600,9,1,30,91,"GC08"
2024-04-09,"Tue",172,11600,6,0,18,95,"GC08"
2024-04-10,"Wed",178,12100,1,0,14,79,"GC08"
2024-04-11,"Thu",154,11500,6,0,28,73,"GC08"
2024-04-12,"Fri",208,10300,14,0,51,101,"GC08"
2024-04-13,"Sat",219,13600,11,1,53,165,"GC08"
2024-04-14,"Sun",247,12650,16,1,25,169,"GC08"
2024-04-15,"Mon",166,11800,0,0,32,77,"GC08"
2024-04-16,"Tue",142,12100,0,0,41,73,"GC08"
2024-04-17,"Wed",180,11600,4,0,13,88,"GC08"
2024-04-18,"Thu",220,11200,6,0,0,112,"GC08"
2024-04-19,"Fri",204,10300,16,1,42,99,"GC08"
2024-04-20,"Sat",201,14800,0,1,38,135,"GC08"
2024-04-21,"Sun",229,15100,1,0,14,158,"GC08"
2024-04-22,"Mon",153,11800,0,1,25,66,"GC08"
2024-04-23,"Tue",206,10900,9,1,6,94,"GC08"
2024-04-24,"Wed",189,11600,4,1,20,94,"GC08"
2024-04-25,"Thu",164,11300,4,0,27,78,"GC08"
2024-04-26,"Fri",206,11900,0,1,19,113,"GC08"
2024-04-27,"Sat",247,12950,14,1,28,175,"GC08"
2024-04-28,"Sun",251,13600,9,1,30,168,"GC08"
2024-04-29,"Mon",176,12200,0,0,28,78,"GC08"
2024-04-30,"Tue",155,12200,0,0,22,76,"GC08"
2024-05-01,"Wed",182,12200,1,0,12,77,"GC08"
2024-05-02,"Thu",201,12100,0,1,10,96,"GC08"
2024-05-03,"Fri",228,10900,9,1,26,104,"GC08"
2024-05-04,"Sat",201,14900,0,0,30,145,"GC08"
2024-05-05,"Sun",208,13400,11,1,58,148,"GC08"
2024-05-06,"Mon",194,11900,0,1,6,103,"GC08"
2024-05-07,"Tue",181,11800,0,0,27,83,"GC08"
2024-05-08,"Wed",152,12100,0,0,29,74,"GC08"
2024-05-09,"Thu",180,11900,0,0,11,82,"GC08"
2024-05-10,"Fri",213,11300,4,0,9,101,"GC08"
2024-05-11,"Sat",216,14450,4,0,51,145,"GC08"
2024-05-12,"Sun",234,13600,9,1,28,156,"GC08"
2024-05-13,"Mon",206,10300,14,1,25,105,"GC08"
2024-05-14,"Tue",157,11500,4,0,50,62,"GC08"
2024-05-15,"Wed",177,11500,6,0,15,83,"GC08"
2024-05-16,"Thu",155,11500,6,0,46,74,"GC08"
2024-05-17,"Fri",189,10300,14,1,60,99,"GC08"
2024-05-18,"Sat",220,14800,0,0,22,156,"GC08"
2024-05-19,"Sun",209,15100,1,0,35,140,"GC08"
2024-05-20,"Mon",210,10600,11,1,11,97,"GC08"
2024-05-21,"Tue",195,10300,14,1,44,102,"GC08"
2024-05-22,"Wed",186,10600,9,1,30,88,"GC08"
2024-05-23,"Thu",176,12200,0,1,29,88,"GC08"
2024-05-24,"Fri",187,11900,1,1,41,95,"GC08"
2024-05-25,"Sat",248,12950,16,1,16,172,"GC08"
2024-05-26,"Sun",199,14450,4,0,55,142,"GC08"
2024-05-27,"Mon",156,11800,1,0,34,79,"GC08"
2024-05-28,"Tue",177,12100,0,0,33,83,"GC08"
2024-05-29,"Wed",185,11600,4,0,17,100,"GC08"
2024-05-30,"Thu",208,10400,14,1,37,114,"GC08"
2024-05-31,"Fri",237,10400,16,1,7,125,"GC08"
2024-06-01,"Sat",210,14450,6,0,5,129,"GC08"
2024-06-02,"Sun",176,14800,0,1,42,120,"GC08"
2024-06-03,"Mon",203,10900,9,1,13,94,"GC08"
2024-06-04,"Tue",143,12100,1,0,25,72,"GC08"
2024-06-05,"Wed",186,11900,0,1,7,97,"GC08"
2024-06-06,"Thu",139,11900,0,0,43,77,"GC08"
2024-06-07,"Fri",212,11600,6,0,7,103,"GC08"
2024-06-08,"Sat",195,14050,4,0,33,141,"GC08"
2024-06-09,"Sun",181,15100,0,0,33,119,"GC08"
2024-06-10,"Mon",209,9800,20,1,8,123,"GC08"
2024-06-11,"Tue",154,12200,0,0,23,80,"GC08"
2024-06-12,"Wed",162,10700,11,1,33,83,"GC08"
2024-06-13,"Thu",174,11300,4,0,7,75,"GC08"
2024-06-14,"Fri",224,10700,11,1,8,118,"GC08"
2024-06-15,"Sat",209,13400,9,1,40,156,"GC08"
2024-06-16,"Sun",216,15200,1,0,19,151,"GC08"
2024-06-17,"Mon",190,10900,11,1,14,98,"GC08"
2024-06-18,"Tue",166,10000,14,1,48,91,"GC08"
2024-06-19,"Wed",160,11900,1,0,12,79,"GC08"
2024-06-20,"Thu",154,10600,9,1,44,62,"GC08"
2024-06-21,"Fri",153,10300,16,1,69,75,"GC08"
2024-06-22,"Sat",212,14900,1,0,21,145,"GC08"
2024-06-23,"Sun",185,15100,0,0,34,137,"GC08"
2024-06-24,"Mon",125,11600,4,0,52,67,"GC08"
2024-06-25,"Tue",127,12200,1,0,45,61,"GC08"
2024-06-26,"Wed",155,11300,6,1,39,86,"GC08"
2024-06-27,"Thu",124,11900,1,1,52,55,"GC08"
2024-06-28,"Fri",170,11500,4,0,25,82,"GC08"
2024-06-29,"Sat",177,15200,0,0,41,127,"GC08"
2024-06-30,"Sun",210,14800,0,1,17,140,"GC08"
2024-07-01,"Mon",170,11000,9,1,34,78,"GC08"
2024-07-02,"Tue",142,11300,4,0,41,71,"GC08"
2024-07-03,"Wed",169,11200,6,0,39,82,"GC08"
2024-07-04,"Thu",148,12100,0,0,16,70,"GC08"
2024-07-05,"Fri",179,10400,14,1,22,94,"GC08"
2024-07-06,"Sat",202,15200,0,0,29,133,"GC08"
2024-07-07,"Sun",198,15200,1,0,18,134,"GC08"
2024-07-08,"Mon",215,9500,20,1,17,107,"GC08"
2024-07-09,"Tue",147,11500,6,0,30,67,"GC08"
2024-07-10,"Wed",200,10000,14,1,28,95,"GC08"
2024-07-11,"Thu",148,12200,1,0,34,70,"GC08"
2024-07-12,"Fri",175,12200,0,0,22,83,"GC08"
2024-07-13,"Sat",218,14450,6,0,29,149,"GC08"
2024-07-14,"Sun",181,14900,0,0,38,119,"GC08"
2024-07-15,"Mon",177,10400,16,1,49,90,"GC08"
2024-07-16,"Tue",133,11200,6,0,30,64,"GC08"
2024-07-17,"Wed",174,10900,9,1,29,79,"GC08"
2024-07-18,"Thu",170,10900,11,1,32,73,"GC08"
2024-07-19,"Fri",184,10300,16,1,61,96,"GC08"
2024-07-20,"Sat",196,14900,0,0,20,138,"GC08"
2024-07-21,"Sun",194,15200,1,0,27,137,"GC08"
2024-07-22,"Mon",189,10300,16,0,22,97,"GC08"
2024-07-23,"Tue",182,10300,16,1,32,92,"GC08"
2024-07-24,"Wed",171,11900,1,0,11,86,"GC08"
2024-07-25,"Thu",169,10700,9,1,30,81,"GC08"
2024-07-26,"Fri",171,11800,0,0,13,88,"GC08"
2024-07-27,"Sat",176,15200,0,0,40,121,"GC08"
2024-07-28,"Sun",207,15100,0,0,8,137,"GC08"
2024-07-29,"Mon",167,11600,6,0,29,77,"GC08"
2024-07-30,"Tue",154,11800,0,1,23,74,"GC08"
2024-07-31,"Wed",167,10700,9,1,22,83,"GC08"
2024-08-01,"Thu",155,11200,6,0,34,85,"GC08"
2024-08-02,"Fri",160,12200,1,0,20,86,"GC08"
2024-08-03,"Sat",186,15100,1,0,32,133,"GC08"
2024-08-04,"Sun",215,14900,1,0,9,151,"GC08"
2024-08-05,"Mon",115,11300,6,1,80,55,"GC08"
2024-08-06,"Tue",158,11800,1,0,7,72,"GC08"
2024-08-07,"Wed",178,10900,9,1,19,93,"GC08"
2024-08-08,"Thu",142,11300,6,0,30,71,"GC08"
2024-08-09,"Fri",200,12100,1,0,7,103,"GC08"
2024-08-10,"Sat",161,15200,0,0,61,124,"GC08"
2024-08-11,"Sun",198,13400,11,1,43,148,"GC08"
2024-08-12,"Mon",170,11600,4,0,16,89,"GC08"
2024-08-13,"Tue",164,12100,0,0,14,88,"GC08"
2024-08-14,"Wed",148,11200,4,0,29,70,"GC08"
2024-08-15,"Thu",182,11600,6,1,4,85,"GC08"
2024-08-16,"Fri",140,12200,0,0,53,65,"GC08"
2024-08-17,"Sat",226,13600,11,1,23,162,"GC08"
2024-08-18,"Sun",203,14800,1,1,22,134,"GC08"
2024-08-19,"Mon",138,11800,0,0,40,73,"GC08"
2024-08-20,"Tue",197,10100,16,1,16,106,"GC08"
2024-08-21,"Wed",136,11900,1,0,49,70,"GC08"
2024-08-22,"Thu",140,12200,0,0,30,62,"GC08"
2024-08-23,"Fri",180,11600,6,0,17,91,"GC08"
2024-08-24,"Sat",235,12950,16,1,20,167,"GC08"
2024-08-25,"Sun",191,14800,0,0,32,136,"GC08"
2024-08-26,"Mon",142,12200,1,0,40,65,"GC08"
2024-08-27,"Tue",170,11500,4,1,8,81,"GC08"
2024-08-28,"Wed",116,12200,0,0,44,60,"GC08"
2024-08-29,"Thu",196,10000,16,1,11,100,"GC08"
2024-08-30,"Fri",152,12200,0,0,26,75,"GC08"
2024-08-31,"Sat",166,15200,1,0,47,113,"GC08"
2024-09-01,"Sun",168,14900,0,0,58,120,"GC08"
2024-09-02,"Mon",165,11900,1,0,9,79,"GC08"
2024-09-03,"Tue",199,10600,11,1,8,109,"GC08"
2024-09-04,"Wed",150,11800,1,1,38,60,"GC08"
2024-09-05,"Thu",152,11900,1,1,11,73,"GC08"
2024-09-06,"Fri",154,11800,0,0,51,68,"GC08"
2024-09-07,"Sat",181,15100,0,0,32,122,"GC08"
2024-09-08,"Sun",217,12650,16,1,24,153,"GC08"
2024-09-09,"Mon",117,12200,0,0,42,60,"GC08"
2024-09-10,"Tue",183,10700,9,1,35,96,"GC08"
2024-09-11,"Wed",164,11200,4,0,33,82,"GC08"
2024-09-12,"Thu",180,10900,9,1,32,87,"GC08"
2024-09-13,"Fri",198,11300,4,0,15,85,"GC08"
2024-09-14,"Sat",251,13700,11,1,13,171,"GC08"
2024-09-15,"Sun",170,15200,0,0,37,116,"GC08"
2024-09-16,"Mon",151,11000,9,1,55,79,"GC08"
2024-09-17,"Tue",151,11900,1,1,21,73,"GC08"
2024-09-18,"Wed",125,11900,0,0,46,58,"GC08"
2024-09-19,"Thu",136,12200,1,0,25,77,"GC08"
2024-09-20,"Fri",165,11900,1,1,36,84,"GC08"
2024-09-21,"Sat",215,14900,0,0,7,158,"GC08"
2024-09-22,"Sun",204,14450,6,0,11,141,"GC08"
2024-09-23,"Mon",127,12200,0,0,40,60,"GC08"
2024-09-24,"Tue",166,11800,0,1,23,84,"GC08"
2024-09-25,"Wed",167,12100,1,0,10,89,"GC08"
2024-09-26,"Thu",194,11600,6,0,8,98,"GC08"
2024-09-27,"Fri",184,11600,6,0,15,91,"GC08"
2024-09-28,"Sat",200,13400,9,0,67,131,"GC08"
2024-09-29,"Sun",228,12950,16,1,32,152,"GC08"
2024-09-30,"Mon",150,12100,0,1,11,77,"GC08"
2024-10-01,"Tue",194,11200,4,0,4,95,"GC08"
2024-10-02,"Wed",189,10300,14,1,36,92,"GC08"
2024-10-03,"Thu",190,11000,11,1,46,89,"GC08"
2024-10-04,"Fri",210,12100,0,0,1,114,"GC08"
2024-10-05,"Sat",204,13600,9,1,55,143,"GC08"
2024-10-06,"Sun",184,14800,0,0,62,137,"GC08"
2024-10-07,"Mon",156,11800,1,0,27,65,"GC08"
2024-10-08,"Tue",171,12100,0,0,17,75,"GC08"
2024-10-09,"Wed",178,11500,6,0,23,88,"GC08"
2024-10-10,"Thu",160,11800,1,0,13,74,"GC08"
2024-10-11,"Fri",217,10000,14,1,30,119,"GC08"
2024-10-12,"Sat",234,14900,0,1,18,153,"GC08"
2024-10-13,"Sun",212,14050,6,0,21,144,"GC08"
2024-10-14,"Mon",219,9700,20,1,26,106,"GC08"
2024-10-15,"Tue",174,12200,1,0,3,103,"GC08"
2024-10-16,"Wed",220,10400,16,1,9,120,"GC08"
2024-10-17,"Thu",166,11900,0,1,28,76,"GC08"
2024-10-18,"Fri",196,10000,16,1,54,102,"GC08"
2024-10-19,"Sat",208,14900,0,0,23,140,"GC08"
2024-10-20,"Sun",214,13300,9,1,48,154,"GC08"
2024-10-21,"Mon",200,10600,11,1,23,93,"GC08"
2024-10-22,"Tue",203,10300,14,1,35,91,"GC08"
2024-10-23,"Wed",153,11900,1,0,24,75,"GC08"
2024-10-24,"Thu",182,11300,6,0,18,95,"GC08"
2024-10-25,"Fri",218,11600,4,1,27,104,"GC08"
2024-10-26,"Sat",224,14450,6,0,25,155,"GC08"
2024-10-27,"Sun",251,12950,14,1,22,174,"GC08"
2024-10-28,"Mon",210,10400,16,1,22,99,"GC08"
2024-10-29,"Tue",168,12200,1,0,28,74,"GC08"
2024-10-30,"Wed",178,11300,6,0,23,92,"GC08"
2024-10-31,"Thu",179,11200,4,1,32,88,"GC08"
2024-11-01,"Fri",228,10300,14,1,25,87,"GC08"
2024-11-02,"Sat",173,14900,0,0,55,110,"GC08"
2024-11-03,"Sun",210,14800,0,1,24,146,"GC08"
2024-11-04,"Mon",181,10900,11,1,36,92,"GC08"
2024-11-05,"Tue",188,11200,4,0,19,103,"GC08"
2024-11-06,"Wed",160,11300,4,1,53,79,"GC08"
2024-11-07,"Thu",224,11000,11,1,3,116,"GC08"
2024-11-08,"Fri",209,10900,11,1,19,112,"GC08"
2024-11-09,"Sat",222,15100,0,1,20,160,"GC08"
2024-11-10,"Sun",223,13400,9,1,35,160,"GC08"
2024-11-11,"Mon",190,10000,16,1,46,101,"GC08"
2024-11-12,"Tue",144,11300,4,0,31,64,"GC08"
2024-11-13,"Wed",159,11200,4,0,59,77,"GC08"
2024-11-14,"Thu",180,10100,16,1,54,93,"GC08"
2024-11-15,"Fri",182,11200,4,0,27,94,"GC08"
2024-11-16,"Sat",245,14800,1,1,10,161,"GC08"
2024-11-17,"Sun",233,13700,9,1,34,156,"GC08"
2024-11-18,"Mon",172,12100,0,0,22,78,"GC08"
2024-11-19,"Tue",112,11800,0,0,74,53,"GC08"
2024-11-20,"Wed",176,10100,16,1,58,83,"GC08"
2024-11-21,"Thu",166,12100,1,0,8,76,"GC08"
2024-11-22,"Fri",190,12200,1,0,13,114,"GC08"
2024-11-23,"Sat",217,14450,6,0,28,150,"GC08"
2024-11-24,"Sun",195,14900,1,0,27,132,"GC08"
2024-11-25,"Mon",156,12200,0,0,28,71,"GC08"
2024-11-26,"Tue",151,11500,4,0,37,71,"GC08"
2024-11-27,"Wed",188,10000,16,0,29,92,"GC08"
2024-11-28,"Thu",188,10900,9,1,49,101,"GC08"
2024-11-29,"Fri",185,11900,1,0,35,84,"GC08"
2024-11-30,"Sat",210,14900,1,0,11,142,"GC08"
2024-12-01,"Sun",191,15200,0,0,20,138,"GC08"
2024-12-02,"Mon",174,10900,9,1,22,83,"GC08"
2024-12-03,"Tue",144,11600,4,0,13,70,"GC08"
2024-12-04,"Wed",136,11500,6,0,38,69,"GC08"
2024-12-05,"Thu",142,10600,9,1,71,61,"GC08"
2024-12-06,"Fri",182,12100,1,0,19,86,"GC08"
2024-12-07,"Sat",186,13400,11,1,57,122,"GC08"
2024-12-08,"Sun",204,14800,0,0,17,152,"GC08"
2024-12-09,"Mon",153,11300,4,0,22,70,"GC08"
2024-12-10,"Tue",155,11000,11,1,52,67,"GC08"
2024-12-11,"Wed",180,11300,6,1,16,81,"GC08"
2024-12-12,"Thu",151,10700,11,1,65,75,"GC08"
2024-12-13,"Fri",141,11800,1,0,42,63,"GC08"
2024-12-14,"Sat",222,14350,6,1,7,163,"GC08"
2024-12-15,"Sun",215,14800,1,0,12,148,"GC08"
2024-12-16,"Mon",136,12100,0,0,45,66,"GC08"
2024-12-17,"Tue",179,10600,9,1,13,103,"GC08"
2024-12-18,"Wed",153,11900,1,1,28,87,"GC08"
2024-12-19,"Thu",119,12200,1,1,48,59,"GC08"
2024-12-20,"Fri",231,11000,11,1,16,110,"GC08"
2024-12-21,"Sat",206,14900,1,0,8,152,"GC08"
2024-12-22,"Sun",211,14350,4,0,12,146,"GC08"
2024-12-23,"Mon",148,11300,4,1,41,77,"GC08"
2024-12-24,"Tue",156,11200,4,0,30,79,"GC08"
2024-12-25,"Wed",192,9400,20,1,18,87,"GC08"
2024-12-26,"Thu",172,11600,4,1,19,87,"GC08"
2024-12-27,"Fri",176,12200,1,0,22,97,"GC08"
2024-12-28,"Sat",183,15100,0,0,22,132,"GC08"
2024-12-29,"Sun",215,13400,9,1,37,156,"GC08"
2024-12-30,"Mon",153,11900,0,0,15,78,"GC08"
2024-12-31,"Tue",169,11900,0,0,4,78,"GC08"
2025-01-01,"Wed",107,12200,1,0,65,45,"GC08"
2025-01-02,"Thu",125,11600,6,1,50,61,"GC08"
2025-01-03,"Fri",161,12200,1,0,21,80,"GC08"
2025-01-04,"Sat",185,14900,1,1,31,134,"GC08"
2025-01-05,"Sun",196,15100,0,0,14,144,"GC08"
2025-01-06,"Mon",165,11900,0,0,10,88,"GC08"
2025-01-07,"Tue",165,10900,9,1,27,84,"GC08"
2025-01-08,"Wed",156,12100,1,1,28,73,"GC08"
2025-01-09,"Thu",153,11800,0,1,24,77,"GC08"
2025-01-10,"Fri",219,9800,20,1,28,105,"GC08"
2025-01-11,"Sat",198,14450,6,0,15,147,"GC08"
2025-01-12,"Sun",231,12850,14,1,31,150,"GC08"
2025-01-13,"Mon",173,10600,11,1,11,80,"GC08"
2025-01-14,"Tue",224,9400,20,1,0,113,"GC08"
2025-01-15,"Wed",155,11200,6,0,36,65,"GC08"
2025-01-16,"Thu",134,11900,1,0,56,65,"GC08"
2025-01-17,"Fri",212,11000,9,1,26,108,"GC08"
2025-01-18,"Sat",246,12550,16,1,10,156,"GC08"
2025-01-19,"Sun",196,14800,0,1,24,134,"GC08"
2025-01-20,"Mon",159,12200,0,1,18,77,"GC08"
2025-01-21,"Tue",146,11200,6,1,47,70,"GC08"
2025-01-22,"Wed",180,9800,19,1,25,91,"GC08"
2025-01-23,"Thu",207,10300,14,1,0,110,"GC08"
2025-01-24,"Fri",186,12200,0,0,4,93,"GC08"
2025-01-25,"Sat",205,15200,1,0,23,135,"GC08"
2025-01-26,"Sun",219,12950,14,1,37,148,"GC08"
2025-01-27,"Mon",192,10400,14,1,6,91,"GC08"
2025-01-28,"Tue",164,10000,14,1,41,88,"GC08"
2025-01-29,"Wed",207,10900,11,1,13,100,"GC08"
2025-01-30,"Thu",143,12100,1,0,26,61,"GC08"
2025-01-31,"Fri",170,11800,1,0,19,76,"GC08"
2025-02-01,"Sat",220,14450,4,1,23,149,"GC08"
2025-02-02,"Sun",197,15100,1,1,43,141,"GC08"
2025-02-03,"Mon",206,9800,20,1,23,85,"GC08"
2025-02-04,"Tue",141,11900,1,0,33,65,"GC08"
2025-02-05,"Wed",182,10700,9,1,26,97,"GC08"
2025-02-06,"Thu",156,12100,0,0,5,80,"GC08"
2025-02-07,"Fri",163,11600,4,0,51,70,"GC08"
2025-02-08,"Sat",240,14450,4,1,2,169,"GC08"
2025-02-09,"Sun",202,14050,6,0,34,135,"GC08"
2025-02-10,"Mon",128,11900,1,0,32,53,"GC08"
2025-02-11,"Tue",201,10300,14,1,7,99,"GC08"
2025-02-12,"Wed",162,10100,16,0,51,78,"GC08"
2025-02-13,"Thu",153,10600,11,1,49,77,"GC08"
2025-02-14,"Fri",202,10900,11,0,18,107,"GC08"
2025-02-15,"Sat",193,14150,6,0,21,142,"GC08"
2025-02-16,"Sun",200,13400,9,1,44,145,"GC08"
2025-02-17,"Mon",139,12200,1,0,36,79,"GC08"
2025-02-18,"Tue",186,11000,11,1,12,93,"GC08"
2025-02-19,"Wed",137,11800,1,0,36,66,"GC08"
2025-02-20,"Thu",162,11800,1,1,24,74,"GC08"
2025-02-21,"Fri",142,10600,9,1,72,72,"GC08"
2025-02-22,"Sat",224,12650,16,1,36,158,"GC08"
2025-02-23,"Sun",184,14900,0,0,26,135,"GC08"
2025-02-24,"Mon",168,12200,1,1,5,79,"GC08"
2025-02-25,"Tue",200,10700,9,1,23,95,"GC08"
2025-02-26,"Wed",131,12100,0,1,46,69,"GC08"
2025-02-27,"Thu",155,11800,0,0,38,64,"GC08"
2025-02-28,"Fri",184,11500,6,0,5,104,"GC08"
2025-03-01,"Sat",207,15200,1,1,19,143,"GC08"
2025-03-02,"Sun",225,13300,11,1,20,179,"GC08"
2025-03-03,"Mon",119,11800,1,0,61,64,"GC08"
2025-03-04,"Tue",167,12100,0,0,22,88,"GC08"
2025-03-05,"Wed",216,10300,14,1,22,106,"GC08"
2025-03-06,"Thu",186,10100,16,1,19,89,"GC08"
2025-03-07,"Fri",218,10700,9,1,22,114,"GC08"
2025-03-08,"Sat",177,14800,1,0,45,125,"GC08"
2025-03-09,"Sun",185,14450,6,0,50,122,"GC08"
2025-03-10,"Mon",206,10000,16,1,22,99,"GC08"
2025-03-11,"Tue",170,11500,4,0,36,83,"GC08"
2025-03-12,"Wed",155,11900,1,0,28,81,"GC08"
2025-03-13,"Thu",179,11600,6,0,17,87,"GC08"
2025-03-14,"Fri",196,12200,1,1,25,95,"GC08"
2025-03-15,"Sat",214,13300,11,0,38,151,"GC08"
2025-03-16,"Sun",214,15100,1,0,13,155,"GC08"
2025-03-17,"Mon",164,11300,4,0,32,78,"GC08"
2025-03-18,"Tue",176,11900,0,1,9,90,"GC08"
2025-03-19,"Wed",172,10600,9,1,31,92,"GC08"
2025-03-20,"Thu",178,11300,6,0,5,101,"GC08"
2025-03-21,"Fri",181,11200,6,0,37,96,"GC08"
2025-03-22,"Sat",230,14350,6,0,2,154,"GC08"
2025-03-23,"Sun",249,11800,19,1,24,183,"GC08"
2025-03-24,"Mon",221,10300,14,1,7,118,"GC08"
2025-03-25,"Tue",154,12200,1,0,36,80,"GC08"
2025-03-26,"Wed",194,10000,16,1,18,110,"GC08"
2025-03-27,"Thu",166,11500,4,0,24,78,"GC08"
2025-03-28,"Fri",175,12100,0,0,21,86,"GC08"
2025-03-29,"Sat",223,12950,16,1,50,161,"GC08"
2025-03-30,"Sun",209,14800,1,1,33,144,"GC08"
2025-03-31,"Mon",169,11800,1,0,30,92,"GC08"
2025-04-01,"Tue",209,10700,9,1,14,90,"GC08"
2025-04-02,"Wed",158,11800,1,0,32,89,"GC08"
2025-04-03,"Thu",179,11800,0,0,32,88,"GC08"
2025-04-04,"Fri",247,9400,19,1,25,130,"GC08"
2025-04-05,"Sat",241,14350,4,0,19,164,"GC08"
2025-04-06,"Sun",211,14900,1,0,30,141,"GC08"
2025-04-07,"Mon",191,11000,11,0,38,99,"GC08"
2025-04-08,"Tue",174,11300,6,0,22,84,"GC08"
2025-04-09,"Wed",145,11800,1,0,37,66,"GC08"
2025-04-10,"Thu",174,12100,1,0,25,87,"GC08"
2025-04-11,"Fri",210,10900,11,1,25,103,"GC08"
2025-04-12,"Sat",225,14350,4,0,25,161,"GC08"
2025-04-13,"Sun",248,12100,19,1,19,182,"GC08"
2025-04-14,"Mon",177,11900,1,0,29,86,"GC08"
2025-04-15,"Tue",166,11800,0,0,38,65,"GC08"
2025-04-16,"Wed",154,11200,4,0,39,79,"GC08"
2025-04-17,"Thu",186,11000,9,0,40,93,"GC08"
2025-04-18,"Fri",234,10700,9,0,9,116,"GC08"
2025-04-19,"Sat",220,13600,11,1,43,142,"GC08"
2025-04-20,"Sun",233,15200,0,1,10,163,"GC08"
2025-04-21,"Mon",148,12100,0,0,66,68,"GC08"
2025-04-22,"Tue",215,9500,19,1,32,106,"GC08"
2025-04-23,"Wed",138,11900,1,0,40,62,"GC08"
2025-04-24,"Thu",150,11900,0,0,36,66,"GC08"
2025-04-25,"Fri",212,10700,11,1,22,101,"GC08"
2025-04-26,"Sat",249,11900,20,1,28,190,"GC08"
2025-04-27,"Sun",227,13300,11,1,50,152,"GC08"
2025-04-28,"Mon",181,10700,11,1,28,101,"GC08"
2025-04-29,"Tue",208,10700,11,1,10,105,"GC08"
2025-04-30,"Wed",177,12100,1,0,4,80,"GC08"
2025-05-01,"Thu",213,10700,11,1,30,106,"GC08"
2025-05-02,"Fri",200,11200,6,1,26,107,"GC08"
2025-05-03,"Sat",242,14050,4,0,6,181,"GC08"
2025-05-04,"Sun",233,13300,9,1,48,149,"GC08"
2025-05-05,"Mon",191,11500,4,0,23,94,"GC08"
2025-05-06,"Tue",160,11800,1,0,41,72,"GC08"
2025-05-07,"Wed",178,11200,6,0,11,91,"GC08"
2025-05-08,"Thu",202,11200,4,0,4,94,"GC08"
2025-05-09,"Fri",191,11600,6,1,22,98,"GC08"
2025-05-10,"Sat",216,14050,4,0,29,165,"GC08"
2025-05-11,"Sun",241,13400,11,1,24,177,"GC08"
2025-05-12,"Mon",181,11800,0,0,30,83,"GC08"
2025-05-13,"Tue",180,11200,4,0,21,82,"GC08"
2025-05-14,"Wed",161,11800,0,0,25,86,"GC08"
2025-05-15,"Thu",208,11000,11,1,19,113,"GC08"
2025-05-16,"Fri",218,11000,11,1,43,89,"GC08"
2025-05-17,"Sat",229,15100,0,0,14,156,"GC08"
2025-05-18,"Sun",240,13700,11,1,50,168,"GC08"
2025-05-19,"Mon",167,11900,1,0,44,78,"GC08"
2025-05-20,"Tue",149,11800,1,0,59,60,"GC08"
2025-05-21,"Wed",179,11300,6,1,36,93,"GC08"
2025-05-22,"Thu",193,11600,4,1,3,87,"GC08"
2025-05-23,"Fri",181,11800,1,0,20,97,"GC08"
2025-05-24,"Sat",216,15100,0,0,38,149,"GC08"
2025-05-25,"Sun",228,13700,11,1,56,159,"GC08"
2025-05-26,"Mon",172,10900,11,1,46,86,"GC08"
2025-05-27,"Tue",214,10100,16,1,28,101,"GC08"
2025-05-28,"Wed",170,11900,0,0,18,87,"GC08"
2025-05-29,"Thu",185,11900,0,1,27,91,"GC08"
2025-05-30,"Fri",233,10000,14,1,21,126,"GC08"
2025-05-31,"Sat",252,13600,11,1,16,177,"GC08"
2025-06-01,"Sun",215,15200,1,0,7,136,"GC08"
2025-06-02,"Mon",153,11800,1,1,23,82,"GC08"
2025-06-03,"Tue",152,11000,11,1,38,90,"GC08"
2025-06-04,"Wed",150,10100,14,1,51,78,"GC08"
2025-06-05,"Thu",160,10600,9,1,36,80,"GC08"
2025-06-06,"Fri",205,10400,14,1,29,110,"GC08"
2025-06-07,"Sat",201,14900,0,0,26,138,"GC08"
2025-06-08,"Sun",232,14350,4,1,6,161,"GC08"
2025-06-09,"Mon",158,12200,1,0,30,80,"GC08"
2025-06-10,"Tue",205,10000,14,1,4,107,"GC08"
2025-06-11,"Wed",134,12200,1,0,49,71,"GC08"
2025-06-12,"Thu",215,9400,19,1,10,102,"GC08"
2025-06-13,"Fri",176,12200,0,0,14,80,"GC08"
2025-06-14,"Sat",206,12650,16,1,52,146,"GC08"
2025-06-15,"Sun",195,14900,0,0,21,143,"GC08"
2025-06-16,"Mon",163,11200,6,0,10,76,"GC08"
2025-06-17,"Tue",120,11900,1,1,49,64,"GC08"
2025-06-18,"Wed",147,11900,1,0,20,79,"GC08"
2025-06-19,"Thu",159,12200,1,0,1,86,"GC08"
2025-06-20,"Fri",172,11800,1,0,35,80,"GC08"
2025-06-21,"Sat",188,15200,1,0,28,130,"GC08"
2025-06-22,"Sun",183,13400,11,1,60,126,"GC08"
2025-06-23,"Mon",154,11500,4,0,31,82,"GC08"
2025-06-24,"Tue",141,11900,0,0,32,76,"GC08"
2025-06-25,"Wed",146,11900,1,0,35,80,"GC08"
2025-06-26,"Thu",182,10000,16,1,27,97,"GC08"
2025-06-27,"Fri",166,11600,4,0,27,88,"GC08"
2025-06-28,"Sat",220,14150,6,1,15,154,"GC08"
2025-06-29,"Sun",185,14450,6,0,60,132,"GC08"
2025-06-30,"Mon",182,11000,11,0,21,95,"GC08"
2025-07-01,"Tue",155,11500,6,0,47,76,"GC08"
2025-07-02,"Wed",149,11900,1,0,36,66,"GC08"
2025-07-03,"Thu",109,12200,1,0,53,52,"GC08"
2025-07-04,"Fri",167,11000,9,1,45,78,"GC08"
2025-07-05,"Sat",203,13700,9,1,45,137,"GC08"
2025-07-06,"Sun",246,12550,16,1,8,172,"GC08"
2025-07-07,"Mon",143,11500,6,0,28,72,"GC08"
2025-07-08,"Tue",159,11800,1,0,11,88,"GC08"
2025-07-09,"Wed",159,11200,6,0,38,73,"GC08"
2025-07-10,"Thu",142,11900,0,0,19,76,"GC08"
2025-07-11,"Fri",163,11200,4,0,39,81,"GC08"
2025-07-12,"Sat",205,15200,0,0,9,131,"GC08"
2025-07-13,"Sun",237,13600,9,1,10,165,"GC08"
2025-07-14,"Mon",164,11300,6,0,18,74,"GC08"
2025-07-15,"Tue",170,10900,11,1,24,86,"GC08"
2025-07-16,"Wed",130,11800,1,1,54,63,"GC08"
2025-07-17,"Thu",187,10100,16,1,17,95,"GC08"
2025-07-18,"Fri",185,11800,1,0,10,88,"GC08"
2025-07-19,"Sat",240,13300,11,1,8,161,"GC08"
2025-07-20,"Sun",211,14150,6,0,17,144,"GC08"
2025-07-21,"Mon",207,10300,14,1,9,101,"GC08"
2025-07-22,"Tue",115,11900,1,0,59,52,"GC08"
2025-07-23,"Wed",159,11200,4,0,11,81,"GC08"
2025-07-24,"Thu",189,12200,1,1,11,90,"GC08"
2025-07-25,"Fri",141,12200,0,0,68,70,"GC08"
2025-07-26,"Sat",179,14900,1,1,52,127,"GC08"
2025-07-27,"Sun",198,15100,1,0,27,122,"GC08"
2025-07-28,"Mon",139,10000,16,1,61,65,"GC08"
2025-07-29,"Tue",147,9500,19,1,54,76,"GC08"
2025-07-30,"Wed",159,10400,16,0,69,71,"GC08"
2025-07-31,"Thu",147,11900,0,0,25,72,"GC08"
2025-08-01,"Fri",191,11600,6,1,9,99,"GC08"
2025-08-02,"Sat",215,14800,1,0,14,147,"GC08"
2025-08-03,"Sun",239,13300,9,1,5,163,"GC08"
2025-08-04,"Mon",152,11900,1,0,26,64,"GC08"
2025-08-05,"Tue",161,10300,14,1,47,77,"GC08"
2025-08-06,"Wed",144,10600,11,1,50,69,"GC08"
2025-08-07,"Thu",134,12100,1,0,35,70,"GC08"
2025-08-08,"Fri",186,11800,0,1,18,99,"GC08"
2025-08-09,"Sat",213,15200,1,0,20,151,"GC08"
2025-08-10,"Sun",177,13400,11,1,56,135,"GC08"
2025-08-11,"Mon",180,10900,9,1,8,91,"GC08"
2025-08-12,"Tue",164,12100,0,0,8,77,"GC08"
2025-08-13,"Wed",150,11900,0,0,33,81,"GC08"
2025-08-14,"Thu",153,11800,1,1,28,71,"GC08"
2025-08-15,"Fri",191,10900,11,1,26,87,"GC08"
2025-08-16,"Sat",232,13700,9,1,5,162,"GC08"
2025-08-17,"Sun",164,14900,0,0,50,121,"GC08"
2025-08-18,"Mon",150,11200,6,1,44,88,"GC08"
2025-08-19,"Tue",158,11900,0,0,8,72,"GC08"
2025-08-20,"Wed",178,11300,6,1,15,81,"GC08"
2025-08-21,"Thu",151,11200,4,1,27,81,"GC08"
2025-08-22,"Fri",168,11200,6,1,34,77,"GC08"
2025-08-23,"Sat",247,11900,19,1,14,169,"GC08"
2025-08-24,"Sun",159,15200,1,0,57,121,"GC08"
2025-08-25,"Mon",154,12100,0,0,20,66,"GC08"
2025-08-26,"Tue",195,10000,16,1,24,94,"GC08"
2025-08-27,"Wed",160,11800,0,1,14,71,"GC08"
2025-08-28,"Thu",141,12200,0,0,38,67,"GC08"
2025-08-29,"Fri",229,10000,14,1,7,118,"GC08"
2025-08-30,"Sat",253,11900,20,1,8,189,"GC08"
2025-08-31,"Sun",185,15200,1,0,26,123,"GC08"
2025-09-01,"Mon",157,10900,11,1,48,75,"GC08"
2025-09-02,"Tue",176,10700,11,1,25,83,"GC08"
2025-09-03,"Wed",149,11200,6,0,36,71,"GC08"
2025-09-04,"Thu",212,10100,16,1,10,115,"GC08"
2025-09-05,"Fri",216,10400,14,1,13,115,"GC08"
2025-09-06,"Sat",184,14800,1,0,30,136,"GC08"
2025-09-07,"Sun",209,15200,0,0,16,145,"GC08"
2025-09-08,"Mon",187,10900,9,1,14,93,"GC08"
2025-09-09,"Tue",186,11000,9,0,5,106,"GC08"
2025-09-10,"Wed",154,12200,1,1,19,73,"GC08"
2025-09-11,"Thu",199,9700,19,1,22,103,"GC08"
2025-09-12,"Fri",140,11800,1,0,67,66,"GC08"
2025-09-13,"Sat",196,14900,0,0,24,129,"GC08"
2025-09-14,"Sun",198,15200,1,0,15,141,"GC08"
2025-09-15,"Mon",158,12100,1,0,18,71,"GC08"
2025-09-16,"Tue",169,11900,1,0,14,85,"GC08"
2025-09-17,"Wed",170,11800,1,1,15,79,"GC08"
2025-09-18,"Thu",113,12100,1,1,67,53,"GC08"
2025-09-19,"Fri",161,11600,6,0,35,78,"GC08"
2025-09-20,"Sat",204,14450,4,0,28,148,"GC08"
2025-09-21,"Sun",253,13600,11,1,7,191,"GC08"
2025-09-22,"Mon",153,11600,4,0,23,82,"GC08"
2025-09-23,"Tue",145,12200,0,1,20,79,"GC08"
2025-09-24,"Wed",185,11000,11,1,22,90,"GC08"
2025-09-25,"Thu",114,11500,6,1,61,59,"GC08"
2025-09-26,"Fri",182,12100,1,0,18,93,"GC08"
2025-09-27,"Sat",194,15200,0,0,23,131,"GC08"
2025-09-28,"Sun",221,11900,19,1,46,155,"GC08"
2025-09-29,"Mon",141,11500,4,1,28,73,"GC08"
2025-09-30,"Tue",134,11900,0,0,21,72,"GC08"
2025-10-01,"Wed",224,9800,20,1,9,117,"GC08"
2025-10-02,"Thu",173,12100,1,0,11,93,"GC08"
2025-10-03,"Fri",186,11600,4,0,31,95,"GC08"
2025-10-04,"Sat",189,14350,6,0,59,133,"GC08"
2025-10-05,"Sun",224,14900,1,0,3,158,"GC08"
2025-10-06,"Mon",197,10700,9,1,20,105,"GC08"
2025-10-07,"Tue",203,10300,16,1,28,99,"GC08"
2025-10-08,"Wed",184,12200,1,0,2,93,"GC08"
2025-10-09,"Thu",201,10700,9,1,15,100,"GC08"
2025-10-10,"Fri",227,11000,11,1,11,119,"GC08"
2025-10-11,"Sat",176,14800,1,0,78,120,"GC08"
2025-10-12,"Sun",232,13700,9,1,28,158,"GC08"
2025-10-13,"Mon",147,11300,4,0,37,68,"GC08"
2025-10-14,"Tue",186,11000,9,1,36,92,"GC08"
2025-10-15,"Wed",181,11300,6,0,33,91,"GC08"
2025-10-16,"Thu",176,10600,9,1,50,93,"GC08"
2025-10-17,"Fri",216,10900,9,1,21,98,"GC08"
2025-10-18,"Sat",210,14800,0,0,19,147,"GC08"
2025-10-19,"Sun",223,14900,1,1,20,141,"GC08"
2025-10-20,"Mon",168,10900,9,1,42,91,"GC08"
2025-10-21,"Tue",181,11500,6,1,29,99,"GC08"
2025-10-22,"Wed",179,11800,0,0,9,80,"GC08"
2025-10-23,"Thu",197,10400,16,1,41,92,"GC08"
2025-10-24,"Fri",177,12100,1,0,22,84,"GC08"
2025-10-25,"Sat",232,13400,11,1,20,171,"GC08"
2025-10-26,"Sun",224,13700,11,1,25,152,"GC08"
2025-10-27,"Mon",196,10600,11,1,24,102,"GC08"
2025-10-28,"Tue",180,10900,9,1,20,83,"GC08"
2025-10-29,"Wed",193,9500,20,1,33,96,"GC08"
2025-10-30,"Thu",220,10000,14,1,29,103,"GC08"
2025-10-31,"Fri",201,10900,11,1,34,106,"GC08"
2025-11-01,"Sat",212,13400,9,1,43,136,"GC08"
2025-11-02,"Sun",204,14900,0,0,33,159,"GC08"
2025-11-03,"Mon",154,11500,6,0,33,81,"GC08"
2025-11-04,"Tue",102,11800,1,0,85,43,"GC08"
2025-11-05,"Wed",190,10700,9,1,22,89,"GC08"
2025-11-06,"Thu",198,10900,9,1,32,105,"GC08"
2025-11-07,"Fri",194,10100,16,0,33,98,"GC08"
2025-11-08,"Sat",200,12850,14,1,79,134,"GC08"
2025-11-09,"Sun",198,15200,1,0,29,135,"GC08"
2025-11-10,"Mon",159,11900,0,0,38,73,"GC08"
2025-11-11,"Tue",222,10700,11,1,8,104,"GC08"
2025-11-12,"Wed",178,11500,6,0,20,99,"GC08"
2025-11-13,"Thu",157,12100,1,0,23,81,"GC08"
2025-11-14,"Fri",190,11000,11,1,64,105,"GC08"
2025-11-15,"Sat",246,12650,14,1,14,172,"GC08"
2025-11-16,"Sun",208,14450,6,0,37,149,"GC08"
2025-11-17,"Mon",177,11600,6,0,16,89,"GC08"
2025-11-18,"Tue",143,11900,1,0,35,83,"GC08"
2025-11-19,"Wed",192,10900,11,1,18,93,"GC08"
2025-11-20,"Thu",178,11200,4,0,37,92,"GC08"
2025-11-21,"Fri",165,12200,0,0,44,65,"GC08"
2025-11-22,"Sat",224,13400,11,1,12,166,"GC08"
2025-11-23,"Sun",233,14350,6,0,9,153,"GC08"
2025-11-24,"Mon",206,9500,19,1,23,96,"GC08"
2025-11-25,"Tue",225,9500,19,1,11,112,"GC08"
2025-11-26,"Wed",187,11500,6,0,6,86,"GC08"
2025-11-27,"Thu",148,11600,6,0,47,65,"GC08"
2025-11-28,"Fri",184,11800,1,0,2,96,"GC08"
2025-11-29,"Sat",253,12950,16,1,10,174,"GC08"
2025-11-30,"Sun",155,15100,1,0,68,106,"GC08"
2025-12-01,"Mon",146,12200,1,0,14,75,"GC08"
2025-12-02,"Tue",218,9700,19,1,17,95,"GC08"
2025-12-03,"Wed",158,12100,0,0,12,86,"GC08"
2025-12-04,"Thu",169,11900,0,0,7,86,"GC08"
2025-12-05,"Fri",177,10600,9,1,48,85,"GC08"
2025-12-06,"Sat",237,12950,16,1,34,157,"GC08"
2025-12-07,"Sun",253,13300,9,1,12,169,"GC08"
2025-12-08,"Mon",156,11300,6,1,21,73,"GC08"
2025-12-09,"Tue",134,11900,0,0,51,67,"GC08"
2025-12-10,"Wed",151,11800,1,0,13,79,"GC08"
2025-12-11,"Thu",151,11800,1,0,32,75,"GC08"
2025-12-12,"Fri",217,9500,19,1,33,100,"GC08"
2025-12-13,"Sat",215,14450,4,1,15,153,"GC08"
2025-12-14,"Sun",217,14350,4,0,7,153,"GC08"
2025-12-15,"Mon",155,11500,6,0,12,78,"GC08"
2025-12-16,"Tue",181,10600,9,1,18,88,"GC08"
2025-12-17,"Wed",155,10000,16,1,43,79,"GC08"
2025-12-18,"Thu",149,11900,0,0,21,76,"GC08"
2025-12-19,"Fri",206,10600,9,1,25,102,"GC08"
2025-12-20,"Sat",210,15100,0,1,8,131,"GC08"
2025-12-21,"Sun",236,12950,16,1,18,179,"GC08"
2025-12-22,"Mon",113,11600,6,0,61,59,"GC08"
2025-12-23,"Tue",202,10300,14,1,20,93,"GC08"
2025-12-24,"Wed",201,10900,9,0,7,96,"GC08"
2025-12-25,"Thu",144,12200,0,0,20,70,"GC08"
2025-12-26,"Fri",171,11900,1,0,16,87,"GC08"
2025-12-27,"Sat",223,13600,9,0,25,171,"GC08"
2025-12-28,"Sun",206,15200,0,1,17,140,"GC08"
2025-12-29,"Mon",148,11200,4,0,33,76,"GC08"
2025-12-30,"Tue",139,11900,0,0,24,74,"GC08"
2025-12-31,"Wed",134,12200,0,0,36,63,"GC08"
2026-01-01,"Thu",156,11800,1,1,25,77,"GC08"
2026-01-02,"Fri",170,11500,4,1,31,80,"GC08"
2026-01-03,"Sat",203,14900,1,0,15,156,"GC08"
2026-01-04,"Sun",230,13600,9,1,22,162,"GC08"
2026-01-05,"Mon",151,10100,14,1,54,74,"GC08"
2026-01-06,"Tue",172,10400,14,1,22,89,"GC08"
2026-01-07,"Wed",179,10300,14,1,54,90,"GC08"
2026-01-08,"Thu",211,10300,16,0,3,111,"GC08"
2026-01-09,"Fri",190,11300,6,0,6,102,"GC08"
2026-01-10,"Sat",196,14350,6,0,27,136,"GC08"
2026-01-11,"Sun",189,14150,4,0,30,141,"GC08"
2026-01-12,"Mon",135,12200,1,0,49,68,"GC08"
2026-01-13,"Tue",167,12200,0,0,2,81,"GC08"
2026-01-14,"Wed",156,12200,0,0,6,77,"GC08"
2026-01-15,"Thu",148,11900,1,0,15,77,"GC08"
2026-01-16,"Fri",185,10600,9,1,39,96,"GC08"
2026-01-17,"Sat",236,13600,11,1,13,168,"GC08"
2026-01-18,"Sun",169,15100,1,0,47,120,"GC08"
2026-01-19,"Mon",182,10600,11,1,18,88,"GC08"
2026-01-20,"Tue",157,11900,1,0,27,76,"GC08"
2026-01-21,"Wed",213,10000,16,1,13,100,"GC08"
2026-01-22,"Thu",168,11600,6,0,23,88,"GC08"
2026-01-23,"Fri",187,11200,4,0,5,95,"GC08"
2026-01-24,"Sat",185,14900,1,0,44,128,"GC08"
2026-01-25,"Sun",206,14900,0,0,27,139,"GC08"
2026-01-26,"Mon",170,10900,9,1,19,91,"GC08"
2026-01-27,"Tue",195,11000,9,1,15,96,"GC08"
2026-01-28,"Wed",154,12200,0,0,24,83,"GC08"
2026-01-29,"Thu",138,12200,0,0,41,71,"GC08"
2026-01-30,"Fri",193,10300,16,1,46,93,"GC08"
2026-01-31,"Sat",215,13700,9,1,39,151,"GC08"
2026-02-01,"Sun",205,14800,1,0,13,137,"GC08"
2026-02-02,"Mon",163,11900,0,0,5,79,"GC08"
2026-02-03,"Tue",142,12200,1,1,32,72,"GC08"
2026-02-04,"Wed",191,10300,16,1,22,94,"GC08"
2026-02-05,"Thu",179,10700,9,1,24,86,"GC08"
2026-02-06,"Fri",174,10600,9,1,35,80,"GC08"
2026-02-07,"Sat",227,14350,6,0,12,159,"GC08"
2026-02-08,"Sun",209,14050,4,1,19,151,"GC08"
2026-02-09,"Mon",197,11000,11,1,6,103,"GC08"
2026-02-10,"Tue",189,11000,9,1,13,97,"GC08"
2026-02-11,"Wed",147,11800,1,0,11,69,"GC08"
2026-02-12,"Thu",157,11300,4,1,33,86,"GC08"
2026-02-13,"Fri",178,12100,1,0,13,90,"GC08"
2026-02-14,"Sat",197,14800,1,0,25,131,"GC08"
2026-02-15,"Sun",164,15100,0,0,48,115,"GC08"
2026-02-16,"Mon",147,11900,0,0,37,70,"GC08"
2026-02-17,"Tue",142,11900,1,1,20,66,"GC08"
2026-02-18,"Wed",164,11900,0,0,7,81,"GC08"
2026-02-19,"Thu",158,11500,4,0,14,73,"GC08"
2026-02-20,"Fri",133,12100,1,0,67,63,"GC08"
2026-02-21,"Sat",226,12650,16,1,33,162,"GC08"
2026-02-22,"Sun",201,14900,0,0,8,149,"GC08"
2026-02-23,"Mon",142,12200,0,0,10,79,"GC08"
2026-02-24,"Tue",162,11900,0,0,20,76,"GC08"
2026-02-25,"Wed",174,11600,6,0,22,84,"GC08"
2026-02-26,"Thu",135,11200,6,0,58,63,"GC08"
2026-02-27,"Fri",169,12200,1,0,10,84,"GC08"
2026-02-28,"Sat",188,14900,1,0,28,138,"GC08"
2026-03-01,"Sun",196,15100,0,0,33,141,"GC08"
2026-03-02,"Mon",156,11500,6,0,44,73,"GC08"
2026-03-03,"Tue",150,12100,0,0,20,78,"GC08"
2026-03-04,"Wed",182,11000,9,1,23,79,"GC08"
2026-03-05,"Thu",177,11600,6,0,16,88,"GC08"
2026-03-06,"Fri",164,11600,6,0,40,82,"GC08"
2026-03-07,"Sat",179,15200,1,0,65,133,"GC08"
2026-03-08,"Sun",248,13700,9,1,9,174,"GC08"
2026-03-09,"Mon",168,10600,11,1,45,82,"GC08"
2026-03-10,"Tue",139,12100,1,0,50,72,"GC08"
2026-03-11,"Wed",164,12200,0,0,20,83,"GC08"
2026-03-12,"Thu",174,11600,6,0,22,86,"GC08"
2026-03-13,"Fri",187,11900,0,0,34,90,"GC08"
2026-03-14,"Sat",231,12950,14,1,32,175,"GC08"
2026-03-15,"Sun",214,14800,0,1,19,147,"GC08"
2026-03-16,"Mon",185,11500,6,1,48,103,"GC08"
2026-03-17,"Tue",197,10300,16,1,33,85,"GC08"
2026-03-18,"Wed",163,12200,1,0,8,87,"GC08"
2026-03-19,"Thu",176,11200,6,0,22,91,"GC08"
2026-03-20,"Fri",212,10700,11,1,19,111,"GC08"
2026-03-21,"Sat",209,14450,6,0,42,138,"GC08"
2026-03-22,"Sun",225,14800,0,1,13,153,"GC08"
2026-03-23,"Mon",178,12200,1,1,16,93,"GC08"
2026-03-24,"Tue",158,12200,0,0,22,83,"GC08"
2026-03-25,"Wed",154,11900,1,0,24,78,"GC08"
2026-03-26,"Thu",182,10900,9,0,31,97,"GC08"
2026-03-27,"Fri",188,11800,0,0,17,90,"GC08"
2026-03-28,"Sat",218,15100,1,0,8,154,"GC08"
2026-03-29,"Sun",177,15100,0,0,35,126,"GC08"
2026-03-30,"Mon",160,12200,0,1,34,75,"GC08"
2026-03-31,"Tue",186,10700,11,1,34,94,"GC08"
2026-04-01,"Wed",182,10300,14,1,52,94,"GC08"
2026-04-02,"Thu",194,11000,9,0,20,90,"GC08"
2026-04-03,"Fri",164,12200,0,0,53,88,"GC08"
2026-04-04,"Sat",225,14900,1,1,9,157,"GC08"
2026-04-05,"Sun",235,14450,6,0,9,171,"GC08"
2026-04-06,"Mon",165,11800,1,0,13,81,"GC08"
2026-04-07,"Tue",145,12200,0,0,58,70,"GC08"
2026-04-08,"Wed",167,11800,0,1,14,75,"GC08"
2026-04-09,"Thu",173,11800,1,0,0,91,"GC08"
2026-04-10,"Fri",194,10700,11,1,36,92,"GC08"
2026-04-11,"Sat",223,14800,1,0,13,158,"GC08"
2026-04-12,"Sun",175,14900,0,1,45,124,"GC08"
2026-04-13,"Mon",213,10400,14,1,14,109,"GC08"
2026-04-14,"Tue",185,12100,1,0,10,92,"GC08"
2026-04-15,"Wed",168,11300,4,0,57,91,"GC08"
2026-04-16,"Thu",224,10600,9,1,3,117,"GC08"
2026-04-17,"Fri",209,12100,1,0,17,106,"GC08"
2026-04-18,"Sat",246,12850,16,1,7,180,"GC08"
2026-04-19,"Sun",252,12550,14,1,11,180,"GC08"
2026-04-20,"Mon",176,11500,4,1,34,91,"GC08"
2026-04-21,"Tue",191,10000,16,1,30,90,"GC08"
2026-04-22,"Wed",164,11200,4,1,37,92,"GC08"
2026-04-23,"Thu",150,11300,4,0,40,64,"GC08"
2026-04-24,"Fri",221,10000,14,1,35,113,"GC08"
2026-04-25,"Sat",236,14800,1,0,9,167,"GC08"
2026-04-26,"Sun",204,15200,0,0,21,147,"GC08"
2026-04-27,"Mon",180,11900,0,0,20,92,"GC08"
2026-04-28,"Tue",201,10900,9,1,11,105,"GC08"
2026-04-29,"Wed",168,12200,1,0,34,88,"GC08"
2026-04-30,"Thu",170,11900,0,0,15,80,"GC08"
2026-05-01,"Fri",205,11600,6,0,21,97,"GC08"
2026-05-02,"Sat",239,15200,0,1,5,158,"GC08"
2026-05-03,"Sun",197,15100,0,0,49,136,"GC08"
2026-05-04,"Mon",170,12100,1,0,23,91,"GC08"
2026-05-05,"Tue",179,12200,0,0,28,91,"GC08"
2026-05-06,"Wed",136,12100,1,0,38,71,"GC08"
2026-05-07,"Thu",181,12100,0,0,15,83,"GC08"
2026-05-08,"Fri",210,10300,16,0,55,102,"GC08"
2026-05-09,"Sat",234,14900,1,0,10,171,"GC08"
2026-05-10,"Sun",229,14050,6,0,17,176,"GC08"
2026-05-11,"Mon",200,10900,11,1,25,93,"GC08"
2026-05-12,"Tue",196,10900,9,1,13,105,"GC08"
2026-05-13,"Wed",230,10000,16,1,9,109,"GC08"
2026-05-14,"Thu",169,11800,0,0,27,85,"GC08"
2026-05-15,"Fri",198,11600,4,0,16,109,"GC08"
2026-05-16,"Sat",254,13700,9,1,10,173,"GC08"
2026-05-17,"Sun",215,13600,11,1,44,157,"GC08"
2026-05-18,"Mon",159,11200,4,0,44,89,"GC08"
2026-05-19,"Tue",181,11200,6,0,27,82,"GC08"
2026-05-20,"Wed",199,10400,16,1,22,92,"GC08"
2026-05-21,"Thu",227,9700,20,1,3,95,"GC08"
2026-05-22,"Fri",202,12200,1,0,37,104,"GC08"
2026-05-23,"Sat",195,15200,1,0,42,117,"GC08"
2026-05-24,"Sun",254,12850,16,1,29,171,"GC08"
2026-05-25,"Mon",211,9800,19,1,33,91,"GC08"
2026-05-26,"Tue",159,11900,0,0,42,81,"GC08"
2026-05-27,"Wed",159,11200,4,0,53,90,"GC08"
2026-05-28,"Thu",222,11000,9,1,10,97,"GC08"
2026-05-29,"Fri",164,12100,1,0,52,71,"GC08"
2026-05-30,"Sat",225,15100,1,1,23,169,"GC08"
2026-05-31,"Sun",192,14800,0,0,39,139,"GC08"
2026-06-01,"Mon",146,11900,1,0,11,77,"GC08"
2026-06-02,"Tue",165,10700,11,1,31,76,"GC08"
2026-06-03,"Wed",144,12100,0,0,38,74,"GC08"
2026-06-04,"Thu",165,10600,11,1,34,79,"GC08"
2026-06-05,"Fri",187,10000,16,1,44,93,"GC08"
2026-06-06,"Sat",173,14150,4,0,41,113,"GC08"
2026-06-07,"Sun",204,14800,0,0,14,141,"GC08"
2026-06-08,"Mon",195,10400,16,1,21,103,"GC08"
2026-06-09,"Tue",147,12100,1,1,25,73,"GC08"
2026-06-10,"Wed",164,11000,9,1,41,83,"GC08"
2026-06-11,"Thu",146,11200,6,0,25,74,"GC08"
2026-06-12,"Fri",162,11800,1,0,23,74,"GC08"
2026-06-13,"Sat",189,14150,6,0,43,139,"GC08"
2026-06-14,"Sun",246,12550,14,1,18,177,"GC08"
2026-06-15,"Mon",156,11800,1,0,24,81,"GC08"
2026-06-16,"Tue",175,10700,9,1,2,84,"GC08"
2026-06-17,"Wed",165,11500,6,1,26,81,"GC08"
2026-06-18,"Thu",176,12100,1,0,3,97,"GC08"
2026-06-19,"Fri",174,12100,0,0,6,71,"GC08"
2026-06-20,"Sat",222,12950,16,1,39,156,"GC08"
2026-06-21,"Sun",208,14150,4,0,29,149,"GC08"
2026-06-22,"Mon",170,11900,0,0,6,80,"GC08"
2026-06-23,"Tue",182,11500,6,0,3,95,"GC08"
2026-06-24,"Wed",130,12200,0,0,49,62,"GC08"
2026-06-25,"Thu",173,10300,14,1,32,94,"GC08"
2026-06-26,"Fri",197,10700,11,0,17,95,"GC08"
2026-06-27,"Sat",176,14800,0,0,26,136,"GC08"
2026-06-28,"Sun",237,12850,16,1,0,175,"GC08"
2026-06-29,"Mon",154,11900,1,0,32,73,"GC08"
2026-06-30,"Tue",165,10400,16,1,41,95,"GC08"
2026-07-01,"Wed",156,11800,1,0,22,79,"GC08"
2026-07-02,"Thu",135,11900,1,0,43,68,"GC08"
2026-07-03,"Fri",178,12200,1,1,19,90,"GC08"
2026-07-04,"Sat",252,12100,20,1,4,170,"GC08"
2026-07-05,"Sun",237,13400,11,1,21,161,"GC08"
2026-07-06,"Mon",137,11600,4,1,33,70,"GC08"
2026-07-07,"Tue",166,10600,9,1,35,73,"GC08"
2026-07-08,"Wed",121,12200,1,0,64,54,"GC08"
2026-07-09,"Thu",149,11900,0,0,21,83,"GC08"
2026-07-10,"Fri",202,11600,4,1,8,107,"GC08"
2026-07-11,"Sat",205,14800,0,0,24,140,"GC08"
2026-07-12,"Sun",189,15200,1,0,22,140,"GC08"
2026-07-13,"Mon",165,11800,0,1,0,80,"GC08"
2026-07-14,"Tue",120,12100,1,0,36,65,"GC08"
2026-07-15,"Wed",179,11800,0,0,5,86,"GC08"
2026-07-16,"Thu",174,12100,0,1,14,82,"GC08"
2026-07-17,"Fri",181,11800,1,0,1,95,"GC08"
2026-07-18,"Sat",194,14900,1,1,35,138,"GC08"
2026-07-19,"Sun",195,12550,16,1,62,125,"GC08"
2026-07-20,"Mon",164,10600,11,1,30,74,"GC08"
2026-07-21,"Tue",124,12200,1,0,52,59,"GC08"
2026-07-22,"Wed",163,9700,19,1,46,88,"GC08"
2026-07-23,"Thu",170,10300,16,1,22,91,"GC08"
2026-07-24,"Fri",196,11200,6,0,3,91,"GC08"
2026-07-25,"Sat",244,13600,9,1,8,177,"GC08"
2026-07-26,"Sun",215,13300,11,1,35,146,"GC08"
2026-07-27,"Mon",135,11900,1,0,49,70,"GC08"
2026-07-28,"Tue",133,12200,0,0,20,66,"GC08"
2026-07-29,"Wed",168,10100,16,1,48,90,"GC08"
2026-07-30,"Thu",187,9500,19,1,35,85,"GC08"
2026-07-31,"Fri",182,11600,4,0,29,82,"GC08"
2026-08-01,"Sat",166,15100,0,0,54,124,"GC08"
2026-08-02,"Sun",159,14900,0,0,53,108,"GC08"
2026-08-03,"Mon",135,12200,0,1,28,72,"GC08"
2026-08-04,"Tue",158,11300,4,0,18,77,"GC08"
2026-08-05,"Wed",158,11800,0,0,12,83,"GC08"
2026-08-06,"Thu",127,12200,0,0,26,65,"GC08"
2026-08-07,"Fri",212,11000,11,1,9,111,"GC08"
2026-08-08,"Sat",183,14900,1,0,23,131,"GC08"
2026-08-09,"Sun",192,13300,9,1,37,123,"GC08"
2026-08-10,"Mon",147,11600,4,0,41,77,"GC08"
2026-08-11,"Tue",150,11900,0,0,17,79,"GC08"
2026-08-12,"Wed",134,12200,0,0,24,69,"GC08"
2026-08-13,"Thu",112,12100,0,0,48,64,"GC08"
2026-08-14,"Fri",149,11800,1,0,52,78,"GC08"
2026-08-15,"Sat",193,14800,1,1,27,134,"GC08"
2026-08-16,"Sun",202,14800,0,0,10,150,"GC08"
2026-08-17,"Mon",138,12200,0,0,35,79,"GC08"
2026-08-18,"Tue",146,11900,0,0,23,78,"GC08"
2026-08-19,"Wed",113,12100,0,0,51,59,"GC08"
2026-08-20,"Thu",169,12200,1,0,3,91,"GC08"
2026-08-21,"Fri",247,10300,16,1,9,107,"GC08"
2026-08-22,"Sat",208,15100,0,1,19,137,"GC08"
2026-08-23,"Sun",150,15100,0,0,64,107,"GC08"
2026-08-24,"Mon",151,12200,1,0,22,70,"GC08"
2026-08-25,"Tue",129,12200,0,0,38,61,"GC08"
2026-08-26,"Wed",149,11800,1,0,18,81,"GC08"
2026-08-27,"Thu",137,11800,0,0,46,61,"GC08"
2026-08-28,"Fri",197,10900,9,0,22,112,"GC08"
2026-08-29,"Sat",191,15100,0,0,11,127,"GC08"
2026-08-30,"Sun",185,14800,1,0,35,125,"GC08"
2026-08-31,"Mon",132,11900,1,0,41,71,"GC08"
2026-09-01,"Tue",,10700,11,1,18,96,"GC08"
2026-09-02,"Wed",,10900,9,0,29,76,"GC08"
2026-09-03,"Thu",,10900,11,1,18,99,"GC08"
2026-09-04,"Fri",,12200,1,0,49,69,"GC08"
2026-09-05,"Sat",,14800,0,0,16,134,"GC08"
2026-09-06,"Sun",,14900,0,1,53,124,"GC08"
2026-09-07,"Mon",,10100,16,1,49,85,"GC08"
2026-09-08,"Tue",,10400,14,1,41,77,"GC08"
2026-09-09,"Wed",,11800,1,1,27,79,"GC08"
2026-09-10,"Thu",,11800,1,0,54,63,"GC08"
2026-09-11,"Fri",,12100,0,0,51,77,"GC08"
2026-09-12,"Sat",,11800,20,1,17,169,"GC08"
2026-09-13,"Sun",,12550,16,1,12,179,"GC08"
2026-09-14,"Mon",,11600,6,1,1,98,"GC08"
2026-09-15,"Tue",,12100,0,0,10,76,"GC08"
2026-09-16,"Wed",,11500,4,1,55,73,"GC08"
2026-09-17,"Thu",,12200,1,0,38,74,"GC08"
2026-09-18,"Fri",,11600,4,0,11,90,"GC08"
2026-09-19,"Sat",,14800,1,0,44,118,"GC08"
2026-09-20,"Sun",,12950,14,1,10,180,"GC08"
2026-09-21,"Mon",,10700,11,1,20,81,"GC08"
2026-09-22,"Tue",,12200,1,0,29,77,"GC08"
2026-09-23,"Wed",,12200,0,0,70,50,"GC08"
2026-09-24,"Thu",,12200,0,0,22,76,"GC08"
2026-09-25,"Fri",,11000,11,1,19,104,"GC08"
2026-09-26,"Sat",,15100,1,0,27,137,"GC08"
2026-09-27,"Sun",,11800,19,0,15,171,"GC08"
2026-09-28,"Mon",,10100,14,0,50,76,"GC08"
2026-09-29,"Tue",,9800,19,1,10,112,"GC08"
2026-09-30,"Wed",,10900,9,1,3,95,"GC08"
2023-09-01,"Fri",204,9800,19,1,28,118,"GC09"
2023-09-02,"Sat",197,14900,0,0,18,144,"GC09"
2023-09-03,"Sun",210,14050,6,0,25,153,"GC09"
2023-09-04,"Mon",213,10400,14,1,5,105,"GC09"
2023-09-05,"Tue",160,11300,4,0,16,85,"GC09"
2023-09-06,"Wed",198,9500,20,1,29,102,"GC09"
2023-09-07,"Thu",176,11000,9,1,21,88,"GC09"
2023-09-08,"Fri",189,11300,6,1,5,98,"GC09"
2023-09-09,"Sat",208,14800,0,0,4,143,"GC09"
2023-09-10,"Sun",191,14900,0,0,10,142,"GC09"
2023-09-11,"Mon",167,11800,0,0,9,89,"GC09"
2023-09-12,"Tue",134,11500,4,1,70,64,"GC09"
2023-09-13,"Wed",185,10700,9,1,17,101,"GC09"
2023-09-14,"Thu",171,10300,16,1,45,94,"GC09"
2023-09-15,"Fri",153,12200,0,0,35,87,"GC09"
2023-09-16,"Sat",190,14450,4,0,46,130,"GC09"
2023-09-17,"Sun",197,13600,11,1,43,132,"GC09"
2023-09-18,"Mon",141,11900,0,1,36,67,"GC09"
2023-09-19,"Tue",151,11900,0,1,8,75,"GC09"
2023-09-20,"Wed",144,11900,1,0,9,64,"GC09"
2023-09-21,"Thu",156,12100,0,0,25,74,"GC09"
2023-09-22,"Fri",221,9500,20,1,21,111,"GC09"
2023-09-23,"Sat",210,12850,16,1,46,156,"GC09"
2023-09-24,"Sun",184,14350,4,0,46,138,"GC09"
2023-09-25,"Mon",164,10100,16,0,47,85,"GC09"
2023-09-26,"Tue",139,12100,1,0,23,75,"GC09"
2023-09-27,"Wed",166,12200,0,0,4,98,"GC09"
2023-09-28,"Thu",137,11800,1,1,46,73,"GC09"
2023-09-29,"Fri",182,11200,6,1,27,97,"GC09"
2023-09-30,"Sat",193,15100,1,0,12,146,"GC09"
2023-10-01,"Sun",248,12550,14,1,32,187,"GC09"
2023-10-02,"Mon",143,12200,1,0,44,75,"GC09"
2023-10-03,"Tue",230,10000,16,1,0,113,"GC09"
2023-10-04,"Wed",175,11800,0,1,27,94,"GC09"
2023-10-05,"Thu",200,10600,9,1,8,95,"GC09"
2023-10-06,"Fri",231,10000,14,1,11,116,"GC09"
2023-10-07,"Sat",231,13600,9,1,40,156,"GC09"
2023-10-08,"Sun",227,15200,0,1,7,155,"GC09"
2023-10-09,"Mon",183,12200,1,1,27,87,"GC09"
2023-10-10,"Tue",189,9500,19,1,50,102,"GC09"
2023-10-11,"Wed",225,11000,11,1,7,100,"GC09"
2023-10-12,"Thu",152,12100,0,0,28,82,"GC09"
2023-10-13,"Fri",201,10700,9,1,20,90,"GC09"
2023-10-14,"Sat",235,15100,1,0,9,162,"GC09"
2023-10-15,"Sun",235,12850,16,1,24,153,"GC09"
2023-10-16,"Mon",164,12200,0,0,22,84,"GC09"
2023-10-17,"Tue",168,11900,0,0,5,93,"GC09"
2023-10-18,"Wed",215,11000,11,1,14,123,"GC09"
2023-10-19,"Thu",225,10900,9,1,12,119,"GC09"
2023-10-20,"Fri",208,11500,4,0,16,103,"GC09"
2023-10-21,"Sat",197,14900,0,0,47,145,"GC09"
2023-10-22,"Sun",246,13600,9,1,14,162,"GC09"
2023-10-23,"Mon",205,10700,9,1,13,86,"GC09"
2023-10-24,"Tue",190,11200,6,0,37,95,"GC09"
2023-10-25,"Wed",207,9500,20,1,30,106,"GC09"
2023-10-26,"Thu",176,11600,6,0,33,84,"GC09"
2023-10-27,"Fri",226,10300,16,0,25,106,"GC09"
2023-10-28,"Sat",240,13400,11,1,26,172,"GC09"
2023-10-29,"Sun",198,15100,0,0,16,134,"GC09"
2023-10-30,"Mon",151,11200,6,0,52,66,"GC09"
2023-10-31,"Tue",167,11800,1,0,19,81,"GC09"
2023-11-01,"Wed",158,12100,0,0,19,79,"GC09"
2023-11-02,"Thu",127,12100,0,0,43,73,"GC09"
2023-11-03,"Fri",207,10400,16,1,27,106,"GC09"
2023-11-04,"Sat",245,12550,14,1,13,164,"GC09"
2023-11-05,"Sun",214,14050,6,0,35,146,"GC09"
2023-11-06,"Mon",171,10600,9,1,46,79,"GC09"
2023-11-07,"Tue",196,10900,9,1,16,99,"GC09"
2023-11-08,"Wed",181,10700,9,1,37,96,"GC09"
2023-11-09,"Thu",150,11800,1,1,25,75,"GC09"
2023-11-10,"Fri",221,10100,14,1,25,108,"GC09"
2023-11-11,"Sat",189,15100,1,0,61,143,"GC09"
2023-11-12,"Sun",225,14150,6,0,25,153,"GC09"
2023-11-13,"Mon",199,11000,11,1,14,97,"GC09"
2023-11-14,"Tue",192,11500,6,1,17,91,"GC09"
2023-11-15,"Wed",206,10900,11,1,8,107,"GC09"
2023-11-16,"Thu",193,10600,9,1,23,75,"GC09"
2023-11-17,"Fri",226,10900,11,1,4,103,"GC09"
2023-11-18,"Sat",214,15100,1,0,15,147,"GC09"
2023-11-19,"Sun",187,14900,0,0,42,132,"GC09"
2023-11-20,"Mon",168,10600,9,1,51,86,"GC09"
2023-11-21,"Tue",182,12100,1,0,5,93,"GC09"
2023-11-22,"Wed",148,11900,1,0,30,73,"GC09"
2023-11-23,"Thu",172,11800,1,0,20,86,"GC09"
2023-11-24,"Fri",166,12200,0,0,28,78,"GC09"
2023-11-25,"Sat",199,15100,0,0,41,142,"GC09"
2023-11-26,"Sun",203,12950,16,1,50,140,"GC09"
2023-11-27,"Mon",174,12100,1,0,9,85,"GC09"
2023-11-28,"Tue",172,11300,4,0,8,91,"GC09"
2023-11-29,"Wed",161,11900,1,0,20,90,"GC09"
2023-11-30,"Thu",157,10600,9,1,45,76,"GC09"
2023-12-01,"Fri",133,11900,0,0,44,54,"GC09"
2023-12-02,"Sat",201,15100,0,0,12,148,"GC09"
2023-12-03,"Sun",194,15200,0,0,21,143,"GC09"
2023-12-04,"Mon",120,11600,4,0,47,54,"GC09"
2023-12-05,"Tue",157,11500,4,0,31,69,"GC09"
2023-12-06,"Wed",194,10400,14,1,19,94,"GC09"
2023-12-07,"Thu",177,10000,14,1,37,94,"GC09"
2023-12-08,"Fri",167,11800,0,0,16,91,"GC09"
2023-12-09,"Sat",200,15100,0,1,20,139,"GC09"
2023-12-10,"Sun",168,15100,0,0,42,111,"GC09"
2023-12-11,"Mon",158,11600,4,1,53,79,"GC09"
2023-12-12,"Tue",172,11200,4,0,1,93,"GC09"
2023-12-13,"Wed",177,9800,19,1,48,97,"GC09"
2023-12-14,"Thu",190,11500,4,0,15,90,"GC09"
2023-12-15,"Fri",192,10600,11,1,17,90,"GC09"
2023-12-16,"Sat",236,12550,16,1,23,165,"GC09"
2023-12-17,"Sun",195,15200,0,0,23,131,"GC09"
2023-12-18,"Mon",141,11900,1,0,33,72,"GC09"
2023-12-19,"Tue",177,12200,0,0,14,94,"GC09"
2023-12-20,"Wed",127,11900,1,0,57,69,"GC09"
2023-12-21,"Thu",216,10100,14,1,4,106,"GC09"
2023-12-22,"Fri",208,10600,9,1,7,101,"GC09"
2023-12-23,"Sat",209,15100,1,0,3,152,"GC09"
2023-12-24,"Sun",202,13400,9,1,52,143,"GC09"
2023-12-25,"Mon",122,11500,4,0,47,68,"GC09"
2023-12-26,"Tue",155,11900,0,0,28,64,"GC09"
2023-12-27,"Wed",126,11300,6,1,73,72,"GC09"
2023-12-28,"Thu",207,9800,19,1,20,94,"GC09"
2023-12-29,"Fri",151,12100,0,1,54,78,"GC09"
2023-12-30,"Sat",213,14150,6,0,5,153,"GC09"
2023-12-31,"Sun",211,14150,6,0,14,147,"GC09"
2024-01-01,"Mon",152,11500,6,0,39,71,"GC09"
2024-01-02,"Tue",141,11800,0,0,42,69,"GC09"
2024-01-03,"Wed",187,10600,9,1,15,89,"GC09"
2024-01-04,"Thu",170,9500,19,1,47,85,"GC09"
2024-01-05,"Fri",204,12100,1,1,6,102,"GC09"
2024-01-06,"Sat",217,13600,9,1,10,155,"GC09"
2024-01-07,"Sun",192,15100,1,1,43,126,"GC09"
2024-01-08,"Mon",176,11600,4,0,7,88,"GC09"
2024-01-09,"Tue",161,11500,6,1,28,74,"GC09"
2024-01-10,"Wed",150,11800,1,0,24,68,"GC09"
2024-01-11,"Thu",139,11800,1,0,31,64,"GC09"
2024-01-12,"Fri",178,12100,0,0,9,83,"GC09"
2024-01-13,"Sat",201,13600,9,1,26,139,"GC09"
2024-01-14,"Sun",205,14900,0,0,18,143,"GC09"
2024-01-15,"Mon",192,10700,11,1,5,98,"GC09"
2024-01-16,"Tue",181,10100,16,1,43,89,"GC09"
2024-01-17,"Wed",167,12200,1,0,8,90,"GC09"
2024-01-18,"Thu",134,11900,0,0,35,60,"GC09"
2024-01-19,"Fri",182,10700,9,0,45,88,"GC09"
2024-01-20,"Sat",198,14150,6,1,45,146,"GC09"
2024-01-21,"Sun",185,15200,1,0,13,137,"GC09"
2024-01-22,"Mon",187,11000,11,1,19,98,"GC09"
2024-01-23,"Tue",106,12200,1,0,66,53,"GC09"
2024-01-24,"Wed",156,12200,0,0,18,66,"GC09"
2024-01-25,"Thu",136,11600,6,0,18,60,"GC09"
2024-01-26,"Fri",191,10900,11,0,34,99,"GC09"
2024-01-27,"Sat",196,14150,6,0,37,131,"GC09"
2024-01-28,"Sun",241,12650,14,1,19,179,"GC09"
2024-01-29,"Mon",163,11500,4,0,35,73,"GC09"
2024-01-30,"Tue",166,12200,0,0,8,76,"GC09"
2024-01-31,"Wed",158,12100,0,1,28,75,"GC09"
2024-02-01,"Thu",181,10300,14,1,39,91,"GC09"
2024-02-02,"Fri",195,10600,11,1,40,93,"GC09"
2024-02-03,"Sat",194,14350,6,1,24,134,"GC09"
2024-02-04,"Sun",182,14350,4,1,46,139,"GC09"
2024-02-05,"Mon",183,11000,9,1,15,89,"GC09"
2024-02-06,"Tue",136,11800,1,0,33,70,"GC09"
2024-02-07,"Wed",131,12100,1,0,41,61,"GC09"
2024-02-08,"Thu",157,12100,1,0,20,68,"GC09"
2024-02-09,"Fri",168,11300,4,0,38,81,"GC09"
2024-02-10,"Sat",206,12550,14,1,47,138,"GC09"
2024-02-11,"Sun",199,15200,1,0,13,147,"GC09"
2024-02-12,"Mon",164,10600,9,1,46,89,"GC09"
2024-02-13,"Tue",147,12200,0,0,14,73,"GC09"
2024-02-14,"Wed",145,11800,0,0,21,80,"GC09"
2024-02-15,"Thu",176,11600,4,0,12,82,"GC09"
2024-02-16,"Fri",218,10100,14,1,13,119,"GC09"
2024-02-17,"Sat",182,15100,1,0,24,123,"GC09"
2024-02-18,"Sun",210,14350,6,0,10,154,"GC09"
2024-02-19,"Mon",200,10600,9,1,22,97,"GC09"
2024-02-20,"Tue",169,12100,0,0,11,89,"GC09"
2024-02-21,"Wed",185,10700,9,1,0,94,"GC09"
2024-02-22,"Thu",135,11300,4,1,40,75,"GC09"
2024-02-23,"Fri",130,12100,1,0,50,54,"GC09"
2024-02-24,"Sat",219,14150,6,0,9,149,"GC09"
2024-02-25,"Sun",228,13600,9,1,17,166,"GC09"
2024-02-26,"Mon",184,11200,4,1,7,83,"GC09"
2024-02-27,"Tue",194,10300,14,1,24,95,"GC09"
2024-02-28,"Wed",153,11900,0,1,12,86,"GC09"
2024-02-29,"Thu",157,11000,9,1,39,82,"GC09"
2024-03-01,"Fri",205,10900,11,1,3,101,"GC09"
2024-03-02,"Sat",216,15100,1,0,26,150,"GC09"
2024-03-03,"Sun",248,11900,20,1,2,172,"GC09"
2024-03-04,"Mon",178,12100,1,0,8,84,"GC09"
2024-03-05,"Tue",177,12200,0,0,11,92,"GC09"
2024-03-06,"Wed",160,11900,1,1,20,76,"GC09"
2024-03-07,"Thu",139,11900,1,0,45,56,"GC09"
2024-03-08,"Fri",223,9500,20,1,34,101,"GC09"
2024-03-09,"Sat",225,14150,4,0,18,156,"GC09"
2024-03-10,"Sun",247,13300,11,1,11,178,"GC09"
2024-03-11,"Mon",158,10600,11,1,44,79,"GC09"
2024-03-12,"Tue",137,11900,1,0,32,70,"GC09"
2024-03-13,"Wed",166,11200,6,0,35,74,"GC09"
2024-03-14,"Thu",198,9500,19,1,52,106,"GC09"
2024-03-15,"Fri",173,11800,0,0,50,80,"GC09"
2024-03-16,"Sat",217,14450,6,1,33,138,"GC09"
2024-03-17,"Sun",225,14900,0,0,8,156,"GC09"
2024-03-18,"Mon",152,11800,0,0,38,74,"GC09"
2024-03-19,"Tue",161,12200,0,1,25,82,"GC09"
2024-03-20,"Wed",200,9400,19,1,22,104,"GC09"
2024-03-21,"Thu",161,12100,1,0,35,77,"GC09"
2024-03-22,"Fri",185,10300,14,1,45,90,"GC09"
2024-03-23,"Sat",209,14150,4,0,32,137,"GC09"
2024-03-24,"Sun",196,15100,0,1,29,125,"GC09"
2024-03-25,"Mon",181,11500,6,0,5,98,"GC09"
2024-03-26,"Tue",162,12100,1,0,16,87,"GC09"
2024-03-27,"Wed",137,11800,0,0,52,72,"GC09"
2024-03-28,"Thu",203,10400,14,1,11,101,"GC09"
2024-03-29,"Fri",233,10900,9,1,13,112,"GC09"
2024-03-30,"Sat",220,14150,4,1,17,156,"GC09"
2024-03-31,"Sun",218,14900,1,1,5,150,"GC09"
2024-04-01,"Mon",161,12200,0,0,31,75,"GC09"
2024-04-02,"Tue",173,11000,11,1,56,83,"GC09"
2024-04-03,"Wed",179,11500,4,0,24,87,"GC09"
2024-04-04,"Thu",232,9800,19,1,11,107,"GC09"
2024-04-05,"Fri",221,11900,1,0,11,112,"GC09"
2024-04-06,"Sat",209,13600,9,1,59,138,"GC09"
2024-04-07,"Sun",215,14900,0,0,28,155,"GC09"
2024-04-08,"Mon",193,10600,9,1,31,93,"GC09"
2024-04-09,"Tue",176,11600,4,0,14,97,"GC09"
2024-04-10,"Wed",183,11900,0,0,14,85,"GC09"
2024-04-11,"Thu",154,11300,6,0,33,72,"GC09"
2024-04-12,"Fri",208,10400,16,1,52,109,"GC09"
2024-04-13,"Sat",227,13700,11,1,51,170,"GC09"
2024-04-14,"Sun",251,12650,14,0,29,172,"GC09"
2024-04-15,"Mon",165,12200,1,0,29,77,"GC09"
2024-04-16,"Tue",139,11800,0,0,39,72,"GC09"
2024-04-17,"Wed",178,11300,4,0,11,94,"GC09"
2024-04-18,"Thu",216,11600,4,1,1,116,"GC09"
2024-04-19,"Fri",203,10400,14,1,41,105,"GC09"
2024-04-20,"Sat",196,15100,0,0,37,141,"GC09"
2024-04-21,"Sun",227,14900,1,1,11,156,"GC09"
2024-04-22,"Mon",153,12200,0,0,25,72,"GC09"
2024-04-23,"Tue",210,10700,9,1,6,99,"GC09"
2024-04-24,"Wed",189,11300,6,1,21,88,"GC09"
2024-04-25,"Thu",162,11500,4,0,30,78,"GC09"
2024-04-26,"Fri",208,12100,1,1,19,109,"GC09"
2024-04-27,"Sat",244,12850,14,1,23,172,"GC09"
2024-04-28,"Sun",253,13700,9,1,27,170,"GC09"
2024-04-29,"Mon",175,11800,1,0,26,82,"GC09"
2024-04-30,"Tue",154,11800,0,0,26,76,"GC09"
2024-05-01,"Wed",185,11900,0,0,10,76,"GC09"
2024-05-02,"Thu",194,11900,0,1,10,93,"GC09"
2024-05-03,"Fri",229,10700,9,1,26,105,"GC09"
2024-05-04,"Sat",200,14800,1,0,35,146,"GC09"
2024-05-05,"Sun",209,13700,9,1,59,154,"GC09"
2024-05-06,"Mon",198,12200,1,1,12,97,"GC09"
2024-05-07,"Tue",181,12200,0,1,25,84,"GC09"
2024-05-08,"Wed",148,11800,1,0,33,78,"GC09"
2024-05-09,"Thu",174,11900,1,0,15,84,"GC09"
2024-05-10,"Fri",208,11500,6,0,12,99,"GC09"
2024-05-11,"Sat",213,14150,6,0,52,147,"GC09"
2024-05-12,"Sun",232,13400,11,1,30,159,"GC09"
2024-05-13,"Mon",199,10100,16,1,24,106,"GC09"
2024-05-14,"Tue",160,11200,6,0,49,69,"GC09"
2024-05-15,"Wed",172,11500,6,0,13,86,"GC09"
2024-05-16,"Thu",152,11300,6,0,46,80,"GC09"
2024-05-17,"Fri",190,10400,16,1,56,94,"GC09"
2024-05-18,"Sat",226,15100,0,0,20,148,"GC09"
2024-05-19,"Sun",214,15100,0,0,37,138,"GC09"
2024-05-20,"Mon",211,10600,9,1,7,104,"GC09"
2024-05-21,"Tue",191,10300,16,1,38,109,"GC09"
2024-05-22,"Wed",195,10900,9,1,30,88,"GC09"
2024-05-23,"Thu",178,12100,0,1,28,85,"GC09"
2024-05-24,"Fri",185,12100,0,0,45,90,"GC09"
2024-05-25,"Sat",252,12650,16,1,18,175,"GC09"
2024-05-26,"Sun",201,14450,4,0,59,137,"GC09"
2024-05-27,"Mon",158,11800,0,1,32,84,"GC09"
2024-05-28,"Tue",168,11900,1,0,27,88,"GC09"
2024-05-29,"Wed",176,11300,6,0,15,94,"GC09"
2024-05-30,"Thu",199,10400,14,1,40,112,"GC09"
2024-05-31,"Fri",239,10000,16,1,8,131,"GC09"
2024-06-01,"Sat",218,14150,6,0,7,130,"GC09"
2024-06-02,"Sun",183,14800,0,0,42,124,"GC09"
2024-06-03,"Mon",208,10900,11,1,10,90,"GC09"
2024-06-04,"Tue",149,11800,0,0,22,72,"GC09"
2024-06-05,"Wed",186,11900,0,1,8,101,"GC09"
2024-06-06,"Thu",141,12200,0,0,39,78,"GC09"
2024-06-07,"Fri",211,11200,4,0,6,105,"GC09"
2024-06-08,"Sat",197,14050,6,1,29,141,"GC09"
2024-06-09,"Sun",191,14900,1,0,28,116,"GC09"
2024-06-10,"Mon",203,9500,20,1,6,126,"GC09"
2024-06-11,"Tue",145,12100,0,0,21,76,"GC09"
2024-06-12,"Wed",159,10700,9,1,31,77,"GC09"
2024-06-13,"Thu",167,11600,6,0,12,78,"GC09"
2024-06-14,"Fri",217,10900,11,1,13,115,"GC09"
2024-06-15,"Sat",216,13300,11,1,34,158,"GC09"
2024-06-16,"Sun",208,14800,1,1,18,151,"GC09"
2024-06-17,"Mon",192,11000,11,1,8,95,"GC09"
2024-06-18,"Tue",165,10400,16,1,43,90,"GC09"
2024-06-19,"Wed",167,11800,0,0,9,82,"GC09"
2024-06-20,"Thu",153,10900,11,1,44,67,"GC09"
2024-06-21,"Fri",161,10300,16,1,69,75,"GC09"
2024-06-22,"Sat",202,15200,0,0,19,147,"GC09"
2024-06-23,"Sun",183,15200,0,0,38,132,"GC09"
2024-06-24,"Mon",125,11300,4,0,52,65,"GC09"
2024-06-25,"Tue",119,11900,1,0,42,62,"GC09"
2024-06-26,"Wed",146,11300,6,1,43,85,"GC09"
2024-06-27,"Thu",128,12200,1,0,48,56,"GC09"
2024-06-28,"Fri",163,11300,6,1,26,76,"GC09"
2024-06-29,"Sat",173,15100,0,0,44,127,"GC09"
2024-06-30,"Sun",216,14800,0,1,18,139,"GC09"
2024-07-01,"Mon",171,10700,11,1,31,76,"GC09"
2024-07-02,"Tue",134,11300,6,0,43,72,"GC09"
2024-07-03,"Wed",166,11300,4,0,41,86,"GC09"
2024-07-04,"Thu",154,11800,1,0,13,72,"GC09"
2024-07-05,"Fri",179,10100,16,1,22,87,"GC09"
2024-07-06,"Sat",197,15100,1,0,27,131,"GC09"
2024-07-07,"Sun",192,14900,1,0,18,138,"GC09"
2024-07-08,"Mon",209,9800,20,1,15,108,"GC09"
2024-07-09,"Tue",144,11600,4,1,35,73,"GC09"
2024-07-10,"Wed",201,10400,16,1,29,92,"GC09"
2024-07-11,"Thu",155,12100,1,0,40,70,"GC09"
2024-07-12,"Fri",183,11900,0,0,26,89,"GC09"
2024-07-13,"Sat",214,14350,4,0,27,149,"GC09"
2024-07-14,"Sun",183,14800,0,0,39,121,"GC09"
2024-07-15,"Mon",177,10000,16,1,47,91,"GC09"
2024-07-16,"Tue",130,11600,4,0,30,63,"GC09"
2024-07-17,"Wed",172,10700,11,1,23,84,"GC09"
2024-07-18,"Thu",170,10900,9,1,35,78,"GC09"
2024-07-19,"Fri",186,10000,14,1,64,89,"GC09"
2024-07-20,"Sat",199,14800,1,0,24,139,"GC09"
2024-07-21,"Sun",197,15200,0,0,26,143,"GC09"
2024-07-22,"Mon",194,10400,14,1,24,93,"GC09"
2024-07-23,"Tue",187,10000,14,1,30,94,"GC09"
2024-07-24,"Wed",173,12200,1,0,6,79,"GC09"
2024-07-25,"Thu",170,10900,11,1,30,76,"GC09"
2024-07-26,"Fri",171,12100,1,0,9,84,"GC09"
2024-07-27,"Sat",180,15100,0,0,36,128,"GC09"
2024-07-28,"Sun",204,14800,0,0,8,135,"GC09"
2024-07-29,"Mon",167,11500,4,1,24,76,"GC09"
2024-07-30,"Tue",151,11800,0,0,25,75,"GC09"
2024-07-31,"Wed",161,10700,9,1,24,82,"GC09"
2024-08-01,"Thu",159,11200,4,0,33,81,"GC09"
2024-08-02,"Fri",158,12200,1,0,23,85,"GC09"
2024-08-03,"Sat",188,14900,1,0,31,133,"GC09"
2024-08-04,"Sun",212,15200,0,0,5,156,"GC09"
2024-08-05,"Mon",118,11200,6,1,78,61,"GC09"
2024-08-06,"Tue",152,12100,0,1,9,74,"GC09"
2024-08-07,"Wed",181,10900,11,1,19,92,"GC09"
2024-08-08,"Thu",144,11300,4,0,25,72,"GC09"
2024-08-09,"Fri",198,12200,1,0,8,110,"GC09"
2024-08-10,"Sat",164,14800,1,0,65,124,"GC09"
2024-08-11,"Sun",199,13600,11,1,45,141,"GC09"
2024-08-12,"Mon",166,11600,6,0,20,84,"GC09"
2024-08-13,"Tue",170,12100,0,0,13,84,"GC09"
2024-08-14,"Wed",141,11200,6,0,31,73,"GC09"
2024-08-15,"Thu",186,11300,4,1,3,90,"GC09"
2024-08-16,"Fri",133,11900,1,0,51,66,"GC09"
2024-08-17,"Sat",224,13300,11,1,19,163,"GC09"
2024-08-18,"Sun",198,15200,1,0,27,137,"GC09"
2024-08-19,"Mon",139,11800,0,0,37,73,"GC09"
2024-08-20,"Tue",191,10400,16,0,21,110,"GC09"
2024-08-21,"Wed",143,11800,0,0,45,74,"GC09"
2024-08-22,"Thu",139,12200,1,0,29,61,"GC09"
2024-08-23,"Fri",174,11300,6,0,13,90,"GC09"
2024-08-24,"Sat",243,12650,16,1,25,170,"GC09"
2024-08-25,"Sun",197,14900,1,0,37,132,"GC09"
2024-08-26,"Mon",141,12200,0,0,38,63,"GC09"
2024-08-27,"Tue",168,11600,4,1,10,81,"GC09"
2024-08-28,"Wed",121,12200,1,0,46,56,"GC09"
2024-08-29,"Thu",192,10400,16,1,6,103,"GC09"
2024-08-30,"Fri",143,11900,1,0,27,73,"GC09"
2024-08-31,"Sat",158,15100,0,0,51,113,"GC09"
2024-09-01,"Sun",170,14800,0,0,60,121,"GC09"
2024-09-02,"Mon",162,12200,0,0,12,75,"GC09"
2024-09-03,"Tue",193,10900,11,1,3,104,"GC09"
2024-09-04,"Wed",152,11900,1,1,35,60,"GC09"
2024-09-05,"Thu",161,11800,0,0,10,73,"GC09"
2024-09-06,"Fri",148,12200,1,0,56,69,"GC09"
2024-09-07,"Sat",186,15100,1,0,31,124,"GC09"
2024-09-08,"Sun",220,12550,16,1,24,153,"GC09"
2024-09-09,"Mon",119,11800,0,0,42,58,"GC09"
2024-09-10,"Tue",178,10900,11,1,34,90,"GC09"
2024-09-11,"Wed",157,11500,6,0,32,80,"GC09"
2024-09-12,"Thu",171,11000,11,1,35,84,"GC09"
2024-09-13,"Fri",201,11600,4,0,19,92,"GC09"
2024-09-14,"Sat",241,13600,11,1,13,166,"GC09"
2024-09-15,"Sun",171,15100,1,0,32,120,"GC09"
2024-09-16,"Mon",152,10600,11,1,57,85,"GC09"
2024-09-17,"Tue",142,11900,0,0,26,71,"GC09"
2024-09-18,"Wed",119,11900,0,0,51,64,"GC09"
2024-09-19,"Thu",137,12100,0,0,28,75,"GC09"
2024-09-20,"Fri",169,11800,0,1,30,83,"GC09"
2024-09-21,"Sat",221,14800,1,0,5,152,"GC09"
2024-09-22,"Sun",210,14350,6,0,11,141,"GC09"
2024-09-23,"Mon",134,12100,0,0,40,68,"GC09"
2024-09-24,"Tue",166,12100,1,1,26,79,"GC09"
2024-09-25,"Wed",165,11800,1,0,13,97,"GC09"
2024-09-26,"Thu",186,11600,4,0,13,92,"GC09"
2024-09-27,"Fri",183,11300,4,0,15,93,"GC09"
2024-09-28,"Sat",194,13300,9,1,67,130,"GC09"
2024-09-29,"Sun",219,12550,14,0,37,155,"GC09"
2024-09-30,"Mon",153,12200,0,0,16,83,"GC09"
2024-10-01,"Tue",186,11500,4,0,5,92,"GC09"
2024-10-02,"Wed",185,10400,16,1,42,91,"GC09"
2024-10-03,"Thu",187,10900,9,1,41,95,"GC09"
2024-10-04,"Fri",213,12200,0,0,6,116,"GC09"
2024-10-05,"Sat",202,13700,9,1,59,146,"GC09"
2024-10-06,"Sun",186,14800,0,0,64,140,"GC09"
2024-10-07,"Mon",157,11900,1,0,30,65,"GC09"
2024-10-08,"Tue",171,12100,0,0,21,75,"GC09"
2024-10-09,"Wed",175,11500,4,0,27,84,"GC09"
2024-10-10,"Thu",156,12100,1,0,19,73,"GC09"
2024-10-11,"Fri",216,10100,16,1,30,117,"GC09"
2024-10-12,"Sat",228,14900,1,1,18,154,"GC09"
2024-10-13,"Sun",212,14450,4,0,19,138,"GC09"
2024-10-14,"Mon",229,9800,20,0,28,102,"GC09"
2024-10-15,"Tue",173,12100,0,0,5,104,"GC09"
2024-10-16,"Wed",227,10300,14,0,9,120,"GC09"
2024-10-17,"Thu",175,11800,1,0,26,83,"GC09"
2024-10-18,"Fri",197,10300,16,1,58,103,"GC09"
2024-10-19,"Sat",211,14900,0,0,20,140,"GC09"
2024-10-20,"Sun",215,13400,11,0,48,149,"GC09"
2024-10-21,"Mon",206,10600,9,1,19,94,"GC09"
2024-10-22,"Tue",200,10300,14,1,35,98,"GC09"
2024-10-23,"Wed",162,11900,0,0,24,74,"GC09"
2024-10-24,"Thu",178,11200,6,1,20,95,"GC09"
2024-10-25,"Fri",215,11500,6,1,28,105,"GC09"
2024-10-26,"Sat",223,14050,4,0,23,162,"GC09"
2024-10-27,"Sun",248,12550,14,1,23,175,"GC09"
2024-10-28,"Mon",204,10100,16,1,21,92,"GC09"
2024-10-29,"Tue",168,11900,0,0,32,79,"GC09"
2024-10-30,"Wed",178,11500,4,0,18,94,"GC09"
2024-10-31,"Thu",183,11600,6,1,30,82,"GC09"
2024-11-01,"Fri",224,10300,16,1,29,88,"GC09"
2024-11-02,"Sat",167,14900,0,0,53,109,"GC09"
2024-11-03,"Sun",209,14900,0,1,22,147,"GC09"
2024-11-04,"Mon",175,10600,9,1,39,95,"GC09"
2024-11-05,"Tue",187,11500,6,0,15,102,"GC09"
2024-11-06,"Wed",152,11500,6,0,56,81,"GC09"
2024-11-07,"Thu",226,10900,9,1,2,117,"GC09"
2024-11-08,"Fri",210,10900,11,0,24,111,"GC09"
2024-11-09,"Sat",223,14900,1,1,19,154,"GC09"
2024-11-10,"Sun",221,13700,9,1,33,156,"GC09"
2024-11-11,"Mon",195,10100,16,1,40,95,"GC09"
2024-11-12,"Tue",149,11300,6,0,37,71,"GC09"
2024-11-13,"Wed",152,11200,6,0,63,80,"GC09"
2024-11-14,"Thu",180,10000,14,1,55,87,"GC09"
2024-11-15,"Fri",186,11300,4,1,26,94,"GC09"
2024-11-16,"Sat",243,15100,1,1,11,160,"GC09"
2024-11-17,"Sun",235,13600,11,1,34,154,"GC09"
2024-11-18,"Mon",171,12200,0,1,18,79,"GC09"
2024-11-19,"Tue",105,12100,0,0,80,52,"GC09"
2024-11-20,"Wed",171,10100,14,1,60,84,"GC09"
2024-11-21,"Thu",166,12200,1,0,7,74,"GC09"
2024-11-22,"Fri",193,11900,0,0,13,115,"GC09"
2024-11-23,"Sat",217,14350,6,0,23,155,"GC09"
2024-11-24,"Sun",202,14900,0,0,25,127,"GC09"
2024-11-25,"Mon",150,12200,1,0,25,68,"GC09"
2024-11-26,"Tue",147,11500,6,0,34,70,"GC09"
2024-11-27,"Wed",195,10300,14,1,28,93,"GC09"
2024-11-28,"Thu",185,10700,9,1,54,94,"GC09"
2024-11-29,"Fri",175,11800,0,0,32,86,"GC09"
2024-11-30,"Sat",210,14800,0,0,9,141,"GC09"
2024-12-01,"Sun",192,15200,0,0,18,138,"GC09"
2024-12-02,"Mon",172,10700,9,0,20,81,"GC09"
2024-12-03,"Tue",151,11500,6,0,17,71,"GC09"
2024-12-04,"Wed",139,11200,4,0,37,71,"GC09"
2024-12-05,"Thu",137,10700,9,0,68,65,"GC09"
2024-12-06,"Fri",181,12100,0,0,14,89,"GC09"
2024-12-07,"Sat",186,13600,11,1,61,120,"GC09"
2024-12-08,"Sun",205,15200,1,0,15,154,"GC09"
2024-12-09,"Mon",147,11200,4,0,27,75,"GC09"
2024-12-10,"Tue",157,11000,9,1,58,70,"GC09"
2024-12-11,"Wed",180,11500,6,1,18,79,"GC09"
2024-12-12,"Thu",145,10600,11,1,64,75,"GC09"
2024-12-13,"Fri",133,12200,1,0,40,67,"GC09"
2024-12-14,"Sat",212,14150,4,1,5,155,"GC09"
2024-12-15,"Sun",223,14900,0,0,12,148,"GC09"
2024-12-16,"Mon",141,12200,0,0,45,64,"GC09"
2024-12-17,"Tue",179,10900,9,1,12,105,"GC09"
2024-12-18,"Wed",152,11900,1,1,30,89,"GC09"
2024-12-19,"Thu",120,12200,0,0,47,62,"GC09"
2024-12-20,"Fri",225,10900,9,1,13,104,"GC09"
2024-12-21,"Sat",204,14800,1,0,11,150,"GC09"
2024-12-22,"Sun",219,14150,6,0,13,146,"GC09"
2024-12-23,"Mon",146,11500,4,0,37,77,"GC09"
2024-12-24,"Tue",157,11300,6,0,30,82,"GC09"
2024-12-25,"Wed",197,9700,19,1,15,93,"GC09"
2024-12-26,"Thu",165,11500,6,1,23,88,"GC09"
2024-12-27,"Fri",176,11800,1,0,23,89,"GC09"
2024-12-28,"Sat",187,14900,1,0,26,132,"GC09"
2024-12-29,"Sun",222,13300,11,1,41,153,"GC09"
2024-12-30,"Mon",145,12200,0,0,19,73,"GC09"
2024-12-31,"Tue",168,12100,1,0,5,73,"GC09"
2025-01-01,"Wed",102,11800,0,0,65,46,"GC09"
2025-01-02,"Thu",126,11500,6,0,51,61,"GC09"
2025-01-03,"Fri",163,11800,0,0,19,73,"GC09"
2025-01-04,"Sat",194,15200,1,0,33,134,"GC09"
2025-01-05,"Sun",198,14800,1,0,17,138,"GC09"
2025-01-06,"Mon",159,12100,0,0,15,87,"GC09"
2025-01-07,"Tue",169,10600,9,0,28,82,"GC09"
2025-01-08,"Wed",154,11800,0,1,32,73,"GC09"
2025-01-09,"Thu",156,12200,1,1,23,83,"GC09"
2025-01-10,"Fri",219,9800,20,1,29,107,"GC09"
2025-01-11,"Sat",203,14050,4,0,17,152,"GC09"
2025-01-12,"Sun",226,12650,16,1,28,152,"GC09"
2025-01-13,"Mon",172,10600,11,1,9,81,"GC09"
2025-01-14,"Tue",220,9700,19,1,0,118,"GC09"
2025-01-15,"Wed",149,11300,4,0,33,69,"GC09"
2025-01-16,"Thu",138,11900,1,1,56,70,"GC09"
2025-01-17,"Fri",214,11000,9,1,30,112,"GC09"
2025-01-18,"Sat",247,12850,14,1,9,159,"GC09"
2025-01-19,"Sun",196,15100,0,0,23,140,"GC09"
2025-01-20,"Mon",157,11900,0,0,18,74,"GC09"
2025-01-21,"Tue",154,11200,6,1,46,70,"GC09"
2025-01-22,"Wed",186,9400,20,0,22,90,"GC09"
2025-01-23,"Thu",200,10100,16,1,3,109,"GC09"
2025-01-24,"Fri",187,12200,1,0,4,96,"GC09"
2025-01-25,"Sat",205,15100,0,1,29,140,"GC09"
2025-01-26,"Sun",220,12550,14,1,38,149,"GC09"
2025-01-27,"Mon",197,10000,14,1,2,94,"GC09"
2025-01-28,"Tue",173,10300,16,0,40,83,"GC09"
2025-01-29,"Wed",197,10700,9,1,14,94,"GC09"
2025-01-30,"Thu",139,12100,1,0,28,57,"GC09"
2025-01-31,"Fri",176,11800,0,1,24,76,"GC09"
2025-02-01,"Sat",219,14050,6,1,23,144,"GC09"
2025-02-02,"Sun",193,14800,1,0,43,138,"GC09"
2025-02-03,"Mon",205,9800,20,1,18,85,"GC09"
2025-02-04,"Tue",145,12200,1,0,28,65,"GC09"
2025-02-05,"Wed",183,10600,11,1,27,101,"GC09"
2025-02-06,"Thu",151,12200,0,0,9,81,"GC09"
2025-02-07,"Fri",167,11600,4,0,52,72,"GC09"
2025-02-08,"Sat",233,14350,4,1,0,167,"GC09"
2025-02-09,"Sun",199,14350,4,0,30,134,"GC09"
2025-02-10,"Mon",132,12100,1,1,33,61,"GC09"
2025-02-11,"Tue",204,10300,16,1,2,94,"GC09"
2025-02-12,"Wed",168,10000,16,1,49,75,"GC09"
2025-02-13,"Thu",159,10600,9,1,48,70,"GC09"
2025-02-14,"Fri",198,10700,11,1,18,106,"GC09"
2025-02-15,"Sat",199,14050,4,0,21,142,"GC09"
2025-02-16,"Sun",202,13600,11,1,48,140,"GC09"
2025-02-17,"Mon",135,11800,1,0,33,73,"GC09"
2025-02-18,"Tue",186,10900,11,1,12,92,"GC09"
2025-02-19,"Wed",135,11800,1,0,32,65,"GC09"
2025-02-20,"Thu",163,12100,1,1,21,74,"GC09"
2025-02-21,"Fri",142,10600,11,1,78,72,"GC09"
2025-02-22,"Sat",225,12950,16,1,42,165,"GC09"
2025-02-23,"Sun",190,15100,0,0,26,130,"GC09"
2025-02-24,"Mon",176,12100,0,1,4,81,"GC09"
2025-02-25,"Tue",199,10700,11,1,19,92,"GC09"
2025-02-26,"Wed",131,12200,1,1,45,69,"GC09"
2025-02-27,"Thu",157,12200,1,0,33,64,"GC09"
2025-02-28,"Fri",188,11500,6,0,4,101,"GC09"
2025-03-01,"Sat",214,15100,1,0,19,144,"GC09"
2025-03-02,"Sun",224,13300,11,1,22,181,"GC09"
2025-03-03,"Mon",122,11800,0,0,61,64,"GC09"
2025-03-04,"Tue",174,12100,0,0,17,83,"GC09"
2025-03-05,"Wed",211,10000,14,1,18,111,"GC09"
2025-03-06,"Thu",189,10000,14,1,19,95,"GC09"
2025-03-07,"Fri",220,10900,9,1,22,116,"GC09"
2025-03-08,"Sat",182,15200,0,0,48,122,"GC09"
2025-03-09,"Sun",186,14150,4,1,53,127,"GC09"
2025-03-10,"Mon",207,10000,14,1,20,93,"GC09"
2025-03-11,"Tue",170,11300,4,0,39,81,"GC09"
2025-03-12,"Wed",150,11900,1,0,28,75,"GC09"
2025-03-13,"Thu",179,11200,6,0,22,87,"GC09"
2025-03-14,"Fri",205,12200,0,1,25,96,"GC09"
2025-03-15,"Sat",211,13300,11,0,42,147,"GC09"
2025-03-16,"Sun",218,14900,1,0,15,160,"GC09"
2025-03-17,"Mon",162,11300,6,0,31,81,"GC09"
2025-03-18,"Tue",176,11900,0,1,9,89,"GC09"
2025-03-19,"Wed",171,11000,9,1,32,88,"GC09"
2025-03-20,"Thu",177,11600,6,0,6,102,"GC09"
2025-03-21,"Fri",179,11200,4,0,31,91,"GC09"
2025-03-22,"Sat",223,14150,4,0,3,156,"GC09"
2025-03-23,"Sun",255,12100,20,1,20,182,"GC09"
2025-03-24,"Mon",213,10400,16,1,12,125,"GC09"
2025-03-25,"Tue",159,11800,1,0,31,77,"GC09"
2025-03-26,"Wed",195,10100,16,1,17,108,"GC09"
2025-03-27,"Thu",168,11300,4,0,24,79,"GC09"
2025-03-28,"Fri",169,12200,1,0,25,85,"GC09"
2025-03-29,"Sat",222,12550,14,1,54,159,"GC09"
2025-03-30,"Sun",215,15100,1,1,33,150,"GC09"
2025-03-31,"Mon",163,12200,0,1,28,86,"GC09"
2025-04-01,"Tue",213,10700,9,0,9,95,"GC09"
2025-04-02,"Wed",164,11800,0,0,28,85,"GC09"
2025-04-03,"Thu",175,12100,1,0,30,89,"GC09"
2025-04-04,"Fri",243,9700,19,1,20,127,"GC09"
2025-04-05,"Sat",238,14050,4,0,14,164,"GC09"
2025-04-06,"Sun",207,15200,1,0,29,139,"GC09"
2025-04-07,"Mon",198,11000,11,1,37,99,"GC09"
2025-04-08,"Tue",180,11600,4,0,26,91,"GC09"
2025-04-09,"Wed",145,11800,0,0,41,72,"GC09"
2025-04-10,"Thu",177,12200,0,0,21,88,"GC09"
2025-04-11,"Fri",201,10700,11,1,20,104,"GC09"
2025-04-12,"Sat",223,14050,6,1,25,160,"GC09"
2025-04-13,"Sun",247,11800,19,1,16,180,"GC09"
2025-04-14,"Mon",171,11800,1,0,27,92,"GC09"
2025-04-15,"Tue",157,11900,0,0,34,70,"GC09"
2025-04-16,"Wed",150,11600,6,0,37,74,"GC09"
2025-04-17,"Thu",189,10900,9,1,41,96,"GC09"
2025-04-18,"Fri",234,10600,9,1,9,123,"GC09"
2025-04-19,"Sat",218,13700,11,1,43,142,"GC09"
2025-04-20,"Sun",225,14900,0,0,8,168,"GC09"
2025-04-21,"Mon",147,12100,1,0,65,73,"GC09"
2025-04-22,"Tue",215,9800,19,1,32,102,"GC09"
2025-04-23,"Wed",137,11800,0,0,44,66,"GC09"
2025-04-24,"Thu",149,12200,1,0,35,70,"GC09"
2025-04-25,"Fri",208,10600,11,1,25,109,"GC09"
2025-04-26,"Sat",249,11800,19,1,28,191,"GC09"
2025-04-27,"Sun",227,13400,9,1,48,147,"GC09"
2025-04-28,"Mon",185,10700,9,0,24,95,"GC09"
2025-04-29,"Tue",208,11000,9,1,15,110,"GC09"
2025-04-30,"Wed",174,11800,0,0,9,79,"GC09"
2025-05-01,"Thu",219,10900,9,1,30,106,"GC09"
2025-05-02,"Fri",206,11600,4,1,27,106,"GC09"
2025-05-03,"Sat",241,14350,6,0,3,181,"GC09"
2025-05-04,"Sun",229,13700,11,1,47,152,"GC09"
2025-05-05,"Mon",192,11600,4,0,23,94,"GC09"
2025-05-06,"Tue",156,12100,0,0,42,76,"GC09"
2025-05-07,"Wed",177,11200,4,1,8,98,"GC09"
2025-05-08,"Thu",193,11600,4,0,4,97,"GC09"
2025-05-09,"Fri",190,11200,6,0,20,95,"GC09"
2025-05-10,"Sat",225,14150,4,0,26,166,"GC09"
2025-05-11,"Sun",241,13700,11,1,25,179,"GC09"
2025-05-12,"Mon",178,12200,0,0,30,84,"GC09"
2025-05-13,"Tue",173,11300,4,0,25,82,"GC09"
2025-05-14,"Wed",161,11900,1,0,30,86,"GC09"
2025-05-15,"Thu",213,11000,11,1,22,116,"GC09"
2025-05-16,"Fri",211,10600,9,1,46,96,"GC09"
2025-05-17,"Sat",226,15100,0,0,11,153,"GC09"
2025-05-18,"Sun",236,13600,9,0,45,164,"GC09"
2025-05-19,"Mon",160,12200,1,1,45,76,"GC09"
2025-05-20,"Tue",148,12200,0,0,65,63,"GC09"
2025-05-21,"Wed",179,11600,6,0,31,95,"GC09"
2025-05-22,"Thu",193,11600,4,0,6,85,"GC09"
2025-05-23,"Fri",186,11800,1,0,22,96,"GC09"
2025-05-24,"Sat",217,15100,0,0,38,145,"GC09"
2025-05-25,"Sun",222,13700,11,1,58,156,"GC09"
2025-05-26,"Mon",176,10700,9,1,51,82,"GC09"
2025-05-27,"Tue",209,10000,16,1,30,101,"GC09"
2025-05-28,"Wed",170,12100,0,0,19,87,"GC09"
2025-05-29,"Thu",176,12200,1,1,29,83,"GC09"
2025-05-30,"Fri",230,10000,14,1,20,119,"GC09"
2025-05-31,"Sat",244,13300,11,1,10,172,"GC09"
2025-06-01,"Sun",205,15200,0,0,4,144,"GC09"
2025-06-02,"Mon",159,11900,0,1,18,84,"GC09"
2025-06-03,"Tue",157,11000,9,1,33,84,"GC09"
2025-06-04,"Wed",157,10100,14,1,55,79,"GC09"
2025-06-05,"Thu",159,11000,11,1,31,81,"GC09"
2025-06-06,"Fri",211,10000,16,1,29,118,"GC09"
2025-06-07,"Sat",203,14900,0,1,27,130,"GC09"
2025-06-08,"Sun",232,14450,6,1,6,163,"GC09"
2025-06-09,"Mon",162,12100,0,0,26,82,"GC09"
2025-06-10,"Tue",211,10000,16,1,5,107,"GC09"
2025-06-11,"Wed",134,12200,1,0,43,77,"GC09"
2025-06-12,"Thu",215,9400,19,1,11,103,"GC09"
2025-06-13,"Fri",183,11900,1,0,11,79,"GC09"
2025-06-14,"Sat",213,12950,14,0,54,141,"GC09"
2025-06-15,"Sun",197,14900,1,0,19,137,"GC09"
2025-06-16,"Mon",167,11200,4,0,6,81,"GC09"
2025-06-17,"Tue",128,12100,1,1,54,72,"GC09"
2025-06-18,"Wed",144,12200,0,1,20,79,"GC09"
2025-06-19,"Thu",166,11900,0,0,1,81,"GC09"
2025-06-20,"Fri",170,12200,0,0,36,81,"GC09"
2025-06-21,"Sat",186,14800,1,1,28,127,"GC09"
2025-06-22,"Sun",186,13700,9,1,58,133,"GC09"
2025-06-23,"Mon",154,11500,6,0,29,77,"GC09"
2025-06-24,"Tue",149,12200,0,0,33,80,"GC09"
2025-06-25,"Wed",154,11900,1,0,40,82,"GC09"
2025-06-26,"Thu",185,10400,14,1,22,92,"GC09"
2025-06-27,"Fri",168,11500,6,0,22,92,"GC09"
2025-06-28,"Sat",222,14050,6,1,13,155,"GC09"
2025-06-29,"Sun",180,14350,4,0,57,127,"GC09"
2025-06-30,"Mon",176,10900,11,1,24,97,"GC09"
2025-07-01,"Tue",153,11300,6,0,47,82,"GC09"
2025-07-02,"Wed",148,11800,1,0,36,72,"GC09"
2025-07-03,"Thu",114,12200,0,0,48,52,"GC09"
2025-07-04,"Fri",170,11000,11,1,46,77,"GC09"
2025-07-05,"Sat",205,13600,11,1,49,139,"GC09"
2025-07-06,"Sun",254,12650,16,1,12,170,"GC09"
2025-07-07,"Mon",148,11300,4,0,34,64,"GC09"
2025-07-08,"Tue",156,11800,0,1,16,87,"GC09"
2025-07-09,"Wed",152,11200,6,1,34,70,"GC09"
2025-07-10,"Thu",142,12200,1,0,20,79,"GC09"
2025-07-11,"Fri",169,11200,4,0,39,86,"GC09"
2025-07-12,"Sat",203,15100,1,0,5,136,"GC09"
2025-07-13,"Sun",233,13300,9,1,11,163,"GC09"
2025-07-14,"Mon",161,11300,6,0,19,76,"GC09"
2025-07-15,"Tue",170,11000,9,1,21,86,"GC09"
2025-07-16,"Wed",134,11900,0,1,54,63,"GC09"
2025-07-17,"Thu",191,10400,14,1,17,95,"GC09"
2025-07-18,"Fri",179,12100,1,1,7,84,"GC09"
2025-07-19,"Sat",237,13300,11,1,8,162,"GC09"
2025-07-20,"Sun",209,14350,6,0,21,149,"GC09"
2025-07-21,"Mon",211,10100,16,1,4,101,"GC09"
2025-07-22,"Tue",122,12200,0,0,59,55,"GC09"
2025-07-23,"Wed",152,11600,6,0,7,80,"GC09"
2025-07-24,"Thu",192,11900,0,0,9,87,"GC09"
2025-07-25,"Fri",140,11900,0,0,67,71,"GC09"
2025-07-26,"Sat",183,14800,0,0,52,128,"GC09"
2025-07-27,"Sun",195,14800,1,0,21,124,"GC09"
2025-07-28,"Mon",142,10300,14,0,60,70,"GC09"
2025-07-29,"Tue",143,9700,20,1,55,78,"GC09"
2025-07-30,"Wed",153,10400,14,1,65,66,"GC09"
2025-07-31,"Thu",148,11900,1,0,27,76,"GC09"
2025-08-01,"Fri",184,11600,6,1,13,94,"GC09"
2025-08-02,"Sat",216,14900,0,0,20,143,"GC09"
2025-08-03,"Sun",236,13400,11,1,7,159,"GC09"
2025-08-04,"Mon",155,12100,0,0,25,67,"GC09"
2025-08-05,"Tue",156,10300,16,0,49,81,"GC09"
2025-08-06,"Wed",142,10700,9,1,52,67,"GC09"
2025-08-07,"Thu",139,11900,0,0,33,69,"GC09"
2025-08-08,"Fri",190,11800,0,1,20,95,"GC09"
2025-08-09,"Sat",208,15200,0,0,21,151,"GC09"
2025-08-10,"Sun",176,13400,9,1,59,136,"GC09"
2025-08-11,"Mon",184,10900,11,1,13,91,"GC09"
2025-08-12,"Tue",167,12100,0,0,12,76,"GC09"
2025-08-13,"Wed",159,11900,1,0,28,83,"GC09"
2025-08-14,"Thu",154,11800,1,1,28,75,"GC09"
2025-08-15,"Fri",188,10600,11,1,25,86,"GC09"
2025-08-16,"Sat",236,13400,11,1,5,166,"GC09"
2025-08-17,"Sun",170,14900,0,0,51,114,"GC09"
2025-08-18,"Mon",152,11600,4,1,46,84,"GC09"
2025-08-19,"Tue",152,12100,1,0,7,76,"GC09"
2025-08-20,"Wed",174,11500,6,1,21,86,"GC09"
2025-08-21,"Thu",157,11500,4,0,28,82,"GC09"
2025-08-22,"Fri",166,11500,6,1,35,76,"GC09"
2025-08-23,"Sat",246,12100,20,1,13,172,"GC09"
2025-08-24,"Sun",160,14900,1,1,57,115,"GC09"
2025-08-25,"Mon",148,11800,1,0,22,63,"GC09"
2025-08-26,"Tue",191,10000,14,1,24,87,"GC09"
2025-08-27,"Wed",161,11800,0,1,12,67,"GC09"
2025-08-28,"Thu",139,12200,0,0,37,63,"GC09"
2025-08-29,"Fri",228,10000,14,1,7,111,"GC09"
2025-08-30,"Sat",253,11800,19,1,4,183,"GC09"
2025-08-31,"Sun",187,14900,0,0,22,127,"GC09"
2025-09-01,"Mon",148,11000,9,1,42,73,"GC09"
2025-09-02,"Tue",181,10900,11,1,26,82,"GC09"
2025-09-03,"Wed",156,11600,6,0,32,77,"GC09"
2025-09-04,"Thu",212,10100,16,1,9,113,"GC09"
2025-09-05,"Fri",224,10000,14,1,18,112,"GC09"
2025-09-06,"Sat",180,14800,1,0,30,130,"GC09"
2025-09-07,"Sun",205,14800,0,0,14,143,"GC09"
2025-09-08,"Mon",183,10600,11,1,10,91,"GC09"
2025-09-09,"Tue",196,10700,9,1,4,106,"GC09"
2025-09-10,"Wed",154,11900,1,0,20,73,"GC09"
2025-09-11,"Thu",203,9500,20,1,23,107,"GC09"
2025-09-12,"Fri",144,12200,0,0,63,67,"GC09"
2025-09-13,"Sat",192,14900,1,0,24,128,"GC09"
2025-09-14,"Sun",204,14800,1,0,11,137,"GC09"
2025-09-15,"Mon",159,12100,1,1,18,73,"GC09"
2025-09-16,"Tue",178,11800,1,0,17,88,"GC09"
2025-09-17,"Wed",167,11900,0,1,15,81,"GC09"
2025-09-18,"Thu",112,11800,0,1,69,54,"GC09"
2025-09-19,"Fri",156,11600,4,1,35,81,"GC09"
2025-09-20,"Sat",199,14050,6,0,28,144,"GC09"
2025-09-21,"Sun",250,13300,11,1,5,190,"GC09"
2025-09-22,"Mon",156,11600,4,0,23,80,"GC09"
2025-09-23,"Tue",146,12200,0,0,20,75,"GC09"
2025-09-24,"Wed",185,10700,11,1,24,84,"GC09"
2025-09-25,"Thu",120,11500,4,0,65,59,"GC09"
2025-09-26,"Fri",184,12200,1,0,14,91,"GC09"
2025-09-27,"Sat",194,15100,0,0,29,136,"GC09"
2025-09-28,"Sun",220,11900,19,1,49,150,"GC09"
2025-09-29,"Mon",138,11300,6,0,32,68,"GC09"
2025-09-30,"Tue",135,12200,1,0,26,74,"GC09"
2025-10-01,"Wed",228,9800,20,1,4,116,"GC09"
2025-10-02,"Thu",178,12100,0,0,9,90,"GC09"
2025-10-03,"Fri",187,11300,4,0,30,89,"GC09"
2025-10-04,"Sat",199,14350,4,0,58,139,"GC09"
2025-10-05,"Sun",225,14900,1,0,6,158,"GC09"
2025-10-06,"Mon",191,10700,9,1,18,103,"GC09"
2025-10-07,"Tue",197,10000,16,1,30,102,"GC09"
2025-10-08,"Wed",186,12100,0,0,8,93,"GC09"
2025-10-09,"Thu",201,10600,11,0,20,103,"GC09"
2025-10-10,"Fri",228,10600,9,1,15,111,"GC09"
2025-10-11,"Sat",182,14900,1,0,82,125,"GC09"
2025-10-12,"Sun",236,13700,11,1,28,161,"GC09"
2025-10-13,"Mon",155,11300,4,0,35,68,"GC09"
2025-10-14,"Tue",186,10900,9,0,40,87,"GC09"
2025-10-15,"Wed",178,11300,4,0,31,84,"GC09"
2025-10-16,"Thu",180,10600,11,1,49,87,"GC09"
2025-10-17,"Fri",216,10700,11,1,23,105,"GC09"
2025-10-18,"Sat",214,15200,0,0,18,148,"GC09"
2025-10-19,"Sun",217,15200,1,1,19,143,"GC09"
2025-10-20,"Mon",173,10900,9,1,46,90,"GC09"
2025-10-21,"Tue",184,11300,6,1,23,102,"GC09"
2025-10-22,"Wed",172,12100,1,0,8,84,"GC09"
2025-10-23,"Thu",207,10400,14,1,36,93,"GC09"
2025-10-24,"Fri",176,12100,0,0,20,84,"GC09"
2025-10-25,"Sat",240,13400,11,1,19,164,"GC09"
2025-10-26,"Sun",228,13700,11,1,25,153,"GC09"
2025-10-27,"Mon",195,10700,11,0,24,95,"GC09"
2025-10-28,"Tue",182,10900,9,1,24,83,"GC09"
2025-10-29,"Wed",196,9500,19,1,34,98,"GC09"
2025-10-30,"Thu",215,10100,14,1,29,109,"GC09"
2025-10-31,"Fri",197,10900,9,1,30,112,"GC09"
2025-11-01,"Sat",219,13300,11,1,43,135,"GC09"
2025-11-02,"Sun",205,14800,0,0,30,154,"GC09"
2025-11-03,"Mon",153,11200,4,0,31,76,"GC09"
2025-11-04,"Tue",94,11800,1,0,89,47,"GC09"
2025-11-05,"Wed",192,10700,11,1,18,92,"GC09"
2025-11-06,"Thu",198,10900,9,1,30,100,"GC09"
2025-11-07,"Fri",196,10300,14,1,37,100,"GC09"
2025-11-08,"Sat",198,12550,14,1,79,136,"GC09"
2025-11-09,"Sun",197,15100,1,0,30,139,"GC09"
2025-11-10,"Mon",156,12200,1,0,38,75,"GC09"
2025-11-11,"Tue",217,11000,9,1,7,109,"GC09"
2025-11-12,"Wed",181,11500,6,0,14,94,"GC09"
2025-11-13,"Thu",157,12100,0,1,19,86,"GC09"
2025-11-14,"Fri",191,11000,9,1,58,98,"GC09"
2025-11-15,"Sat",245,12550,14,1,18,175,"GC09"
2025-11-16,"Sun",205,14150,6,0,36,141,"GC09"
2025-11-17,"Mon",168,11200,4,0,18,87,"GC09"
2025-11-18,"Tue",152,11800,0,0,35,82,"GC09"
2025-11-19,"Wed",184,10600,11,1,18,96,"GC09"
2025-11-20,"Thu",171,11500,6,0,37,88,"GC09"
2025-11-21,"Fri",163,11800,1,0,44,70,"GC09"
2025-11-22,"Sat",221,13300,9,0,13,166,"GC09"
2025-11-23,"Sun",240,14350,4,0,10,161,"GC09"
2025-11-24,"Mon",210,9500,19,1,20,104,"GC09"
2025-11-25,"Tue",225,9800,20,1,12,115,"GC09"
2025-11-26,"Wed",189,11200,6,0,4,92,"GC09"
2025-11-27,"Thu",151,11600,4,0,43,67,"GC09"
2025-11-28,"Fri",189,11900,0,0,1,96,"GC09"
2025-11-29,"Sat",249,12550,14,0,15,175,"GC09"
2025-11-30,"Sun",156,14800,0,1,72,105,"GC09"
2025-12-01,"Mon",145,11900,1,0,17,80,"GC09"
2025-12-02,"Tue",218,9500,20,1,18,99,"GC09"
2025-12-03,"Wed",166,12100,0,0,13,83,"GC09"
2025-12-04,"Thu",171,11800,1,0,11,81,"GC09"
2025-12-05,"Fri",173,10900,9,1,48,92,"GC09"
2025-12-06,"Sat",231,12550,14,1,36,158,"GC09"
2025-12-07,"Sun",251,13700,11,1,13,164,"GC09"
2025-12-08,"Mon",153,11600,4,0,24,69,"GC09"
2025-12-09,"Tue",141,12100,1,0,51,68,"GC09"
2025-12-10,"Wed",149,11900,0,0,13,84,"GC09"
2025-12-11,"Thu",145,12200,0,0,32,69,"GC09"
2025-12-12,"Fri",212,9800,19,1,27,107,"GC09"
2025-12-13,"Sat",221,14050,4,1,19,151,"GC09"
2025-12-14,"Sun",213,14450,4,0,11,159,"GC09"
2025-12-15,"Mon",153,11200,4,0,14,79,"GC09"
2025-12-16,"Tue",177,11000,9,1,13,89,"GC09"
2025-12-17,"Wed",149,10400,16,1,47,76,"GC09"
2025-12-18,"Thu",141,11900,1,0,25,68,"GC09"
2025-12-19,"Fri",197,10900,11,1,26,98,"GC09"
2025-12-20,"Sat",208,14800,1,0,7,137,"GC09"
2025-12-21,"Sun",242,12550,16,1,22,179,"GC09"
2025-12-22,"Mon",112,11200,6,1,66,63,"GC09"
2025-12-23,"Tue",193,10100,16,1,18,97,"GC09"
2025-12-24,"Wed",197,10700,11,0,7,101,"GC09"
2025-12-25,"Thu",148,12200,0,0,24,78,"GC09"
2025-12-26,"Fri",172,11900,1,0,17,88,"GC09"
2025-12-27,"Sat",223,13600,9,1,25,164,"GC09"
2025-12-28,"Sun",198,14900,1,1,20,140,"GC09"
2025-12-29,"Mon",150,11600,4,0,36,75,"GC09"
2025-12-30,"Tue",139,11800,1,0,25,74,"GC09"
2025-12-31,"Wed",142,12100,0,0,36,61,"GC09"
2026-01-01,"Thu",160,11800,0,1,25,76,"GC09"
2026-01-02,"Fri",166,11300,6,1,34,82,"GC09"
2026-01-03,"Sat",201,15100,0,0,11,149,"GC09"
2026-01-04,"Sun",232,13700,11,1,22,154,"GC09"
2026-01-05,"Mon",142,10400,14,1,57,74,"GC09"
2026-01-06,"Tue",176,10400,14,1,21,92,"GC09"
2026-01-07,"Wed",175,10100,16,1,49,90,"GC09"
2026-01-08,"Thu",202,10300,14,1,7,111,"GC09"
2026-01-09,"Fri",186,11600,6,0,10,101,"GC09"
2026-01-10,"Sat",195,14150,4,0,27,131,"GC09"
2026-01-11,"Sun",187,14050,6,0,25,144,"GC09"
2026-01-12,"Mon",132,12100,1,0,49,68,"GC09"
2026-01-13,"Tue",167,11900,0,0,6,87,"GC09"
2026-01-14,"Wed",153,11800,0,0,9,75,"GC09"
2026-01-15,"Thu",150,11800,0,0,16,77,"GC09"
2026-01-16,"Fri",181,10600,11,1,38,91,"GC09"
2026-01-17,"Sat",238,13600,9,1,16,166,"GC09"
2026-01-18,"Sun",170,15100,0,1,46,121,"GC09"
2026-01-19,"Mon",179,10900,9,1,16,88,"GC09"
2026-01-20,"Tue",157,12100,1,0,27,79,"GC09"
2026-01-21,"Wed",215,10100,14,1,17,97,"GC09"
2026-01-22,"Thu",173,11200,6,1,24,88,"GC09"
2026-01-23,"Fri",185,11200,4,0,3,98,"GC09"
2026-01-24,"Sat",182,15100,0,0,46,128,"GC09"
2026-01-25,"Sun",200,15200,1,0,28,138,"GC09"
2026-01-26,"Mon",175,10700,9,1,16,94,"GC09"
2026-01-27,"Tue",196,11000,9,1,14,99,"GC09"
2026-01-28,"Wed",149,12100,1,0,25,87,"GC09"
2026-01-29,"Thu",139,12200,0,0,45,72,"GC09"
2026-01-30,"Fri",198,10400,14,1,44,96,"GC09"
2026-01-31,"Sat",218,13600,9,1,40,152,"GC09"
2026-02-01,"Sun",199,14900,0,0,15,137,"GC09"
2026-02-02,"Mon",162,12200,1,0,3,72,"GC09"
2026-02-03,"Tue",148,12200,0,1,34,75,"GC09"
2026-02-04,"Wed",196,10000,14,1,25,87,"GC09"
2026-02-05,"Thu",175,10600,11,1,21,87,"GC09"
2026-02-06,"Fri",178,10900,9,1,40,79,"GC09"
2026-02-07,"Sat",223,14050,4,0,7,157,"GC09"
2026-02-08,"Sun",207,14450,6,1,23,150,"GC09"
2026-02-09,"Mon",203,10600,11,1,5,103,"GC09"
2026-02-10,"Tue",187,11000,11,1,13,90,"GC09"
2026-02-11,"Wed",148,11800,0,0,11,68,"GC09"
2026-02-12,"Thu",163,11600,4,1,30,87,"GC09"
2026-02-13,"Fri",183,11800,0,1,13,90,"GC09"
2026-02-14,"Sat",195,14900,0,0,26,136,"GC09"
2026-02-15,"Sun",160,14800,1,1,45,108,"GC09"
2026-02-16,"Mon",142,12100,1,0,36,64,"GC09"
2026-02-17,"Tue",139,11800,1,0,24,70,"GC09"
2026-02-18,"Wed",155,12100,0,0,10,81,"GC09"
2026-02-19,"Thu",152,11300,4,1,14,69,"GC09"
2026-02-20,"Fri",134,11900,1,0,67,70,"GC09"
2026-02-21,"Sat",232,12650,16,1,32,157,"GC09"
2026-02-22,"Sun",204,14800,1,1,11,155,"GC09"
2026-02-23,"Mon",143,12100,1,0,8,73,"GC09"
2026-02-24,"Tue",167,12200,1,0,20,80,"GC09"
2026-02-25,"Wed",173,11500,6,0,20,81,"GC09"
2026-02-26,"Thu",140,11200,4,1,53,63,"GC09"
2026-02-27,"Fri",163,12200,0,1,11,79,"GC09"
2026-02-28,"Sat",195,14900,0,0,33,137,"GC09"
2026-03-01,"Sun",199,14800,0,0,31,136,"GC09"
2026-03-02,"Mon",150,11600,4,1,40,72,"GC09"
2026-03-03,"Tue",152,11800,0,0,19,71,"GC09"
2026-03-04,"Wed",178,11000,11,1,21,76,"GC09"
2026-03-05,"Thu",173,11200,6,0,16,88,"GC09"
2026-03-06,"Fri",158,11200,4,0,39,82,"GC09"
2026-03-07,"Sat",185,15100,0,1,63,132,"GC09"
2026-03-08,"Sun",252,13700,9,1,10,169,"GC09"
2026-03-09,"Mon",168,10700,9,1,45,82,"GC09"
2026-03-10,"Tue",134,12100,1,0,56,70,"GC09"
2026-03-11,"Wed",170,11800,0,0,23,89,"GC09"
2026-03-12,"Thu",173,11500,4,0,20,88,"GC09"
2026-03-13,"Fri",189,11900,0,0,36,95,"GC09"
2026-03-14,"Sat",229,12850,16,1,28,170,"GC09"
2026-03-15,"Sun",219,14800,0,0,19,141,"GC09"
2026-03-16,"Mon",191,11200,4,1,46,98,"GC09"
2026-03-17,"Tue",193,10400,14,1,35,88,"GC09"
2026-03-18,"Wed",158,11900,0,1,12,84,"GC09"
2026-03-19,"Thu",172,11300,4,0,19,90,"GC09"
2026-03-20,"Fri",214,11000,11,0,19,105,"GC09"
2026-03-21,"Sat",209,14350,6,0,40,135,"GC09"
2026-03-22,"Sun",230,15200,0,1,17,153,"GC09"
2026-03-23,"Mon",175,11800,1,0,11,99,"GC09"
2026-03-24,"Tue",155,11900,1,1,19,77,"GC09"
2026-03-25,"Wed",157,12200,0,0,25,76,"GC09"
2026-03-26,"Thu",184,10900,11,1,33,98,"GC09"
2026-03-27,"Fri",186,12200,1,0,14,90,"GC09"
2026-03-28,"Sat",213,14900,1,0,6,151,"GC09"
2026-03-29,"Sun",183,14800,1,0,34,129,"GC09"
2026-03-30,"Mon",157,11900,0,1,31,76,"GC09"
2026-03-31,"Tue",193,10700,11,1,37,95,"GC09"
2026-04-01,"Wed",182,10000,14,1,56,99,"GC09"
2026-04-02,"Thu",200,10900,9,0,20,92,"GC09"
2026-04-03,"Fri",169,11900,0,0,55,85,"GC09"
2026-04-04,"Sat",221,14900,0,1,5,157,"GC09"
2026-04-05,"Sun",231,14450,4,0,13,170,"GC09"
2026-04-06,"Mon",159,11900,0,0,18,78,"GC09"
2026-04-07,"Tue",144,12200,0,0,58,71,"GC09"
2026-04-08,"Wed",172,12100,0,1,15,82,"GC09"
2026-04-09,"Thu",172,11900,1,0,4,91,"GC09"
2026-04-10,"Fri",193,10700,9,1,35,97,"GC09"
2026-04-11,"Sat",219,15200,1,0,13,157,"GC09"
2026-04-12,"Sun",177,15200,0,0,44,119,"GC09"
2026-04-13,"Mon",216,10000,14,1,15,115,"GC09"
2026-04-14,"Tue",178,11800,0,0,12,92,"GC09"
2026-04-15,"Wed",160,11200,4,0,56,84,"GC09"
2026-04-16,"Thu",218,10900,11,1,2,114,"GC09"
2026-04-17,"Fri",215,11800,1,0,16,101,"GC09"
2026-04-18,"Sat",252,12850,14,1,8,180,"GC09"
2026-04-19,"Sun",253,12550,14,1,16,179,"GC09"
2026-04-20,"Mon",178,11500,6,1,30,93,"GC09"
2026-04-21,"Tue",188,10100,14,1,32,87,"GC09"
2026-04-22,"Wed",173,11200,6,1,31,86,"GC09"
2026-04-23,"Thu",153,11300,6,0,38,71,"GC09"
2026-04-24,"Fri",227,10300,16,0,40,110,"GC09"
2026-04-25,"Sat",231,14800,0,0,10,160,"GC09"
2026-04-26,"Sun",206,14900,0,0,24,152,"GC09"
2026-04-27,"Mon",178,12200,1,0,19,94,"GC09"
2026-04-28,"Tue",205,11000,11,1,7,102,"GC09"
2026-04-29,"Wed",164,11800,0,0,34,89,"GC09"
2026-04-30,"Thu",176,11900,0,0,17,84,"GC09"
2026-05-01,"Fri",204,11200,6,1,21,98,"GC09"
2026-05-02,"Sat",236,15200,1,1,9,157,"GC09"
2026-05-03,"Sun",198,14800,1,0,45,136,"GC09"
2026-05-04,"Mon",174,11800,0,0,25,85,"GC09"
2026-05-05,"Tue",178,12100,1,0,22,90,"GC09"
2026-05-06,"Wed",133,12100,0,0,35,69,"GC09"
2026-05-07,"Thu",179,11800,0,0,14,88,"GC09"
2026-05-08,"Fri",206,10300,16,1,50,102,"GC09"
2026-05-09,"Sat",230,15200,1,0,11,165,"GC09"
2026-05-10,"Sun",229,14450,6,0,18,174,"GC09"
2026-05-11,"Mon",194,10700,9,1,21,101,"GC09"
2026-05-12,"Tue",204,10900,11,1,16,111,"GC09"
2026-05-13,"Wed",222,10000,16,0,13,103,"GC09"
2026-05-14,"Thu",177,12200,1,1,28,80,"GC09"
2026-05-15,"Fri",206,11200,4,0,16,113,"GC09"
2026-05-16,"Sat",246,13700,11,1,5,173,"GC09"
2026-05-17,"Sun",219,13600,11,1,41,158,"GC09"
2026-05-18,"Mon",167,11300,4,0,39,84,"GC09"
2026-05-19,"Tue",185,11500,4,0,25,89,"GC09"
2026-05-20,"Wed",203,10100,14,1,28,96,"GC09"
2026-05-21,"Thu",217,9700,20,0,4,99,"GC09"
2026-05-22,"Fri",203,12200,1,1,37,97,"GC09"
2026-05-23,"Sat",187,14800,0,0,44,117,"GC09"
2026-05-24,"Sun",245,12550,16,1,29,165,"GC09"
2026-05-25,"Mon",205,9400,20,1,32,90,"GC09"
2026-05-26,"Tue",166,11800,0,0,43,75,"GC09"
2026-05-27,"Wed",155,11500,6,0,48,92,"GC09"
2026-05-28,"Thu",219,11000,11,1,10,102,"GC09"
2026-05-29,"Fri",171,12100,1,0,51,71,"GC09"
2026-05-30,"Sat",228,14900,1,0,18,168,"GC09"
2026-05-31,"Sun",193,14900,1,0,34,135,"GC09"
2026-06-01,"Mon",152,11800,1,0,13,81,"GC09"
2026-06-02,"Tue",170,10600,11,1,32,76,"GC09"
2026-06-03,"Wed",146,12200,0,0,34,75,"GC09"
2026-06-04,"Thu",163,10900,11,1,32,76,"GC09"
2026-06-05,"Fri",182,10100,16,1,40,97,"GC09"
2026-06-06,"Sat",176,14450,6,0,36,113,"GC09"
2026-06-07,"Sun",204,15100,1,0,10,139,"GC09"
2026-06-08,"Mon",196,10400,16,1,18,108,"GC09"
2026-06-09,"Tue",142,11900,1,1,30,80,"GC09"
2026-06-10,"Wed",167,11000,9,1,40,91,"GC09"
2026-06-11,"Thu",146,11500,4,0,26,69,"GC09"
2026-06-12,"Fri",161,12200,1,1,22,73,"GC09"
2026-06-13,"Sat",189,14050,4,0,43,138,"GC09"
2026-06-14,"Sun",252,12950,14,1,21,179,"GC09"
2026-06-15,"Mon",157,11900,0,0,20,77,"GC09"
2026-06-16,"Tue",180,10900,9,1,5,86,"GC09"
2026-06-17,"Wed",157,11500,6,0,26,84,"GC09"
2026-06-18,"Thu",180,12100,0,0,8,89,"GC09"
2026-06-19,"Fri",177,11800,0,0,9,78,"GC09"
2026-06-20,"Sat",218,12950,14,1,36,161,"GC09"
2026-06-21,"Sun",209,14350,4,0,25,146,"GC09"
2026-06-22,"Mon",174,12100,1,0,8,78,"GC09"
2026-06-23,"Tue",188,11600,6,1,0,98,"GC09"
2026-06-24,"Wed",127,11800,0,0,45,69,"GC09"
2026-06-25,"Thu",179,10000,16,1,32,93,"GC09"
2026-06-26,"Fri",199,11000,9,1,14,95,"GC09"
2026-06-27,"Sat",176,14900,1,0,23,130,"GC09"
2026-06-28,"Sun",245,12850,14,1,0,173,"GC09"
2026-06-29,"Mon",156,11900,1,0,27,81,"GC09"
2026-06-30,"Tue",172,10400,14,1,40,87,"GC09"
2026-07-01,"Wed",159,12100,1,1,26,75,"GC09"
2026-07-02,"Thu",126,12200,1,0,47,65,"GC09"
2026-07-03,"Fri",176,12100,1,0,16,90,"GC09"
2026-07-04,"Sat",252,11900,20,1,5,169,"GC09"
2026-07-05,"Sun",236,13600,11,1,18,161,"GC09"
2026-07-06,"Mon",147,11200,4,1,34,72,"GC09"
2026-07-07,"Tue",164,10900,9,1,29,78,"GC09"
2026-07-08,"Wed",117,12200,1,1,64,57,"GC09"
2026-07-09,"Thu",151,12100,1,0,21,78,"GC09"
2026-07-10,"Fri",209,11600,6,1,8,106,"GC09"
2026-07-11,"Sat",197,14900,1,0,27,138,"GC09"
2026-07-12,"Sun",194,15100,0,0,27,147,"GC09"
2026-07-13,"Mon",166,11900,0,0,0,80,"GC09"
2026-07-14,"Tue",123,11800,0,0,35,70,"GC09"
2026-07-15,"Wed",180,11900,1,0,5,85,"GC09"
2026-07-16,"Thu",164,11800,0,0,11,79,"GC09"
2026-07-17,"Fri",181,11800,0,0,3,92,"GC09"
2026-07-18,"Sat",191,15200,0,1,30,143,"GC09"
2026-07-19,"Sun",190,12650,14,1,66,125,"GC09"
2026-07-20,"Mon",172,11000,11,1,30,81,"GC09"
2026-07-21,"Tue",114,12100,1,0,51,63,"GC09"
2026-07-22,"Wed",161,9700,19,1,46,81,"GC09"
2026-07-23,"Thu",173,10400,14,1,19,91,"GC09"
2026-07-24,"Fri",198,11600,4,0,0,87,"GC09"
2026-07-25,"Sat",246,13600,11,1,8,181,"GC09"
2026-07-26,"Sun",208,13700,9,1,39,146,"GC09"
2026-07-27,"Mon",138,12100,1,0,44,70,"GC09"
2026-07-28,"Tue",132,11900,1,0,21,65,"GC09"
2026-07-29,"Wed",158,10100,16,1,49,89,"GC09"
2026-07-30,"Thu",187,9500,19,1,37,85,"GC09"
2026-07-31,"Fri",183,11300,4,0,29,82,"GC09"
2026-08-01,"Sat",166,15100,0,0,53,118,"GC09"
2026-08-02,"Sun",167,14800,1,0,53,109,"GC09"
2026-08-03,"Mon",137,12200,1,0,32,65,"GC09"
2026-08-04,"Tue",151,11500,4,0,19,71,"GC09"
2026-08-05,"Wed",158,12200,1,0,11,79,"GC09"
2026-08-06,"Thu",133,12200,1,0,31,67,"GC09"
2026-08-07,"Fri",210,10700,9,0,12,110,"GC09"
2026-08-08,"Sat",191,14900,0,0,28,132,"GC09"
2026-08-09,"Sun",194,13600,9,1,35,122,"GC09"
2026-08-10,"Mon",149,11200,4,0,37,71,"GC09"
2026-08-11,"Tue",156,12100,1,0,17,82,"GC09"
2026-08-12,"Wed",135,11900,1,0,27,66,"GC09"
2026-08-13,"Thu",111,11800,0,0,48,61,"GC09"
2026-08-14,"Fri",147,11900,1,0,53,76,"GC09"
2026-08-15,"Sat",189,14800,0,0,26,132,"GC09"
2026-08-16,"Sun",202,14900,1,1,12,148,"GC09"
2026-08-17,"Mon",141,12100,0,0,36,77,"GC09"
2026-08-18,"Tue",144,12200,0,0,19,77,"GC09"
2026-08-19,"Wed",116,12100,0,1,52,55,"GC09"
2026-08-20,"Thu",169,11900,0,0,1,90,"GC09"
2026-08-21,"Fri",239,10400,16,1,10,110,"GC09"
2026-08-22,"Sat",202,15200,1,1,22,136,"GC09"
2026-08-23,"Sun",150,15100,0,0,58,101,"GC09"
2026-08-24,"Mon",155,11800,0,0,24,70,"GC09"
2026-08-25,"Tue",124,12200,1,0,39,61,"GC09"
2026-08-26,"Wed",149,11900,1,0,22,77,"GC09"
2026-08-27,"Thu",133,12100,1,1,43,68,"GC09"
2026-08-28,"Fri",196,10700,9,1,22,111,"GC09"
2026-08-29,"Sat",183,14900,0,0,12,123,"GC09"
2026-08-30,"Sun",179,14900,0,0,35,123,"GC09"
2026-08-31,"Mon",127,12100,0,0,46,65,"GC09"
2026-09-01,"Tue",,10900,9,1,15,98,"GC09"
2026-09-02,"Wed",,10900,11,1,29,74,"GC09"
2026-09-03,"Thu",,10700,9,1,18,94,"GC09"
2026-09-04,"Fri",,11900,0,0,51,75,"GC09"
2026-09-05,"Sat",,15100,1,0,18,132,"GC09"
2026-09-06,"Sun",,14800,0,1,57,123,"GC09"
2026-09-07,"Mon",,10100,16,1,55,78,"GC09"
2026-09-08,"Tue",,10100,14,1,36,77,"GC09"
2026-09-09,"Wed",,11800,1,0,31,78,"GC09"
2026-09-10,"Thu",,11800,1,0,52,59,"GC09"
2026-09-11,"Fri",,12100,1,0,52,71,"GC09"
2026-09-12,"Sat",,11900,20,1,19,164,"GC09"
2026-09-13,"Sun",,12550,14,1,17,179,"GC09"
2026-09-14,"Mon",,11500,6,1,5,96,"GC09"
2026-09-15,"Tue",,12200,0,0,16,79,"GC09"
2026-09-16,"Wed",,11300,6,1,50,75,"GC09"
2026-09-17,"Thu",,12100,0,0,38,74,"GC09"
2026-09-18,"Fri",,11600,6,0,13,84,"GC09"
2026-09-19,"Sat",,15200,0,0,48,119,"GC09"
2026-09-20,"Sun",,12950,16,1,9,177,"GC09"
2026-09-21,"Mon",,10700,11,1,16,79,"GC09"
2026-09-22,"Tue",,11900,1,0,30,72,"GC09"
2026-09-23,"Wed",,12200,1,0,66,51,"GC09"
2026-09-24,"Thu",,11900,1,0,19,73,"GC09"
2026-09-25,"Fri",,10700,9,0,22,98,"GC09"
2026-09-26,"Sat",,15100,0,0,22,139,"GC09"
2026-09-27,"Sun",,11900,20,1,11,177,"GC09"
2026-09-28,"Mon",,10300,16,1,50,77,"GC09"
2026-09-29,"Tue",,9500,20,1,4,113,"GC09"
2026-09-30,"Wed",,10700,11,1,0,98,"GC09"
2023-09-01,"Fri",205,9500,19,1,25,117,"GC10"
2023-09-02,"Sat",203,15100,0,0,14,146,"GC10"
2023-09-03,"Sun",202,14050,6,0,24,153,"GC10"
2023-09-04,"Mon",220,10000,16,1,1,109,"GC10"
2023-09-05,"Tue",164,11300,6,0,20,82,"GC10"
2023-09-06,"Wed",196,9700,20,1,33,106,"GC10"
2023-09-07,"Thu",173,10700,11,1,27,88,"GC10"
2023-09-08,"Fri",191,11600,4,1,10,99,"GC10"
2023-09-09,"Sat",212,14800,0,0,2,148,"GC10"
2023-09-10,"Sun",192,15200,0,0,16,144,"GC10"
2023-09-11,"Mon",170,11800,0,0,4,86,"GC10"
2023-09-12,"Tue",131,11600,4,1,70,58,"GC10"
2023-09-13,"Wed",180,11000,11,1,12,101,"GC10"
2023-09-14,"Thu",171,10300,16,0,44,89,"GC10"
2023-09-15,"Fri",161,11900,0,0,36,81,"GC10"
2023-09-16,"Sat",180,14050,4,0,47,130,"GC10"
2023-09-17,"Sun",198,13300,9,1,45,131,"GC10"
2023-09-18,"Mon",143,12100,1,1,31,62,"GC10"
2023-09-19,"Tue",152,12200,0,0,9,83,"GC10"
2023-09-20,"Wed",143,12200,1,0,11,67,"GC10"
2023-09-21,"Thu",156,12200,0,0,19,68,"GC10"
2023-09-22,"Fri",218,9700,20,1,21,108,"GC10"
2023-09-23,"Sat",218,12850,14,1,45,159,"GC10"
2023-09-24,"Sun",183,14350,4,0,48,139,"GC10"
2023-09-25,"Mon",168,10400,16,1,46,82,"GC10"
2023-09-26,"Tue",145,12200,0,0,22,75,"GC10"
2023-09-27,"Wed",175,12200,0,0,5,96,"GC10"
2023-09-28,"Thu",138,12200,1,1,47,69,"GC10"
2023-09-29,"Fri",185,11600,6,1,22,98,"GC10"
2023-09-30,"Sat",193,15100,0,0,6,149,"GC10"
2023-10-01,"Sun",249,12850,16,1,32,182,"GC10"
2023-10-02,"Mon",143,12200,1,0,40,75,"GC10"
2023-10-03,"Tue",229,10300,14,1,5,113,"GC10"
2023-10-04,"Wed",180,11800,0,1,26,94,"GC10"
2023-10-05,"Thu",200,10900,9,1,5,94,"GC10"
2023-10-06,"Fri",230,10000,16,1,11,117,"GC10"
2023-10-07,"Sat",233,13600,11,1,39,162,"GC10"
2023-10-08,"Sun",224,14800,1,1,7,158,"GC10"
2023-10-09,"Mon",175,12200,1,1,28,87,"GC10"
2023-10-10,"Tue",194,9500,19,1,50,107,"GC10"
2023-10-11,"Wed",215,10700,11,1,6,105,"GC10"
2023-10-12,"Thu",155,11800,0,0,32,75,"GC10"
2023-10-13,"Fri",204,10600,9,1,19,93,"GC10"
2023-10-14,"Sat",236,15100,1,0,9,164,"GC10"
2023-10-15,"Sun",237,12550,14,0,21,155,"GC10"
2023-10-16,"Mon",160,11900,0,0,22,80,"GC10"
2023-10-17,"Tue",168,12100,0,0,11,90,"GC10"
2023-10-18,"Wed",221,11000,11,1,14,121,"GC10"
2023-10-19,"Thu",226,11000,11,1,7,120,"GC10"
2023-10-20,"Fri",204,11200,4,1,14,103,"GC10"
2023-10-21,"Sat",192,15100,0,0,47,144,"GC10"
2023-10-22,"Sun",248,13400,9,0,8,161,"GC10"
2023-10-23,"Mon",201,10900,9,0,15,85,"GC10"
2023-10-24,"Tue",188,11500,6,0,33,90,"GC10"
2023-10-25,"Wed",206,9500,19,1,27,105,"GC10"
2023-10-26,"Thu",174,11300,4,0,38,90,"GC10"
2023-10-27,"Fri",225,10400,14,1,28,108,"GC10"
2023-10-28,"Sat",235,13600,11,1,24,175,"GC10"
2023-10-29,"Sun",196,14900,0,0,20,128,"GC10"
2023-10-30,"Mon",157,11200,6,0,49,70,"GC10"
2023-10-31,"Tue",171,11800,0,0,19,82,"GC10"
2023-11-01,"Wed",157,11900,1,0,20,79,"GC10"
2023-11-02,"Thu",121,11800,1,0,44,72,"GC10"
2023-11-03,"Fri",209,10000,14,1,28,102,"GC10"
2023-11-04,"Sat",248,12950,16,1,12,164,"GC10"
2023-11-05,"Sun",215,14050,4,0,40,149,"GC10"
2023-11-06,"Mon",171,11000,11,1,44,80,"GC10"
2023-11-07,"Tue",197,10600,9,1,12,100,"GC10"
2023-11-08,"Wed",183,10600,9,1,37,97,"GC10"
2023-11-09,"Thu",147,12100,0,0,26,78,"GC10"
2023-11-10,"Fri",221,10000,14,1,25,106,"GC10"
2023-11-11,"Sat",189,15200,0,1,57,143,"GC10"
2023-11-12,"Sun",220,14450,4,0,26,147,"GC10"
2023-11-13,"Mon",202,11000,11,1,16,97,"GC10"
2023-11-14,"Tue",192,11200,6,1,23,91,"GC10"
2023-11-15,"Wed",212,10600,9,1,9,104,"GC10"
2023-11-16,"Thu",189,10900,9,1,19,77,"GC10"
2023-11-17,"Fri",230,11000,9,1,7,110,"GC10"
2023-11-18,"Sat",216,14800,1,0,9,149,"GC10"
2023-11-19,"Sun",179,15200,0,0,47,126,"GC10"
2023-11-20,"Mon",164,10700,9,1,51,86,"GC10"
2023-11-21,"Tue",183,12100,1,0,5,92,"GC10"
2023-11-22,"Wed",154,11900,1,0,31,75,"GC10"
2023-11-23,"Thu",181,11900,0,0,19,92,"GC10"
2023-11-24,"Fri",167,12100,1,0,26,77,"GC10"
2023-11-25,"Sat",198,15100,0,0,41,136,"GC10"
2023-11-26,"Sun",208,12950,14,1,56,139,"GC10"
2023-11-27,"Mon",171,12200,0,0,5,87,"GC10"
2023-11-28,"Tue",179,11300,6,0,13,91,"GC10"
2023-11-29,"Wed",161,11900,1,0,20,87,"GC10"
2023-11-30,"Thu",158,10900,9,1,49,81,"GC10"
2023-12-01,"Fri",134,12200,1,0,43,54,"GC10"
2023-12-02,"Sat",201,14900,0,0,12,142,"GC10"
2023-12-03,"Sun",200,15200,0,0,22,143,"GC10"
2023-12-04,"Mon",123,11200,4,0,47,57,"GC10"
2023-12-05,"Tue",149,11300,4,0,36,72,"GC10"
2023-12-06,"Wed",187,10000,16,1,22,95,"GC10"
2023-12-07,"Thu",169,10300,16,1,32,95,"GC10"
2023-12-08,"Fri",168,12200,1,1,19,92,"GC10"
2023-12-09,"Sat",207,14900,1,0,21,142,"GC10"
2023-12-10,"Sun",163,15200,1,0,45,112,"GC10"
2023-12-11,"Mon",158,11300,6,1,47,74,"GC10"
2023-12-12,"Tue",164,11500,4,0,6,92,"GC10"
2023-12-13,"Wed",176,9700,19,1,50,92,"GC10"
2023-12-14,"Thu",191,11500,4,0,15,93,"GC10"
2023-12-15,"Fri",186,10700,9,1,23,96,"GC10"
2023-12-16,"Sat",230,12950,14,1,26,163,"GC10"
2023-12-17,"Sun",192,14900,1,0,19,135,"GC10"
2023-12-18,"Mon",141,11800,1,0,31,65,"GC10"
2023-12-19,"Tue",173,12100,0,0,13,89,"GC10"
2023-12-20,"Wed",128,12200,0,0,59,69,"GC10"
2023-12-21,"Thu",207,10400,16,1,7,101,"GC10"
2023-12-22,"Fri",209,10600,9,1,8,102,"GC10"
2023-12-23,"Sat",211,15200,1,0,3,157,"GC10"
2023-12-24,"Sun",200,13600,9,1,48,142,"GC10"
2023-12-25,"Mon",131,11600,4,0,45,67,"GC10"
2023-12-26,"Tue",146,12200,0,0,22,68,"GC10"
2023-12-27,"Wed",122,11200,4,1,76,70,"GC10"
2023-12-28,"Thu",205,9400,19,1,16,101,"GC10"
2023-12-29,"Fri",150,11900,0,0,49,70,"GC10"
2023-12-30,"Sat",214,14350,6,0,3,158,"GC10"
2023-12-31,"Sun",208,14150,6,0,15,149,"GC10"
2024-01-01,"Mon",151,11200,4,0,40,73,"GC10"
2024-01-02,"Tue",142,11800,0,0,41,71,"GC10"
2024-01-03,"Wed",186,10900,11,1,16,92,"GC10"
2024-01-04,"Thu",175,9500,20,1,52,86,"GC10"
2024-01-05,"Fri",196,12200,1,1,3,96,"GC10"
2024-01-06,"Sat",225,13300,9,1,15,154,"GC10"
2024-01-07,"Sun",184,15200,1,0,46,128,"GC10"
2024-01-08,"Mon",175,11500,6,0,6,84,"GC10"
2024-01-09,"Tue",163,11300,6,1,28,81,"GC10"
2024-01-10,"Wed",148,11800,0,0,26,70,"GC10"
2024-01-11,"Thu",137,11800,0,1,31,68,"GC10"
2024-01-12,"Fri",178,11800,1,0,9,85,"GC10"
2024-01-13,"Sat",204,13300,11,1,27,139,"GC10"
2024-01-14,"Sun",198,15200,1,0,16,147,"GC10"
2024-01-15,"Mon",182,10600,9,0,1,92,"GC10"
2024-01-16,"Tue",181,10400,16,1,46,89,"GC10"
2024-01-17,"Wed",173,12200,1,0,12,89,"GC10"
2024-01-18,"Thu",137,12100,1,0,40,58,"GC10"
2024-01-19,"Fri",183,10700,9,0,44,88,"GC10"
2024-01-20,"Sat",198,14450,4,0,43,138,"GC10"
2024-01-21,"Sun",185,14800,0,0,14,130,"GC10"
2024-01-22,"Mon",183,10600,11,0,19,93,"GC10"
2024-01-23,"Tue",109,11800,1,0,66,49,"GC10"
2024-01-24,"Wed",153,11900,0,0,22,70,"GC10"
2024-01-25,"Thu",131,11500,6,0,24,61,"GC10"
2024-01-26,"Fri",188,10900,9,1,30,93,"GC10"
2024-01-27,"Sat",198,14350,4,0,37,130,"GC10"
2024-01-28,"Sun",241,12850,14,1,20,180,"GC10"
2024-01-29,"Mon",157,11200,4,1,31,74,"GC10"
2024-01-30,"Tue",167,11900,0,0,4,75,"GC10"
2024-01-31,"Wed",149,12200,0,1,31,74,"GC10"
2024-02-01,"Thu",173,10400,16,1,39,88,"GC10"
2024-02-02,"Fri",194,11000,11,0,42,92,"GC10"
2024-02-03,"Sat",196,14150,6,0,22,135,"GC10"
2024-02-04,"Sun",176,14050,4,1,51,137,"GC10"
2024-02-05,"Mon",184,11000,9,1,16,92,"GC10"
2024-02-06,"Tue",132,12200,0,0,37,63,"GC10"
2024-02-07,"Wed",121,11800,1,1,46,61,"GC10"
2024-02-08,"Thu",154,11800,1,0,17,69,"GC10"
2024-02-09,"Fri",161,11300,4,0,37,81,"GC10"
2024-02-10,"Sat",206,12850,14,1,50,145,"GC10"
2024-02-11,"Sun",201,15100,0,0,14,147,"GC10"
2024-02-12,"Mon",170,10600,11,1,45,82,"GC10"
2024-02-13,"Tue",149,11900,1,0,16,73,"GC10"
2024-02-14,"Wed",149,12200,1,0,22,79,"GC10"
2024-02-15,"Thu",172,11500,4,0,10,82,"GC10"
2024-02-16,"Fri",215,10000,14,1,11,116,"GC10"
2024-02-17,"Sat",187,14800,1,0,23,130,"GC10"
2024-02-18,"Sun",215,14050,4,0,12,148,"GC10"
2024-02-19,"Mon",194,11000,11,1,26,103,"GC10"
2024-02-20,"Tue",164,12200,0,0,11,92,"GC10"
2024-02-21,"Wed",193,11000,11,1,0,100,"GC10"
2024-02-22,"Thu",131,11200,6,0,40,72,"GC10"
2024-02-23,"Fri",131,11800,1,0,46,55,"GC10"
2024-02-24,"Sat",212,14450,6,0,10,157,"GC10"
2024-02-25,"Sun",228,13600,9,1,21,169,"GC10"
2024-02-26,"Mon",179,11600,6,0,2,83,"GC10"
2024-02-27,"Tue",195,10100,14,1,26,95,"GC10"
2024-02-28,"Wed",157,12200,1,1,15,85,"GC10"
2024-02-29,"Thu",158,10700,11,1,44,85,"GC10"
2024-03-01,"Fri",210,10900,11,1,4,100,"GC10"
2024-03-02,"Sat",214,15200,0,0,25,147,"GC10"
2024-03-03,"Sun",246,12200,19,1,2,173,"GC10"
2024-03-04,"Mon",176,12100,0,0,7,85,"GC10"
2024-03-05,"Tue",177,11800,0,0,17,95,"GC10"
2024-03-06,"Wed",159,11900,1,1,22,82,"GC10"
2024-03-07,"Thu",145,11900,1,0,45,57,"GC10"
2024-03-08,"Fri",217,9700,20,1,30,100,"GC10"
2024-03-09,"Sat",226,14350,4,0,17,160,"GC10"
2024-03-10,"Sun",246,13400,11,1,5,181,"GC10"
2024-03-11,"Mon",156,10600,11,1,42,78,"GC10"
2024-03-12,"Tue",134,12100,0,0,30,70,"GC10"
2024-03-13,"Wed",162,11200,4,0,34,75,"GC10"
2024-03-14,"Thu",190,9400,20,0,52,111,"GC10"
2024-03-15,"Fri",174,12100,1,0,52,87,"GC10"
2024-03-16,"Sat",215,14150,4,0,33,136,"GC10"
2024-03-17,"Sun",226,15200,1,0,8,154,"GC10"
2024-03-18,"Mon",161,11900,0,0,35,67,"GC10"
2024-03-19,"Tue",158,11800,1,0,28,83,"GC10"
2024-03-20,"Wed",201,9500,19,1,17,105,"GC10"
2024-03-21,"Thu",160,11900,1,0,35,78,"GC10"
2024-03-22,"Fri",182,10000,14,1,43,89,"GC10"
2024-03-23,"Sat",211,14450,6,0,28,139,"GC10"
2024-03-24,"Sun",198,15100,0,1,26,130,"GC10"
2024-03-25,"Mon",179,11500,6,0,9,91,"GC10"
2024-03-26,"Tue",167,11900,1,1,21,88,"GC10"
2024-03-27,"Wed",133,11800,0,0,50,64,"GC10"
2024-03-28,"Thu",204,10400,14,1,14,99,"GC10"
2024-03-29,"Fri",231,10600,11,1,11,105,"GC10"
2024-03-30,"Sat",221,14450,4,0,15,156,"GC10"
2024-03-31,"Sun",219,14900,1,1,5,150,"GC10"
2024-04-01,"Mon",162,11800,1,0,36,78,"GC10"
2024-04-02,"Tue",171,10600,9,1,54,85,"GC10"
2024-04-03,"Wed",169,11300,4,0,23,90,"GC10"
2024-04-04,"Thu",238,9700,19,1,10,106,"GC10"
2024-04-05,"Fri",220,11900,1,1,11,107,"GC10"
2024-04-06,"Sat",206,13400,9,1,63,142,"GC10"
2024-04-07,"Sun",218,15100,0,0,28,155,"GC10"
2024-04-08,"Mon",188,10600,9,1,30,95,"GC10"
2024-04-09,"Tue",182,11300,6,0,18,96,"GC10"
2024-04-10,"Wed",177,12100,0,1,11,83,"GC10"
2024-04-11,"Thu",163,11500,4,0,27,71,"GC10"
2024-04-12,"Fri",205,10300,16,1,48,104,"GC10"
2024-04-13,"Sat",221,13600,9,1,49,169,"GC10"
2024-04-14,"Sun",247,12850,14,1,28,172,"GC10"
2024-04-15,"Mon",164,11900,1,0,30,82,"GC10"
2024-04-16,"Tue",146,11800,0,0,41,68,"GC10"
2024-04-17,"Wed",175,11200,4,0,9,87,"GC10"
2024-04-18,"Thu",223,11600,6,1,0,112,"GC10"
2024-04-19,"Fri",211,10300,16,0,38,105,"GC10"
2024-04-20,"Sat",201,15100,0,1,39,140,"GC10"
2024-04-21,"Sun",225,15100,1,0,11,156,"GC10"
2024-04-22,"Mon",153,12200,0,0,27,72,"GC10"
2024-04-23,"Tue",203,10600,9,1,11,97,"GC10"
2024-04-24,"Wed",185,11600,6,1,24,88,"GC10"
2024-04-25,"Thu",160,11300,6,0,27,79,"GC10"
2024-04-26,"Fri",213,11800,1,1,18,108,"GC10"
2024-04-27,"Sat",249,12950,14,1,26,170,"GC10"
2024-04-28,"Sun",254,13400,11,1,31,165,"GC10"
2024-04-29,"Mon",176,12100,0,0,23,83,"GC10"
2024-04-30,"Tue",156,11900,0,0,25,81,"GC10"
2024-05-01,"Wed",177,11900,1,0,8,75,"GC10"
2024-05-02,"Thu",193,12200,0,1,11,101,"GC10"
2024-05-03,"Fri",226,10700,9,1,21,109,"GC10"
2024-05-04,"Sat",200,14900,0,0,36,145,"GC10"
2024-05-05,"Sun",215,13300,11,0,54,153,"GC10"
2024-05-06,"Mon",197,11900,0,1,12,100,"GC10"
2024-05-07,"Tue",182,12200,0,0,28,82,"GC10"
2024-05-08,"Wed",150,11800,0,0,33,77,"GC10"
2024-05-09,"Thu",175,12200,1,0,11,83,"GC10"
2024-05-10,"Fri",212,11600,4,0,13,106,"GC10"
2024-05-11,"Sat",221,14150,6,0,52,148,"GC10"
2024-05-12,"Sun",231,13300,11,1,33,157,"GC10"
2024-05-13,"Mon",198,10000,16,1,23,100,"GC10"
2024-05-14,"Tue",152,11500,6,0,52,65,"GC10"
2024-05-15,"Wed",173,11300,4,0,14,81,"GC10"
2024-05-16,"Thu",147,11200,6,0,48,72,"GC10"
2024-05-17,"Fri",196,10300,16,1,60,98,"GC10"
2024-05-18,"Sat",226,14800,0,0,25,150,"GC10"
2024-05-19,"Sun",213,14900,1,0,38,143,"GC10"
2024-05-20,"Mon",206,10700,9,1,7,97,"GC10"
2024-05-21,"Tue",198,10100,14,1,43,107,"GC10"
2024-05-22,"Wed",193,11000,11,1,29,91,"GC10"
2024-05-23,"Thu",175,11900,1,1,28,91,"GC10"
2024-05-24,"Fri",185,11800,1,1,42,95,"GC10"
2024-05-25,"Sat",248,12650,14,1,16,172,"GC10"
2024-05-26,"Sun",193,14050,6,0,55,139,"GC10"
2024-05-27,"Mon",158,12200,1,0,32,85,"GC10"
2024-05-28,"Tue",177,11900,0,0,28,85,"GC10"
2024-05-29,"Wed",176,11200,6,1,19,101,"GC10"
2024-05-30,"Thu",200,10300,14,0,41,115,"GC10"
2024-05-31,"Fri",244,10000,16,1,12,126,"GC10"
2024-06-01,"Sat",217,14450,4,0,11,133,"GC10"
2024-06-02,"Sun",184,15200,0,1,47,118,"GC10"
2024-06-03,"Mon",200,10700,11,1,13,89,"GC10"
2024-06-04,"Tue",144,11800,0,0,22,70,"GC10"
2024-06-05,"Wed",188,11900,0,1,6,94,"GC10"
2024-06-06,"Thu",148,12100,1,0,41,76,"GC10"
2024-06-07,"Fri",204,11600,6,0,4,101,"GC10"
2024-06-08,"Sat",203,14450,4,0,35,146,"GC10"
2024-06-09,"Sun",188,14800,1,0,29,120,"GC10"
2024-06-10,"Mon",205,9400,20,1,8,127,"GC10"
2024-06-11,"Tue",145,11900,1,0,25,76,"GC10"
2024-06-12,"Wed",163,10700,9,1,31,83,"GC10"
2024-06-13,"Thu",169,11300,6,0,6,81,"GC10"
2024-06-14,"Fri",220,11000,9,0,12,117,"GC10"
2024-06-15,"Sat",212,13600,9,1,35,158,"GC10"
2024-06-16,"Sun",214,15100,1,1,21,143,"GC10"
2024-06-17,"Mon",185,10600,9,1,14,95,"GC10"
2024-06-18,"Tue",157,10000,14,1,45,85,"GC10"
2024-06-19,"Wed",160,11900,1,0,12,85,"GC10"
2024-06-20,"Thu",150,10900,11,1,49,67,"GC10"
2024-06-21,"Fri",160,10400,16,1,71,74,"GC10"
2024-06-22,"Sat",210,14800,1,0,16,149,"GC10"
2024-06-23,"Sun",179,14800,0,0,38,139,"GC10"
2024-06-24,"Mon",131,11300,6,0,47,61,"GC10"
2024-06-25,"Tue",122,11900,1,0,47,61,"GC10"
2024-06-26,"Wed",155,11300,6,1,44,88,"GC10"
2024-06-27,"Thu",120,12200,0,1,47,59,"GC10"
2024-06-28,"Fri",163,11500,4,0,21,76,"GC10"
2024-06-29,"Sat",177,15200,0,0,41,120,"GC10"
2024-06-30,"Sun",209,15100,0,1,14,144,"GC10"
2024-07-01,"Mon",170,11000,11,1,30,76,"GC10"
2024-07-02,"Tue",133,11300,6,0,45,74,"GC10"
2024-07-03,"Wed",170,11200,4,0,41,88,"GC10"
2024-07-04,"Thu",147,11800,0,0,17,70,"GC10"
2024-07-05,"Fri",177,10400,16,1,22,93,"GC10"
2024-07-06,"Sat",194,15200,1,0,27,127,"GC10"
2024-07-07,"Sun",190,15200,1,0,21,132,"GC10"
2024-07-08,"Mon",217,9800,19,1,17,104,"GC10"
2024-07-09,"Tue",147,11300,4,0,31,68,"GC10"
2024-07-10,"Wed",199,10100,14,1,31,94,"GC10"
2024-07-11,"Thu",156,12100,1,0,38,78,"GC10"
2024-07-12,"Fri",185,11800,0,0,27,83,"GC10"
2024-07-13,"Sat",213,14050,4,0,25,143,"GC10"
2024-07-14,"Sun",180,15200,0,0,39,126,"GC10"
2024-07-15,"Mon",177,10400,14,1,47,91,"GC10"
2024-07-16,"Tue",131,11500,6,0,26,59,"GC10"
2024-07-17,"Wed",176,10600,9,1,25,81,"GC10"
2024-07-18,"Thu",163,10900,11,1,36,75,"GC10"
2024-07-19,"Fri",184,10100,14,1,61,96,"GC10"
2024-07-20,"Sat",198,15100,1,0,24,143,"GC10"
2024-07-21,"Sun",194,15100,0,0,26,143,"GC10"
2024-07-22,"Mon",186,10400,16,1,24,99,"GC10"
2024-07-23,"Tue",188,10000,14,0,28,92,"GC10"
2024-07-24,"Wed",165,12200,0,0,7,87,"GC10"
2024-07-25,"Thu",171,10600,9,1,31,75,"GC10"
2024-07-26,"Fri",165,11900,0,0,12,83,"GC10"
2024-07-27,"Sat",178,15100,0,0,38,128,"GC10"
2024-07-28,"Sun",201,14800,0,0,7,142,"GC10"
2024-07-29,"Mon",169,11500,4,0,24,78,"GC10"
2024-07-30,"Tue",148,11800,0,0,27,75,"GC10"
2024-07-31,"Wed",169,10600,9,1,27,78,"GC10"
2024-08-01,"Thu",157,11500,4,0,34,85,"GC10"
2024-08-02,"Fri",154,11900,1,0,20,79,"GC10"
2024-08-03,"Sat",186,15100,1,0,35,134,"GC10"
2024-08-04,"Sun",218,14800,0,0,8,151,"GC10"
2024-08-05,"Mon",119,11300,6,1,79,58,"GC10"
2024-08-06,"Tue",153,11900,0,1,6,80,"GC10"
2024-08-07,"Wed",180,10600,11,1,25,92,"GC10"
2024-08-08,"Thu",141,11200,4,0,25,68,"GC10"
2024-08-09,"Fri",195,11900,0,0,12,102,"GC10"
2024-08-10,"Sat",165,15200,0,0,65,121,"GC10"
2024-08-11,"Sun",192,13300,11,1,47,143,"GC10"
2024-08-12,"Mon",166,11200,4,0,21,89,"GC10"
2024-08-13,"Tue",169,11800,1,1,12,84,"GC10"
2024-08-14,"Wed",140,11300,4,0,29,75,"GC10"
2024-08-15,"Thu",177,11500,4,1,4,87,"GC10"
2024-08-16,"Fri",134,11900,1,0,51,61,"GC10"
2024-08-17,"Sat",224,13400,11,1,20,160,"GC10"
2024-08-18,"Sun",207,14900,0,0,28,137,"GC10"
2024-08-19,"Mon",138,11800,0,0,41,68,"GC10"
2024-08-20,"Tue",188,10400,16,1,16,106,"GC10"
2024-08-21,"Wed",137,11900,0,0,46,68,"GC10"
2024-08-22,"Thu",134,12100,0,0,26,68,"GC10"
2024-08-23,"Fri",183,11200,6,0,18,92,"GC10"
2024-08-24,"Sat",241,12850,14,1,20,175,"GC10"
2024-08-25,"Sun",194,14800,1,0,35,132,"GC10"
2024-08-26,"Mon",135,11900,0,0,38,62,"GC10"
2024-08-27,"Tue",172,11500,4,1,9,78,"GC10"
2024-08-28,"Wed",121,11900,0,0,42,60,"GC10"
2024-08-29,"Thu",192,10000,14,1,11,104,"GC10"
2024-08-30,"Fri",151,11900,1,0,31,78,"GC10"
2024-08-31,"Sat",157,15100,0,0,47,118,"GC10"
2024-09-01,"Sun",165,15100,0,0,57,119,"GC10"
2024-09-02,"Mon",168,12100,0,0,13,82,"GC10"
2024-09-03,"Tue",201,10600,9,1,5,101,"GC10"
2024-09-04,"Wed",150,11900,0,0,35,62,"GC10"
2024-09-05,"Thu",157,12200,1,0,10,72,"GC10"
2024-09-06,"Fri",147,11900,0,0,54,74,"GC10"
2024-09-07,"Sat",182,14800,1,0,29,127,"GC10"
2024-09-08,"Sun",215,12950,16,1,24,149,"GC10"
2024-09-09,"Mon",118,12100,0,0,42,58,"GC10"
2024-09-10,"Tue",182,11000,9,1,39,92,"GC10"
2024-09-11,"Wed",157,11500,6,0,38,82,"GC10"
2024-09-12,"Thu",178,10700,11,1,31,84,"GC10"
2024-09-13,"Fri",201,11500,4,0,16,84,"GC10"
2024-09-14,"Sat",244,13700,9,1,12,166,"GC10"
2024-09-15,"Sun",166,14800,1,0,31,121,"GC10"
2024-09-16,"Mon",156,10700,9,1,57,84,"GC10"
2024-09-17,"Tue",143,11900,1,1,22,70,"GC10"
2024-09-18,"Wed",122,12100,1,0,46,63,"GC10"
2024-09-19,"Thu",140,12200,1,0,23,77,"GC10"
2024-09-20,"Fri",171,12200,0,1,32,84,"GC10"
2024-09-21,"Sat",222,15100,0,0,1,158,"GC10"
2024-09-22,"Sun",205,14050,4,0,7,142,"GC10"
2024-09-23,"Mon",128,12200,1,0,40,67,"GC10"
2024-09-24,"Tue",167,11800,1,1,22,78,"GC10"
2024-09-25,"Wed",166,12100,0,0,15,96,"GC10"
2024-09-26,"Thu",192,11300,4,0,12,94,"GC10"
2024-09-27,"Fri",184,11500,6,0,14,89,"GC10"
2024-09-28,"Sat",197,13600,11,1,70,136,"GC10"
2024-09-29,"Sun",219,12950,16,1,36,156,"GC10"
2024-09-30,"Mon",153,11800,1,0,15,78,"GC10"
2024-10-01,"Tue",194,11300,4,1,7,95,"GC10"
2024-10-02,"Wed",189,10000,16,1,41,89,"GC10"
2024-10-03,"Thu",196,10700,11,1,40,96,"GC10"
2024-10-04,"Fri",209,11900,0,0,0,111,"GC10"
2024-10-05,"Sat",205,13400,11,1,55,140,"GC10"
2024-10-06,"Sun",188,14900,0,0,62,143,"GC10"
2024-10-07,"Mon",165,11800,1,0,26,67,"GC10"
2024-10-08,"Tue",164,11800,0,0,16,73,"GC10"
2024-10-09,"Wed",168,11500,6,0,24,87,"GC10"
2024-10-10,"Thu",157,11800,1,0,14,76,"GC10"
2024-10-11,"Fri",220,10300,14,1,27,117,"GC10"
2024-10-12,"Sat",233,14800,0,0,19,154,"GC10"
2024-10-13,"Sun",210,14350,6,0,25,146,"GC10"
2024-10-14,"Mon",229,9800,19,1,24,106,"GC10"
2024-10-15,"Tue",173,12200,1,0,8,98,"GC10"
2024-10-16,"Wed",223,10100,14,1,13,115,"GC10"
2024-10-17,"Thu",172,11800,0,1,23,76,"GC10"
2024-10-18,"Fri",190,10400,14,1,58,100,"GC10"
2024-10-19,"Sat",217,14800,1,0,20,141,"GC10"
2024-10-20,"Sun",209,13300,11,1,43,154,"GC10"
2024-10-21,"Mon",204,10600,9,1,17,99,"GC10"
2024-10-22,"Tue",206,10100,14,1,31,94,"GC10"
2024-10-23,"Wed",154,11800,1,0,26,80,"GC10"
2024-10-24,"Thu",182,11300,6,1,22,97,"GC10"
2024-10-25,"Fri",220,11500,6,1,23,111,"GC10"
2024-10-26,"Sat",228,14150,6,0,23,162,"GC10"
2024-10-27,"Sun",249,12950,16,1,25,178,"GC10"
2024-10-28,"Mon",208,10100,14,1,23,93,"GC10"
2024-10-29,"Tue",163,11800,1,0,33,75,"GC10"
2024-10-30,"Wed",180,11300,4,0,24,96,"GC10"
2024-10-31,"Thu",184,11500,6,1,32,81,"GC10"
2024-11-01,"Fri",229,10100,14,1,29,93,"GC10"
2024-11-02,"Sat",174,14800,1,0,56,109,"GC10"
2024-11-03,"Sun",218,15100,0,1,21,149,"GC10"
2024-11-04,"Mon",178,10700,11,1,35,95,"GC10"
2024-11-05,"Tue",189,11500,4,0,20,102,"GC10"
2024-11-06,"Wed",153,11600,6,0,52,82,"GC10"
2024-11-07,"Thu",231,10600,11,1,0,123,"GC10"
2024-11-08,"Fri",209,10700,11,0,22,110,"GC10"
2024-11-09,"Sat",221,14900,1,1,24,159,"GC10"
2024-11-10,"Sun",215,13400,9,1,37,155,"GC10"
2024-11-11,"Mon",196,10400,16,0,42,99,"GC10"
2024-11-12,"Tue",147,11200,6,0,35,63,"GC10"
2024-11-13,"Wed",158,11300,6,0,61,77,"GC10"
2024-11-14,"Thu",175,10400,16,1,58,91,"GC10"
2024-11-15,"Fri",181,11600,6,0,31,93,"GC10"
2024-11-16,"Sat",243,14800,0,1,10,163,"GC10"
2024-11-17,"Sun",239,13600,9,1,35,154,"GC10"
2024-11-18,"Mon",163,11900,1,0,22,80,"GC10"
2024-11-19,"Tue",106,12100,1,0,80,50,"GC10"
2024-11-20,"Wed",171,10000,14,1,60,84,"GC10"
2024-11-21,"Thu",166,11900,1,0,13,76,"GC10"
2024-11-22,"Fri",197,11800,1,1,15,109,"GC10"
2024-11-23,"Sat",214,14450,6,0,29,149,"GC10"
2024-11-24,"Sun",203,15200,1,0,26,134,"GC10"
2024-11-25,"Mon",155,11800,0,0,29,73,"GC10"
2024-11-26,"Tue",145,11600,6,0,39,65,"GC10"
2024-11-27,"Wed",187,10000,14,1,27,98,"GC10"
2024-11-28,"Thu",179,10700,9,1,54,96,"GC10"
2024-11-29,"Fri",185,11900,1,0,36,86,"GC10"
2024-11-30,"Sat",209,14800,1,0,9,141,"GC10"
2024-12-01,"Sun",193,15200,1,0,20,132,"GC10"
2024-12-02,"Mon",174,10600,9,0,22,75,"GC10"
2024-12-03,"Tue",150,11200,4,0,19,74,"GC10"
2024-12-04,"Wed",138,11500,6,0,38,66,"GC10"
2024-12-05,"Thu",133,10900,11,1,71,65,"GC10"
2024-12-06,"Fri",186,11900,1,0,18,92,"GC10"
2024-12-07,"Sat",186,13300,11,1,60,121,"GC10"
2024-12-08,"Sun",210,14900,1,0,16,153,"GC10"
2024-12-09,"Mon",151,11600,4,0,21,73,"GC10"
2024-12-10,"Tue",147,10700,9,1,57,74,"GC10"
2024-12-11,"Wed",181,11600,4,1,16,86,"GC10"
2024-12-12,"Thu",150,10600,9,1,63,76,"GC10"
2024-12-13,"Fri",137,11800,0,0,42,67,"GC10"
2024-12-14,"Sat",214,14450,4,1,6,158,"GC10"
2024-12-15,"Sun",217,14800,0,0,6,150,"GC10"
2024-12-16,"Mon",145,11900,1,0,48,66,"GC10"
2024-12-17,"Tue",180,10900,11,1,16,109,"GC10"
2024-12-18,"Wed",155,11800,0,1,28,86,"GC10"
2024-12-19,"Thu",125,11800,1,1,48,59,"GC10"
2024-12-20,"Fri",231,11000,9,1,11,107,"GC10"
2024-12-21,"Sat",198,15100,1,0,12,152,"GC10"
2024-12-22,"Sun",219,14450,4,0,10,152,"GC10"
2024-12-23,"Mon",151,11200,4,0,38,76,"GC10"
2024-12-24,"Tue",157,11600,6,0,31,86,"GC10"
2024-12-25,"Wed",190,9700,19,1,18,93,"GC10"
2024-12-26,"Thu",167,11500,4,1,17,81,"GC10"
2024-12-27,"Fri",169,12200,1,0,17,90,"GC10"
2024-12-28,"Sat",187,14800,1,0,25,125,"GC10"
2024-12-29,"Sun",217,13400,11,1,35,148,"GC10"
2024-12-30,"Mon",150,12200,1,0,19,71,"GC10"
2024-12-31,"Tue",168,11900,0,0,4,78,"GC10"
2025-01-01,"Wed",102,12200,0,0,66,48,"GC10"
2025-01-02,"Thu",128,11300,6,0,46,61,"GC10"
2025-01-03,"Fri",164,11900,0,0,20,73,"GC10"
2025-01-04,"Sat",191,14900,1,0,33,127,"GC10"
2025-01-05,"Sun",204,14800,0,0,16,143,"GC10"
2025-01-06,"Mon",162,11900,1,0,15,88,"GC10"
2025-01-07,"Tue",167,10600,9,1,32,88,"GC10"
2025-01-08,"Wed",160,12200,0,1,28,75,"GC10"
2025-01-09,"Thu",153,12200,0,1,28,77,"GC10"
2025-01-10,"Fri",228,9400,19,1,25,107,"GC10"
2025-01-11,"Sat",198,14050,4,0,20,151,"GC10"
2025-01-12,"Sun",230,12650,16,0,32,158,"GC10"
2025-01-13,"Mon",173,10700,11,1,13,85,"GC10"
2025-01-14,"Tue",219,9700,19,1,0,111,"GC10"
2025-01-15,"Wed",150,11500,6,0,32,68,"GC10"
2025-01-16,"Thu",132,11800,0,0,52,65,"GC10"
2025-01-17,"Fri",214,10700,11,1,24,112,"GC10"
2025-01-18,"Sat",239,12650,16,1,4,161,"GC10"
2025-01-19,"Sun",195,15100,0,0,28,135,"GC10"
2025-01-20,"Mon",159,11900,1,1,18,74,"GC10"
2025-01-21,"Tue",152,11600,6,1,50,70,"GC10"
2025-01-22,"Wed",181,9800,20,1,22,89,"GC10"
2025-01-23,"Thu",204,10300,14,1,1,108,"GC10"
2025-01-24,"Fri",187,12200,0,1,3,97,"GC10"
2025-01-25,"Sat",204,15100,1,1,27,139,"GC10"
2025-01-26,"Sun",225,12950,16,1,37,149,"GC10"
2025-01-27,"Mon",193,10000,16,0,6,93,"GC10"
2025-01-28,"Tue",167,10100,16,1,40,85,"GC10"
2025-01-29,"Wed",201,10700,9,1,8,92,"GC10"
2025-01-30,"Thu",144,12200,0,0,29,58,"GC10"
2025-01-31,"Fri",176,12200,0,0,20,76,"GC10"
2025-02-01,"Sat",219,14150,4,1,20,150,"GC10"
2025-02-02,"Sun",192,14900,1,0,43,141,"GC10"
2025-02-03,"Mon",198,9800,19,1,19,91,"GC10"
2025-02-04,"Tue",146,12200,0,0,33,60,"GC10"
2025-02-05,"Wed",185,11000,9,1,21,97,"GC10"
2025-02-06,"Thu",150,11800,1,0,11,78,"GC10"
2025-02-07,"Fri",166,11600,6,0,48,76,"GC10"
2025-02-08,"Sat",242,14150,4,1,0,163,"GC10"
2025-02-09,"Sun",200,14150,6,0,32,134,"GC10"
2025-02-10,"Mon",126,12100,1,0,38,56,"GC10"
2025-02-11,"Tue",200,10300,16,1,6,95,"GC10"
2025-02-12,"Wed",163,10300,14,1,50,78,"GC10"
2025-02-13,"Thu",154,11000,11,1,49,77,"GC10"
2025-02-14,"Fri",196,10600,9,1,18,105,"GC10"
2025-02-15,"Sat",199,14350,6,0,22,148,"GC10"
2025-02-16,"Sun",201,13300,9,1,49,138,"GC10"
2025-02-17,"Mon",137,12200,0,0,32,71,"GC10"
2025-02-18,"Tue",188,10700,9,1,12,92,"GC10"
2025-02-19,"Wed",133,12200,0,0,37,70,"GC10"
2025-02-20,"Thu",158,11900,1,1,21,77,"GC10"
2025-02-21,"Fri",143,10700,9,1,73,72,"GC10"
2025-02-22,"Sat",228,12650,16,1,41,159,"GC10"
2025-02-23,"Sun",187,14800,1,0,21,134,"GC10"
2025-02-24,"Mon",169,11900,0,1,1,80,"GC10"
2025-02-25,"Tue",192,10600,11,1,22,88,"GC10"
2025-02-26,"Wed",136,12200,1,1,47,63,"GC10"
2025-02-27,"Thu",150,11800,1,0,32,72,"GC10"
2025-02-28,"Fri",189,11600,6,0,0,96,"GC10"
2025-03-01,"Sat",211,15200,1,0,23,146,"GC10"
2025-03-02,"Sun",224,13300,11,0,17,174,"GC10"
2025-03-03,"Mon",128,11900,0,0,57,61,"GC10"
2025-03-04,"Tue",166,12200,0,0,18,89,"GC10"
2025-03-05,"Wed",215,10300,14,1,16,105,"GC10"
2025-03-06,"Thu",188,10100,14,1,21,95,"GC10"
2025-03-07,"Fri",221,10600,9,1,23,116,"GC10"
2025-03-08,"Sat",183,14900,0,0,48,121,"GC10"
2025-03-09,"Sun",186,14350,6,0,53,128,"GC10"
2025-03-10,"Mon",213,10000,16,1,24,100,"GC10"
2025-03-11,"Tue",161,11200,4,0,38,83,"GC10"
2025-03-12,"Wed",155,12100,0,0,32,75,"GC10"
2025-03-13,"Thu",185,11500,4,0,17,87,"GC10"
2025-03-14,"Fri",195,12100,0,1,20,98,"GC10"
2025-03-15,"Sat",210,13300,11,1,42,147,"GC10"
2025-03-16,"Sun",216,15200,1,0,19,158,"GC10"
2025-03-17,"Mon",161,11600,4,0,27,84,"GC10"
2025-03-18,"Tue",181,11800,1,1,3,87,"GC10"
2025-03-19,"Wed",169,10900,11,1,35,92,"GC10"
2025-03-20,"Thu",179,11300,6,0,1,95,"GC10"
2025-03-21,"Fri",173,11600,6,1,37,96,"GC10"
2025-03-22,"Sat",224,14150,4,0,5,157,"GC10"
2025-03-23,"Sun",255,12200,19,1,18,180,"GC10"
2025-03-24,"Mon",215,10100,16,1,7,125,"GC10"
2025-03-25,"Tue",159,11800,0,0,31,77,"GC10"
2025-03-26,"Wed",194,10400,16,1,21,103,"GC10"
2025-03-27,"Thu",167,11500,6,0,24,85,"GC10"
2025-03-28,"Fri",176,12200,0,0,22,85,"GC10"
2025-03-29,"Sat",222,12550,16,1,56,159,"GC10"
2025-03-30,"Sun",207,15100,0,1,29,147,"GC10"
2025-03-31,"Mon",162,12200,0,0,26,86,"GC10"
2025-04-01,"Tue",207,10700,9,0,15,95,"GC10"
2025-04-02,"Wed",165,11900,1,0,33,92,"GC10"
2025-04-03,"Thu",171,11900,1,0,34,94,"GC10"
2025-04-04,"Fri",247,9700,20,1,20,133,"GC10"
2025-04-05,"Sat",241,14050,4,0,20,165,"GC10"
2025-04-06,"Sun",207,15200,0,0,34,139,"GC10"
2025-04-07,"Mon",193,10900,11,1,32,100,"GC10"
2025-04-08,"Tue",181,11500,4,0,21,88,"GC10"
2025-04-09,"Wed",139,12200,1,0,41,70,"GC10"
2025-04-10,"Thu",167,12100,1,0,23,89,"GC10"
2025-04-11,"Fri",201,10900,9,1,24,107,"GC10"
2025-04-12,"Sat",221,14450,4,0,25,161,"GC10"
2025-04-13,"Sun",247,12200,19,1,16,179,"GC10"
2025-04-14,"Mon",177,11900,1,0,30,87,"GC10"
2025-04-15,"Tue",156,11800,0,0,38,71,"GC10"
2025-04-16,"Wed",150,11200,6,0,39,72,"GC10"
2025-04-17,"Thu",190,10600,11,1,46,98,"GC10"
2025-04-18,"Fri",239,11000,9,1,3,117,"GC10"
2025-04-19,"Sat",218,13400,11,1,38,141,"GC10"
2025-04-20,"Sun",234,15200,0,1,10,166,"GC10"
2025-04-21,"Mon",151,12200,0,0,69,72,"GC10"
2025-04-22,"Tue",212,9500,19,1,34,106,"GC10"
2025-04-23,"Wed",136,11800,0,0,45,63,"GC10"
2025-04-24,"Thu",148,12200,1,0,41,63,"GC10"
2025-04-25,"Fri",213,10600,11,1,24,107,"GC10"
2025-04-26,"Sat",248,11800,20,1,24,189,"GC10"
2025-04-27,"Sun",225,13400,11,1,45,145,"GC10"
2025-04-28,"Mon",185,11000,11,1,29,100,"GC10"
2025-04-29,"Tue",210,10900,11,1,12,104,"GC10"
2025-04-30,"Wed",180,11800,1,0,6,85,"GC10"
2025-05-01,"Thu",213,10900,9,1,27,101,"GC10"
2025-05-02,"Fri",206,11500,4,1,22,109,"GC10"
2025-05-03,"Sat",235,14450,4,0,6,176,"GC10"
2025-05-04,"Sun",234,13600,9,1,43,152,"GC10"
2025-05-05,"Mon",183,11500,4,0,23,93,"GC10"
2025-05-06,"Tue",157,11900,0,1,46,73,"GC10"
2025-05-07,"Wed",180,11200,6,0,7,91,"GC10"
2025-05-08,"Thu",199,11200,6,0,4,94,"GC10"
2025-05-09,"Fri",196,11500,4,0,20,93,"GC10"
2025-05-10,"Sat",221,14050,6,0,27,162,"GC10"
2025-05-11,"Sun",248,13700,9,1,20,178,"GC10"
2025-05-12,"Mon",181,12100,0,0,26,78,"GC10"
2025-05-13,"Tue",174,11500,4,0,23,83,"GC10"
2025-05-14,"Wed",163,11900,1,0,30,83,"GC10"
2025-05-15,"Thu",208,10700,11,1,22,113,"GC10"
2025-05-16,"Fri",212,10600,9,1,43,96,"GC10"
2025-05-17,"Sat",221,14800,1,0,14,153,"GC10"
2025-05-18,"Sun",240,13600,11,1,44,167,"GC10"
2025-05-19,"Mon",162,11800,0,0,49,80,"GC10"
2025-05-20,"Tue",145,12200,1,1,64,61,"GC10"
2025-05-21,"Wed",172,11600,6,0,36,91,"GC10"
2025-05-22,"Thu",203,11500,4,0,5,93,"GC10"
2025-05-23,"Fri",180,12100,0,0,22,91,"GC10"
2025-05-24,"Sat",213,15200,1,0,36,144,"GC10"
2025-05-25,"Sun",220,13700,9,1,55,157,"GC10"
2025-05-26,"Mon",177,11000,11,1,48,81,"GC10"
2025-05-27,"Tue",212,10000,14,1,30,96,"GC10"
2025-05-28,"Wed",167,12100,0,0,24,85,"GC10"
2025-05-29,"Thu",183,12100,1,1,29,89,"GC10"
2025-05-30,"Fri",233,10400,16,1,16,121,"GC10"
2025-05-31,"Sat",244,13600,11,1,15,177,"GC10"
2025-06-01,"Sun",215,14900,1,0,8,143,"GC10"
2025-06-02,"Mon",154,11800,0,1,18,82,"GC10"
2025-06-03,"Tue",151,10700,9,1,33,87,"GC10"
2025-06-04,"Wed",152,10100,14,1,50,81,"GC10"
2025-06-05,"Thu",163,10600,11,1,35,81,"GC10"
2025-06-06,"Fri",202,10100,16,1,27,110,"GC10"
2025-06-07,"Sat",204,15200,0,0,23,136,"GC10"
2025-06-08,"Sun",241,14450,6,1,4,162,"GC10"
2025-06-09,"Mon",165,12200,0,0,29,83,"GC10"
2025-06-10,"Tue",204,10000,16,1,3,110,"GC10"
2025-06-11,"Wed",139,11800,0,0,45,75,"GC10"
2025-06-12,"Thu",210,9400,19,1,12,105,"GC10"
2025-06-13,"Fri",183,12200,0,0,12,74,"GC10"
2025-06-14,"Sat",214,12550,14,1,56,147,"GC10"
2025-06-15,"Sun",196,14800,0,0,17,138,"GC10"
2025-06-16,"Mon",166,11600,4,0,10,73,"GC10"
2025-06-17,"Tue",127,11800,1,1,49,65,"GC10"
2025-06-18,"Wed",140,11900,0,0,19,79,"GC10"
2025-06-19,"Thu",161,11900,1,0,4,80,"GC10"
2025-06-20,"Fri",168,12200,1,0,37,84,"GC10"
2025-06-21,"Sat",185,14800,1,0,33,133,"GC10"
2025-06-22,"Sun",181,13400,9,1,60,126,"GC10"
2025-06-23,"Mon",156,11600,6,0,29,83,"GC10"
2025-06-24,"Tue",150,11800,1,0,32,77,"GC10"
2025-06-25,"Wed",156,12100,0,0,40,77,"GC10"
2025-06-26,"Thu",176,10100,14,1,26,92,"GC10"
2025-06-27,"Fri",167,11200,4,0,22,94,"GC10"
2025-06-28,"Sat",219,14350,4,1,14,156,"GC10"
2025-06-29,"Sun",184,14450,6,0,55,133,"GC10"
2025-06-30,"Mon",185,10600,11,1,20,100,"GC10"
2025-07-01,"Tue",154,11300,4,0,48,84,"GC10"
2025-07-02,"Wed",146,11900,1,0,38,66,"GC10"
2025-07-03,"Thu",116,11800,0,0,52,52,"GC10"
2025-07-04,"Fri",171,10900,11,1,46,72,"GC10"
2025-07-05,"Sat",205,13400,11,1,48,135,"GC10"
2025-07-06,"Sun",251,12550,16,1,13,169,"GC10"
2025-07-07,"Mon",140,11600,6,1,28,72,"GC10"
2025-07-08,"Tue",156,12200,0,0,13,87,"GC10"
2025-07-09,"Wed",152,11200,6,0,38,73,"GC10"
2025-07-10,"Thu",142,12200,1,0,22,72,"GC10"
2025-07-11,"Fri",164,11300,6,0,39,88,"GC10"
2025-07-12,"Sat",201,15200,1,0,4,129,"GC10"
2025-07-13,"Sun",239,13600,9,1,12,163,"GC10"
2025-07-14,"Mon",161,11300,6,0,22,77,"GC10"
2025-07-15,"Tue",167,11000,9,1,24,88,"GC10"
2025-07-16,"Wed",134,11800,1,1,55,68,"GC10"
2025-07-17,"Thu",183,10300,14,1,13,90,"GC10"
2025-07-18,"Fri",181,12100,0,0,6,91,"GC10"
2025-07-19,"Sat",238,13600,9,1,9,167,"GC10"
2025-07-20,"Sun",214,14050,6,0,17,148,"GC10"
2025-07-21,"Mon",210,10000,14,1,5,104,"GC10"
2025-07-22,"Tue",118,12200,0,0,57,50,"GC10"
2025-07-23,"Wed",152,11300,6,0,11,85,"GC10"
2025-07-24,"Thu",182,11800,1,0,5,92,"GC10"
2025-07-25,"Fri",140,12200,1,0,63,70,"GC10"
2025-07-26,"Sat",177,15100,1,0,49,129,"GC10"
2025-07-27,"Sun",196,15200,0,1,25,124,"GC10"
2025-07-28,"Mon",140,10000,14,1,65,71,"GC10"
2025-07-29,"Tue",145,9800,20,1,55,73,"GC10"
2025-07-30,"Wed",159,10100,14,1,66,73,"GC10"
2025-07-31,"Thu",143,11800,0,0,27,70,"GC10"
2025-08-01,"Fri",193,11200,6,0,9,92,"GC10"
2025-08-02,"Sat",215,15100,0,0,20,141,"GC10"
2025-08-03,"Sun",240,13400,11,1,10,159,"GC10"
2025-08-04,"Mon",145,12100,0,0,20,68,"GC10"
2025-08-05,"Tue",154,10300,14,1,47,81,"GC10"
2025-08-06,"Wed",141,10900,9,1,56,72,"GC10"
2025-08-07,"Thu",134,11900,0,0,30,69,"GC10"
2025-08-08,"Fri",190,11800,0,1,19,93,"GC10"
2025-08-09,"Sat",215,15200,0,0,20,150,"GC10"
2025-08-10,"Sun",184,13600,11,1,61,136,"GC10"
2025-08-11,"Mon",180,10900,9,1,14,94,"GC10"
2025-08-12,"Tue",169,11800,1,0,14,83,"GC10"
2025-08-13,"Wed",152,11800,0,1,32,76,"GC10"
2025-08-14,"Thu",151,12100,1,1,33,78,"GC10"
2025-08-15,"Fri",187,10600,11,1,24,88,"GC10"
2025-08-16,"Sat",235,13700,9,1,6,165,"GC10"
2025-08-17,"Sun",165,15100,1,0,53,114,"GC10"
2025-08-18,"Mon",145,11200,4,0,48,83,"GC10"
2025-08-19,"Tue",148,11900,1,0,8,71,"GC10"
2025-08-20,"Wed",175,11500,4,1,20,80,"GC10"
2025-08-21,"Thu",158,11200,6,0,27,81,"GC10"
2025-08-22,"Fri",167,11600,6,1,39,76,"GC10"
2025-08-23,"Sat",252,11800,19,1,14,168,"GC10"
2025-08-24,"Sun",164,15200,1,1,57,117,"GC10"
2025-08-25,"Mon",152,11900,0,0,16,68,"GC10"
2025-08-26,"Tue",185,10000,14,1,28,92,"GC10"
2025-08-27,"Wed",160,12200,0,1,10,72,"GC10"
2025-08-28,"Thu",145,11900,0,0,34,64,"GC10"
2025-08-29,"Fri",224,10000,16,1,5,117,"GC10"
2025-08-30,"Sat",254,11800,19,1,9,189,"GC10"
2025-08-31,"Sun",178,15200,0,0,21,126,"GC10"
2025-09-01,"Mon",155,10900,9,1,48,70,"GC10"
2025-09-02,"Tue",179,10900,9,1,28,81,"GC10"
2025-09-03,"Wed",155,11200,6,0,33,69,"GC10"
2025-09-04,"Thu",206,10100,14,1,12,109,"GC10"
2025-09-05,"Fri",222,10100,16,1,12,109,"GC10"
2025-09-06,"Sat",186,15100,0,0,26,136,"GC10"
2025-09-07,"Sun",208,15100,0,0,12,145,"GC10"
2025-09-08,"Mon",181,11000,9,1,11,89,"GC10"
2025-09-09,"Tue",188,10600,9,1,9,103,"GC10"
2025-09-10,"Wed",155,12200,0,1,23,73,"GC10"
2025-09-11,"Thu",198,9400,19,1,24,108,"GC10"
2025-09-12,"Fri",140,11900,1,1,69,67,"GC10"
2025-09-13,"Sat",198,14900,1,0,23,133,"GC10"
2025-09-14,"Sun",205,14900,0,0,13,143,"GC10"
2025-09-15,"Mon",150,12200,1,0,14,69,"GC10"
2025-09-16,"Tue",176,11900,0,0,18,88,"GC10"
2025-09-17,"Wed",168,11800,1,1,14,86,"GC10"
2025-09-18,"Thu",114,12200,1,1,68,49,"GC10"
2025-09-19,"Fri",160,11500,4,0,36,79,"GC10"
2025-09-20,"Sat",202,14150,6,0,33,144,"GC10"
2025-09-21,"Sun",246,13400,9,1,8,194,"GC10"
2025-09-22,"Mon",156,11600,6,0,23,80,"GC10"
2025-09-23,"Tue",151,12100,0,0,24,81,"GC10"
2025-09-24,"Wed",185,10700,9,1,26,82,"GC10"
2025-09-25,"Thu",110,11500,4,0,64,67,"GC10"
2025-09-26,"Fri",182,11900,0,0,14,95,"GC10"
2025-09-27,"Sat",192,14900,0,0,27,130,"GC10"
2025-09-28,"Sun",220,12100,20,1,49,150,"GC10"
2025-09-29,"Mon",139,11500,6,0,30,75,"GC10"
2025-09-30,"Tue",135,12200,1,0,22,74,"GC10"
2025-10-01,"Wed",231,9500,19,0,5,110,"GC10"
2025-10-02,"Thu",174,12100,1,0,11,91,"GC10"
2025-10-03,"Fri",184,11200,4,0,30,91,"GC10"
2025-10-04,"Sat",199,14450,6,1,59,137,"GC10"
2025-10-05,"Sun",229,15200,1,0,4,162,"GC10"
2025-10-06,"Mon",196,11000,9,1,21,102,"GC10"
2025-10-07,"Tue",205,10000,14,1,27,97,"GC10"
2025-10-08,"Wed",183,11800,1,0,2,93,"GC10"
2025-10-09,"Thu",199,10600,11,1,14,107,"GC10"
2025-10-10,"Fri",225,10700,11,1,12,116,"GC10"
2025-10-11,"Sat",182,15200,1,0,82,126,"GC10"
2025-10-12,"Sun",242,13600,9,1,25,166,"GC10"
2025-10-13,"Mon",149,11600,6,0,32,68,"GC10"
2025-10-14,"Tue",177,11000,9,1,40,94,"GC10"
2025-10-15,"Wed",185,11600,6,0,33,91,"GC10"
2025-10-16,"Thu",173,11000,9,1,46,90,"GC10"
2025-10-17,"Fri",211,10900,11,1,23,99,"GC10"
2025-10-18,"Sat",214,14900,1,0,23,150,"GC10"
2025-10-19,"Sun",221,14800,1,1,18,149,"GC10"
2025-10-20,"Mon",168,11000,9,1,42,86,"GC10"
2025-10-21,"Tue",183,11200,6,0,27,97,"GC10"
2025-10-22,"Wed",176,12100,1,1,9,79,"GC10"
2025-10-23,"Thu",207,10100,16,1,41,98,"GC10"
2025-10-24,"Fri",177,11900,0,0,23,89,"GC10"
2025-10-25,"Sat",235,13300,9,1,21,166,"GC10"
2025-10-26,"Sun",226,13400,11,1,31,148,"GC10"
2025-10-27,"Mon",188,10600,9,1,23,96,"GC10"
2025-10-28,"Tue",181,11000,9,1,22,85,"GC10"
2025-10-29,"Wed",189,9800,20,1,37,98,"GC10"
2025-10-30,"Thu",222,10400,14,1,25,104,"GC10"
2025-10-31,"Fri",203,10900,11,1,36,107,"GC10"
2025-11-01,"Sat",220,13400,11,1,44,135,"GC10"
2025-11-02,"Sun",210,14900,0,0,29,153,"GC10"
2025-11-03,"Mon",151,11600,6,0,35,81,"GC10"
2025-11-04,"Tue",103,11800,1,0,89,41,"GC10"
2025-11-05,"Wed",188,10600,11,1,23,88,"GC10"
2025-11-06,"Thu",198,10900,9,1,31,104,"GC10"
2025-11-07,"Fri",197,10000,16,1,36,97,"GC10"
2025-11-08,"Sat",198,12950,14,1,81,134,"GC10"
2025-11-09,"Sun",202,15200,0,1,25,136,"GC10"
2025-11-10,"Mon",158,12200,0,0,35,78,"GC10"
2025-11-11,"Tue",215,10900,9,1,5,112,"GC10"
2025-11-12,"Wed",185,11500,6,0,20,97,"GC10"
2025-11-13,"Thu",155,12200,0,0,18,84,"GC10"
2025-11-14,"Fri",192,10900,9,1,64,105,"GC10"
2025-11-15,"Sat",253,12650,16,1,13,176,"GC10"
2025-11-16,"Sun",202,14050,6,0,41,144,"GC10"
2025-11-17,"Mon",174,11300,4,0,16,88,"GC10"
2025-11-18,"Tue",143,12200,0,0,33,77,"GC10"
2025-11-19,"Wed",187,10900,9,1,23,95,"GC10"
2025-11-20,"Thu",178,11500,4,0,37,88,"GC10"
2025-11-21,"Fri",159,12200,0,0,48,65,"GC10"
2025-11-22,"Sat",231,13600,11,1,17,165,"GC10"
2025-11-23,"Sun",238,14050,4,0,10,158,"GC10"
2025-11-24,"Mon",215,9500,20,1,19,102,"GC10"
2025-11-25,"Tue",221,9400,20,1,9,120,"GC10"
2025-11-26,"Wed",186,11300,4,0,8,86,"GC10"
2025-11-27,"Thu",143,11500,4,0,48,65,"GC10"
2025-11-28,"Fri",186,12100,0,0,3,96,"GC10"
2025-11-29,"Sat",247,12650,14,1,13,169,"GC10"
2025-11-30,"Sun",147,14800,1,0,72,109,"GC10"
2025-12-01,"Mon",145,12100,0,0,18,81,"GC10"
2025-12-02,"Tue",220,9500,20,1,12,102,"GC10"
2025-12-03,"Wed",166,11800,1,0,13,84,"GC10"
2025-12-04,"Thu",170,11900,1,0,12,81,"GC10"
2025-12-05,"Fri",169,11000,11,1,43,86,"GC10"
2025-12-06,"Sat",238,12950,16,1,30,158,"GC10"
2025-12-07,"Sun",253,13700,9,1,11,170,"GC10"
2025-12-08,"Mon",159,11500,4,0,20,67,"GC10"
2025-12-09,"Tue",134,11900,0,0,48,67,"GC10"
2025-12-10,"Wed",150,11800,0,0,13,84,"GC10"
2025-12-11,"Thu",145,11900,1,0,32,72,"GC10"
2025-12-12,"Fri",219,9500,20,1,27,99,"GC10"
2025-12-13,"Sat",212,14150,6,1,19,151,"GC10"
2025-12-14,"Sun",207,14450,6,0,6,159,"GC10"
2025-12-15,"Mon",146,11300,4,0,14,81,"GC10"
2025-12-16,"Tue",180,11000,9,1,12,88,"GC10"
2025-12-17,"Wed",155,10100,16,1,47,74,"GC10"
2025-12-18,"Thu",141,11800,1,0,27,70,"GC10"
2025-12-19,"Fri",198,10900,9,1,20,96,"GC10"
2025-12-20,"Sat",214,15100,1,0,8,129,"GC10"
2025-12-21,"Sun",236,12950,16,1,21,182,"GC10"
2025-12-22,"Mon",117,11200,4,0,60,58,"GC10"
2025-12-23,"Tue",193,10400,16,1,18,98,"GC10"
2025-12-24,"Wed",196,10700,9,1,1,103,"GC10"
2025-12-25,"Thu",145,11900,1,0,22,78,"GC10"
2025-12-26,"Fri",175,11800,1,0,15,82,"GC10"
2025-12-27,"Sat",216,13400,11,1,21,172,"GC10"
2025-12-28,"Sun",204,14800,1,1,15,147,"GC10"
2025-12-29,"Mon",157,11200,6,0,37,80,"GC10"
2025-12-30,"Tue",139,12200,1,0,24,76,"GC10"
2025-12-31,"Wed",136,11800,0,0,35,64,"GC10"
2026-01-01,"Thu",154,12200,1,1,26,80,"GC10"
2026-01-02,"Fri",169,11300,6,0,34,87,"GC10"
2026-01-03,"Sat",208,15200,0,1,16,153,"GC10"
2026-01-04,"Sun",226,13400,9,1,21,155,"GC10"
2026-01-05,"Mon",145,10000,14,1,58,68,"GC10"
2026-01-06,"Tue",178,10000,14,1,18,94,"GC10"
2026-01-07,"Wed",177,10100,14,1,53,87,"GC10"
2026-01-08,"Thu",207,10300,16,1,8,108,"GC10"
2026-01-09,"Fri",190,11200,6,0,11,99,"GC10"
2026-01-10,"Sat",200,14450,6,0,29,131,"GC10"
2026-01-11,"Sun",187,14150,4,0,26,141,"GC10"
2026-01-12,"Mon",129,12200,1,0,49,64,"GC10"
2026-01-13,"Tue",170,11800,1,0,2,81,"GC10"
2026-01-14,"Wed",158,12200,0,0,5,76,"GC10"
2026-01-15,"Thu",151,12100,1,0,17,72,"GC10"
2026-01-16,"Fri",179,10900,11,1,38,89,"GC10"
2026-01-17,"Sat",237,13400,9,0,16,163,"GC10"
2026-01-18,"Sun",167,14900,1,0,46,119,"GC10"
2026-01-19,"Mon",187,10700,11,1,20,90,"GC10"
2026-01-20,"Tue",161,12100,1,0,29,75,"GC10"
2026-01-21,"Wed",213,10100,14,1,14,100,"GC10"
2026-01-22,"Thu",172,11200,4,0,25,85,"GC10"
2026-01-23,"Fri",186,11300,6,0,8,98,"GC10"
2026-01-24,"Sat",183,14900,0,0,46,133,"GC10"
2026-01-25,"Sun",200,14900,0,0,23,137,"GC10"
2026-01-26,"Mon",175,10900,9,1,15,93,"GC10"
2026-01-27,"Tue",187,11000,11,1,14,96,"GC10"
2026-01-28,"Wed",157,11800,1,0,25,81,"GC10"
2026-01-29,"Thu",142,12200,0,0,39,69,"GC10"
2026-01-30,"Fri",193,10100,16,1,42,96,"GC10"
2026-01-31,"Sat",218,13600,9,1,41,149,"GC10"
2026-02-01,"Sun",208,14800,0,0,10,138,"GC10"
2026-02-02,"Mon",158,12200,1,0,0,75,"GC10"
2026-02-03,"Tue",148,12100,0,1,29,70,"GC10"
2026-02-04,"Wed",199,10000,14,1,21,94,"GC10"
2026-02-05,"Thu",179,10900,9,1,19,92,"GC10"
2026-02-06,"Fri",170,10900,9,1,41,75,"GC10"
2026-02-07,"Sat",218,14350,6,0,12,155,"GC10"
2026-02-08,"Sun",213,14350,6,1,23,152,"GC10"
2026-02-09,"Mon",197,10600,9,1,6,100,"GC10"
2026-02-10,"Tue",195,11000,11,1,13,91,"GC10"
2026-02-11,"Wed",138,12200,0,0,14,65,"GC10"
2026-02-12,"Thu",163,11600,6,1,30,82,"GC10"
2026-02-13,"Fri",174,12200,1,0,13,86,"GC10"
2026-02-14,"Sat",194,14800,1,0,21,129,"GC10"
2026-02-15,"Sun",166,15200,1,0,46,114,"GC10"
2026-02-16,"Mon",140,11900,0,0,36,70,"GC10"
2026-02-17,"Tue",136,12100,0,0,24,65,"GC10"
2026-02-18,"Wed",162,11900,0,0,10,84,"GC10"
2026-02-19,"Thu",162,11500,6,0,20,73,"GC10"
2026-02-20,"Fri",127,11800,0,0,69,63,"GC10"
2026-02-21,"Sat",231,12650,14,1,31,158,"GC10"
2026-02-22,"Sun",210,14900,0,1,8,155,"GC10"
2026-02-23,"Mon",141,12200,1,0,8,74,"GC10"
2026-02-24,"Tue",162,11900,0,0,19,74,"GC10"
2026-02-25,"Wed",166,11600,6,0,17,76,"GC10"
2026-02-26,"Thu",139,11500,4,0,53,69,"GC10"
2026-02-27,"Fri",165,11900,1,0,9,84,"GC10"
2026-02-28,"Sat",194,14800,1,0,32,134,"GC10"
2026-03-01,"Sun",198,15200,1,0,33,134,"GC10"
2026-03-02,"Mon",155,11500,4,1,40,67,"GC10"
2026-03-03,"Tue",144,12100,1,1,20,79,"GC10"
2026-03-04,"Wed",180,10900,11,1,17,79,"GC10"
2026-03-05,"Thu",176,11500,4,0,17,85,"GC10"
2026-03-06,"Fri",156,11600,4,0,44,81,"GC10"
2026-03-07,"Sat",180,14800,1,0,63,126,"GC10"
2026-03-08,"Sun",254,13300,11,1,10,174,"GC10"
2026-03-09,"Mon",169,10900,11,1,44,74,"GC10"
2026-03-10,"Tue",136,11900,1,0,54,64,"GC10"
2026-03-11,"Wed",161,11900,0,0,23,91,"GC10"
2026-03-12,"Thu",177,11300,6,0,26,85,"GC10"
2026-03-13,"Fri",194,11900,0,0,30,93,"GC10"
2026-03-14,"Sat",236,12850,14,1,29,174,"GC10"
2026-03-15,"Sun",221,15100,0,0,18,146,"GC10"
2026-03-16,"Mon",189,11200,6,1,49,97,"GC10"
2026-03-17,"Tue",197,10300,16,1,36,84,"GC10"
2026-03-18,"Wed",162,12200,0,0,13,87,"GC10"
2026-03-19,"Thu",171,11500,6,0,19,91,"GC10"
2026-03-20,"Fri",214,11000,11,1,22,103,"GC10"
2026-03-21,"Sat",200,14450,4,0,38,130,"GC10"
2026-03-22,"Sun",226,15200,1,1,17,150,"GC10"
2026-03-23,"Mon",185,11800,0,1,16,100,"GC10"
2026-03-24,"Tue",160,11900,0,0,20,78,"GC10"
2026-03-25,"Wed",155,11900,0,0,24,77,"GC10"
2026-03-26,"Thu",184,10600,11,1,34,97,"GC10"
2026-03-27,"Fri",187,11900,0,0,14,86,"GC10"
2026-03-28,"Sat",221,15100,0,0,8,155,"GC10"
2026-03-29,"Sun",178,15200,0,0,39,128,"GC10"
2026-03-30,"Mon",157,12100,0,0,34,73,"GC10"
2026-03-31,"Tue",194,10600,9,1,37,90,"GC10"
2026-04-01,"Wed",176,10400,14,1,53,94,"GC10"
2026-04-02,"Thu",204,10900,9,1,22,90,"GC10"
2026-04-03,"Fri",164,11800,0,1,55,85,"GC10"
2026-04-04,"Sat",223,15100,0,1,5,151,"GC10"
2026-04-05,"Sun",233,14350,4,0,12,171,"GC10"
2026-04-06,"Mon",167,12200,1,0,17,77,"GC10"
2026-04-07,"Tue",148,12200,1,0,59,75,"GC10"
2026-04-08,"Wed",174,11800,1,1,14,83,"GC10"
2026-04-09,"Thu",181,12100,1,0,1,85,"GC10"
2026-04-10,"Fri",193,10700,9,1,33,94,"GC10"
2026-04-11,"Sat",225,14900,1,0,16,158,"GC10"
2026-04-12,"Sun",185,15200,0,0,49,119,"GC10"
2026-04-13,"Mon",215,10300,16,1,10,115,"GC10"
2026-04-14,"Tue",179,11800,0,1,16,99,"GC10"
2026-04-15,"Wed",167,11600,4,0,60,90,"GC10"
2026-04-16,"Thu",224,10900,9,1,3,114,"GC10"
2026-04-17,"Fri",206,12100,0,0,12,103,"GC10"
2026-04-18,"Sat",248,12550,14,1,6,185,"GC10"
2026-04-19,"Sun",252,12850,16,1,16,181,"GC10"
2026-04-20,"Mon",176,11500,6,1,28,91,"GC10"
2026-04-21,"Tue",192,10400,16,1,27,87,"GC10"
2026-04-22,"Wed",174,11300,6,0,37,94,"GC10"
2026-04-23,"Thu",154,11200,6,0,38,71,"GC10"
2026-04-24,"Fri",227,10300,16,1,36,112,"GC10"
2026-04-25,"Sat",238,14900,0,0,5,162,"GC10"
2026-04-26,"Sun",210,14800,1,1,26,153,"GC10"
2026-04-27,"Mon",181,11800,0,0,19,90,"GC10"
2026-04-28,"Tue",200,11000,11,1,6,104,"GC10"
2026-04-29,"Wed",164,11900,1,0,39,88,"GC10"
2026-04-30,"Thu",167,12200,1,0,15,84,"GC10"
2026-05-01,"Fri",206,11200,4,0,27,95,"GC10"
2026-05-02,"Sat",237,15100,0,1,4,159,"GC10"
2026-05-03,"Sun",199,14800,1,0,49,136,"GC10"
2026-05-04,"Mon",176,11800,0,0,26,87,"GC10"
2026-05-05,"Tue",180,11800,1,0,27,89,"GC10"
2026-05-06,"Wed",133,12200,0,0,38,65,"GC10"
2026-05-07,"Thu",183,12200,1,0,14,88,"GC10"
2026-05-08,"Fri",211,10100,14,1,53,97,"GC10"
2026-05-09,"Sat",230,15100,1,0,10,167,"GC10"
2026-05-10,"Sun",234,14450,4,0,14,176,"GC10"
2026-05-11,"Mon",196,10900,11,1,23,94,"GC10"
2026-05-12,"Tue",196,10600,11,1,16,105,"GC10"
2026-05-13,"Wed",225,10400,14,1,13,102,"GC10"
2026-05-14,"Thu",171,12100,1,0,24,84,"GC10"
2026-05-15,"Fri",198,11200,4,0,17,112,"GC10"
2026-05-16,"Sat",248,13400,9,1,9,168,"GC10"
2026-05-17,"Sun",215,13400,11,1,44,154,"GC10"
2026-05-18,"Mon",160,11300,6,0,40,84,"GC10"
2026-05-19,"Tue",183,11500,4,0,21,89,"GC10"
2026-05-20,"Wed",199,10000,16,1,24,89,"GC10"
2026-05-21,"Thu",223,9700,20,1,3,93,"GC10"
2026-05-22,"Fri",204,12200,0,0,33,97,"GC10"
2026-05-23,"Sat",193,14900,0,0,48,124,"GC10"
2026-05-24,"Sun",252,12650,16,1,27,165,"GC10"
2026-05-25,"Mon",203,9400,19,1,32,90,"GC10"
2026-05-26,"Tue",166,12100,0,0,40,83,"GC10"
2026-05-27,"Wed",157,11500,6,0,49,90,"GC10"
2026-05-28,"Thu",217,10900,11,1,10,102,"GC10"
2026-05-29,"Fri",162,12200,0,0,51,74,"GC10"
2026-05-30,"Sat",224,15100,1,0,18,168,"GC10"
2026-05-31,"Sun",198,14900,1,0,38,134,"GC10"
2026-06-01,"Mon",145,12100,1,0,14,80,"GC10"
2026-06-02,"Tue",174,10600,9,1,32,79,"GC10"
2026-06-03,"Wed",144,11800,1,0,38,78,"GC10"
2026-06-04,"Thu",170,10700,9,1,30,80,"GC10"
2026-06-05,"Fri",180,10000,16,1,46,91,"GC10"
2026-06-06,"Sat",176,14350,4,0,36,113,"GC10"
2026-06-07,"Sun",202,15100,0,0,12,145,"GC10"
2026-06-08,"Mon",196,10000,14,1,22,102,"GC10"
2026-06-09,"Tue",143,11900,1,1,30,80,"GC10"
2026-06-10,"Wed",164,10700,9,1,40,91,"GC10"
2026-06-11,"Thu",149,11300,6,0,20,69,"GC10"
2026-06-12,"Fri",165,11900,1,0,23,79,"GC10"
2026-06-13,"Sat",190,14450,4,0,41,140,"GC10"
2026-06-14,"Sun",245,12950,14,1,18,180,"GC10"
2026-06-15,"Mon",163,11900,1,1,20,81,"GC10"
2026-06-16,"Tue",181,10600,11,1,3,90,"GC10"
2026-06-17,"Wed",166,11300,4,0,30,79,"GC10"
2026-06-18,"Thu",182,11800,1,0,8,91,"GC10"
2026-06-19,"Fri",174,11800,0,0,5,79,"GC10"
2026-06-20,"Sat",217,12850,14,0,39,153,"GC10"
2026-06-21,"Sun",217,14050,6,0,30,143,"GC10"
2026-06-22,"Mon",174,12100,0,0,9,79,"GC10"
2026-06-23,"Tue",190,11200,4,0,4,90,"GC10"
2026-06-24,"Wed",127,12200,0,0,50,69,"GC10"
2026-06-25,"Thu",178,10100,16,1,26,89,"GC10"
2026-06-26,"Fri",202,10600,9,1,13,95,"GC10"
2026-06-27,"Sat",184,15100,1,0,23,131,"GC10"
2026-06-28,"Sun",238,12950,16,1,0,171,"GC10"
2026-06-29,"Mon",156,11900,1,0,31,78,"GC10"
2026-06-30,"Tue",169,10300,14,0,41,93,"GC10"
2026-07-01,"Wed",162,11800,0,0,22,80,"GC10"
2026-07-02,"Thu",126,11900,1,0,47,66,"GC10"
2026-07-03,"Fri",178,11800,0,0,17,90,"GC10"
2026-07-04,"Sat",255,11800,20,1,9,177,"GC10"
2026-07-05,"Sun",230,13400,9,1,17,157,"GC10"
2026-07-06,"Mon",145,11200,6,1,34,65,"GC10"
2026-07-07,"Tue",172,10900,9,1,35,74,"GC10"
2026-07-08,"Wed",119,11900,0,0,59,62,"GC10"
2026-07-09,"Thu",159,12100,0,0,23,77,"GC10"
2026-07-10,"Fri",205,11600,4,1,6,105,"GC10"
2026-07-11,"Sat",201,15100,1,1,24,142,"GC10"
2026-07-12,"Sun",188,15200,1,0,23,145,"GC10"
2026-07-13,"Mon",166,12200,1,0,0,85,"GC10"
2026-07-14,"Tue",125,12100,1,0,40,64,"GC10"
2026-07-15,"Wed",182,12200,0,0,4,85,"GC10"
2026-07-16,"Thu",173,11800,0,0,13,85,"GC10"
2026-07-17,"Fri",187,12100,0,0,3,94,"GC10"
2026-07-18,"Sat",194,14900,1,1,30,143,"GC10"
2026-07-19,"Sun",195,12550,14,1,67,132,"GC10"
2026-07-20,"Mon",163,10600,11,1,26,76,"GC10"
2026-07-21,"Tue",117,11800,0,0,51,63,"GC10"
2026-07-22,"Wed",160,9500,19,1,50,84,"GC10"
2026-07-23,"Thu",170,10000,14,1,23,90,"GC10"
2026-07-24,"Fri",198,11500,6,0,0,86,"GC10"
2026-07-25,"Sat",246,13300,11,0,5,177,"GC10"
2026-07-26,"Sun",210,13400,9,1,33,147,"GC10"
2026-07-27,"Mon",133,12200,0,0,49,78,"GC10"
2026-07-28,"Tue",138,11900,0,0,20,65,"GC10"
2026-07-29,"Wed",159,10400,14,1,44,86,"GC10"
2026-07-30,"Thu",188,9700,19,1,32,93,"GC10"
2026-07-31,"Fri",176,11300,4,0,35,88,"GC10"
2026-08-01,"Sat",167,15200,1,0,49,118,"GC10"
2026-08-02,"Sun",164,15100,0,0,53,114,"GC10"
2026-08-03,"Mon",132,12100,1,1,32,72,"GC10"
2026-08-04,"Tue",160,11500,6,0,21,78,"GC10"
2026-08-05,"Wed",150,12200,1,0,16,84,"GC10"
2026-08-06,"Thu",129,12200,1,0,27,60,"GC10"
2026-08-07,"Fri",218,10900,9,1,9,113,"GC10"
2026-08-08,"Sat",192,15100,1,0,23,127,"GC10"
2026-08-09,"Sun",199,13400,11,1,31,127,"GC10"
2026-08-10,"Mon",142,11600,6,0,36,73,"GC10"
2026-08-11,"Tue",153,11900,1,1,19,81,"GC10"
2026-08-12,"Wed",140,12100,0,0,26,71,"GC10"
2026-08-13,"Thu",116,11900,0,0,48,63,"GC10"
2026-08-14,"Fri",146,12200,1,0,53,70,"GC10"
2026-08-15,"Sat",195,14800,1,0,27,134,"GC10"
2026-08-16,"Sun",203,15100,0,1,9,151,"GC10"
2026-08-17,"Mon",146,12200,1,1,35,75,"GC10"
2026-08-18,"Tue",144,12200,1,0,22,73,"GC10"
2026-08-19,"Wed",113,11800,0,0,48,55,"GC10"
2026-08-20,"Thu",166,12100,1,1,2,88,"GC10"
2026-08-21,"Fri",249,10100,14,1,4,109,"GC10"
2026-08-22,"Sat",208,15100,1,0,19,136,"GC10"
2026-08-23,"Sun",151,14900,0,0,58,101,"GC10"
2026-08-24,"Mon",151,11900,0,0,28,77,"GC10"
2026-08-25,"Tue",129,12200,0,0,34,63,"GC10"
2026-08-26,"Wed",143,11900,1,0,23,81,"GC10"
2026-08-27,"Thu",138,11800,0,1,43,66,"GC10"
2026-08-28,"Fri",202,10700,9,1,22,105,"GC10"
2026-08-29,"Sat",184,14900,1,0,10,122,"GC10"
2026-08-30,"Sun",185,15100,0,0,29,124,"GC10"
2026-08-31,"Mon",131,12100,1,0,44,72,"GC10"
2026-09-01,"Tue",,10900,11,1,17,91,"GC10"
2026-09-02,"Wed",,10600,9,0,28,73,"GC10"
2026-09-03,"Thu",,10700,9,1,21,102,"GC10"
2026-09-04,"Fri",,11800,0,0,45,72,"GC10"
2026-09-05,"Sat",,14900,1,0,13,133,"GC10"
2026-09-06,"Sun",,14800,0,1,58,119,"GC10"
2026-09-07,"Mon",,10300,14,1,54,84,"GC10"
2026-09-08,"Tue",,10100,14,1,36,77,"GC10"
2026-09-09,"Wed",,12100,0,0,30,80,"GC10"
2026-09-10,"Thu",,12100,1,1,52,58,"GC10"
2026-09-11,"Fri",,12100,1,0,47,78,"GC10"
2026-09-12,"Sat",,12200,19,1,13,167,"GC10"
2026-09-13,"Sun",,12850,14,1,15,177,"GC10"
2026-09-14,"Mon",,11200,6,1,0,98,"GC10"
2026-09-15,"Tue",,11900,0,1,11,79,"GC10"
2026-09-16,"Wed",,11600,6,1,54,71,"GC10"
2026-09-17,"Thu",,11900,0,0,42,79,"GC10"
2026-09-18,"Fri",,11600,4,0,14,88,"GC10"
2026-09-19,"Sat",,14800,0,0,46,114,"GC10"
2026-09-20,"Sun",,12550,14,1,9,177,"GC10"
2026-09-21,"Mon",,10900,11,1,16,81,"GC10"
2026-09-22,"Tue",,12200,0,0,32,72,"GC10"
2026-09-23,"Wed",,12100,1,0,71,53,"GC10"
2026-09-24,"Thu",,12200,0,0,24,75,"GC10"
2026-09-25,"Fri",,10900,11,1,19,96,"GC10"
2026-09-26,"Sat",,14900,0,0,23,134,"GC10"
2026-09-27,"Sun",,12200,20,1,12,173,"GC10"
2026-09-28,"Mon",,10300,16,1,51,78,"GC10"
2026-09-29,"Tue",,9800,20,1,4,117,"GC10"
2026-09-30,"Wed",,10900,9,1,1,95,"GC10"
